county_id,location_id,location_name,service_id,mapped_businesses,email_present_valid_format,confirmed_primary_vendor,confirmed_backup_vendor,coverage_evidence_ref,capacity_confirmed_at,owner,status,next_action
"morris","florham-park","Florham Park","handyman","5","1","","","","","","NEEDS_CONFIRMATION","Confirm contact, service and geography; record current capacity"
"morris","florham-park","Florham Park","masonry","3","3","","","","","","NEEDS_CONFIRMATION","Confirm contact, service and geography; record current capacity"
"morris","florham-park","Florham Park","landscaping","3","3","","","","","","NEEDS_CONFIRMATION","Confirm contact, service and geography; record current capacity"
"morris","florham-park","Florham Park","painting","6","4","","","","","","NEEDS_CONFIRMATION","Confirm contact, service and geography; record current capacity"
"morris","florham-park","Florham Park","drywall","6","3","","","","","","NEEDS_CONFIRMATION","Confirm contact, service and geography; record current capacity"
"morris","florham-park","Florham Park","tile","6","0","","","","","","NEEDS_CONFIRMATION","Confirm contact, service and geography; record current capacity"
"morris","florham-park","Florham Park","plumbing","4","2","","","","","","NEEDS_CONFIRMATION","Confirm contact, service and geography; record current capacity"
"morris","florham-park","Florham Park","electrical","8","2","","","","","","NEEDS_CONFIRMATION","Confirm contact, service and geography; record current capacity"
"morris","madison","Madison","handyman","8","1","","","","","","NEEDS_CONFIRMATION","Confirm contact, service and geography; record current capacity"
"morris","madison","Madison","masonry","5","3","","","","","","NEEDS_CONFIRMATION","Confirm contact, service and geography; record current capacity"
"morris","madison","Madison","landscaping","5","3","","","","","","NEEDS_CONFIRMATION","Confirm contact, service and geography; record current capacity"
"morris","madison","Madison","painting","11","4","","","","","","NEEDS_CONFIRMATION","Confirm contact, service and geography; record current capacity"
"morris","madison","Madison","drywall","9","3","","","","","","NEEDS_CONFIRMATION","Confirm contact, service and geography; record current capacity"
"morris","madison","Madison","tile","7","0","","","","","","NEEDS_CONFIRMATION","Confirm contact, service and geography; record current capacity"
"morris","madison","Madison","plumbing","7","2","","","","","","NEEDS_CONFIRMATION","Confirm contact, service and geography; record current capacity"
"morris","madison","Madison","electrical","9","1","","","","","","NEEDS_CONFIRMATION","Confirm contact, service and geography; record current capacity"
"morris","morris-township","Morris Township","handyman","3","1","","","","","","NEEDS_CONFIRMATION","Confirm contact, service and geography; record current capacity"
"morris","morris-township","Morris Township","masonry","2","1","","","","","","NEEDS_CONFIRMATION","Confirm contact, service and geography; record current capacity"
"morris","morris-township","Morris Township","landscaping","1","1","","","","","","NEEDS_CONFIRMATION","Confirm contact, service and geography; record current capacity"
"morris","morris-township","Morris Township","painting","2","2","","","","","","NEEDS_CONFIRMATION","Confirm contact, service and geography; record current capacity"
"morris","morris-township","Morris Township","drywall","4","2","","","","","","NEEDS_CONFIRMATION","Confirm contact, service and geography; record current capacity"
"morris","morris-township","Morris Township","tile","4","0","","","","","","NEEDS_CONFIRMATION","Confirm contact, service and geography; record current capacity"
"morris","morris-township","Morris Township","plumbing","2","1","","","","","","NEEDS_CONFIRMATION","Confirm contact, service and geography; record current capacity"
"morris","morris-township","Morris Township","electrical","2","0","","","","","","NEEDS_CONFIRMATION","Confirm contact, service and geography; record current capacity"
"morris","morristown","Morristown","handyman","6","1","","","","","","NEEDS_CONFIRMATION","Confirm contact, service and geography; record current capacity"
"morris","morristown","Morristown","masonry","6","2","","","","","","NEEDS_CONFIRMATION","Confirm contact, service and geography; record current capacity"
"morris","morristown","Morristown","landscaping","4","2","","","","","","NEEDS_CONFIRMATION","Confirm contact, service and geography; record current capacity"
"morris","morristown","Morristown","painting","6","2","","","","","","NEEDS_CONFIRMATION","Confirm contact, service and geography; record current capacity"
"morris","morristown","Morristown","drywall","7","2","","","","","","NEEDS_CONFIRMATION","Confirm contact, service and geography; record current capacity"
"morris","morristown","Morristown","tile","7","1","","","","","","NEEDS_CONFIRMATION","Confirm contact, service and geography; record current capacity"
"morris","morristown","Morristown","plumbing","5","1","","","","","","NEEDS_CONFIRMATION","Confirm contact, service and geography; record current capacity"
"morris","morristown","Morristown","electrical","9","2","","","","","","NEEDS_CONFIRMATION","Confirm contact, service and geography; record current capacity"
"morris","east-hanover","East Hanover","handyman","3","1","","","","","","NEEDS_CONFIRMATION","Confirm contact, service and geography; record current capacity"
"morris","east-hanover","East Hanover","masonry","1","1","","","","","","NEEDS_CONFIRMATION","Confirm contact, service and geography; record current capacity"
"morris","east-hanover","East Hanover","landscaping","3","2","","","","","","NEEDS_CONFIRMATION","Confirm contact, service and geography; record current capacity"
"morris","east-hanover","East Hanover","painting","2","2","","","","","","NEEDS_CONFIRMATION","Confirm contact, service and geography; record current capacity"
"morris","east-hanover","East Hanover","drywall","3","2","","","","","","NEEDS_CONFIRMATION","Confirm contact, service and geography; record current capacity"
"morris","east-hanover","East Hanover","tile","5","0","","","","","","NEEDS_CONFIRMATION","Confirm contact, service and geography; record current capacity"
"morris","east-hanover","East Hanover","plumbing","3","1","","","","","","NEEDS_CONFIRMATION","Confirm contact, service and geography; record current capacity"
"morris","east-hanover","East Hanover","electrical","8","4","","","","","","NEEDS_CONFIRMATION","Confirm contact, service and geography; record current capacity"
"essex","livingston","Livingston","handyman","0","0","","","","","","NO_MAPPED_VENDOR","Source candidates and check existing vendors for explicit coverage"
"essex","livingston","Livingston","masonry","0","0","","","","","","NO_MAPPED_VENDOR","Source candidates and check existing vendors for explicit coverage"
"essex","livingston","Livingston","landscaping","0","0","","","","","","NO_MAPPED_VENDOR","Source candidates and check existing vendors for explicit coverage"
"essex","livingston","Livingston","painting","0","0","","","","","","NO_MAPPED_VENDOR","Source candidates and check existing vendors for explicit coverage"
"essex","livingston","Livingston","drywall","0","0","","","","","","NO_MAPPED_VENDOR","Source candidates and check existing vendors for explicit coverage"
"essex","livingston","Livingston","tile","0","0","","","","","","NO_MAPPED_VENDOR","Source candidates and check existing vendors for explicit coverage"
"essex","livingston","Livingston","plumbing","0","0","","","","","","NO_MAPPED_VENDOR","Source candidates and check existing vendors for explicit coverage"
"essex","livingston","Livingston","electrical","0","0","","","","","","NO_MAPPED_VENDOR","Source candidates and check existing vendors for explicit coverage"
"union","summit","Summit","handyman","0","0","","","","","","NO_MAPPED_VENDOR","Source candidates and check existing vendors for explicit coverage"
"union","summit","Summit","masonry","0","0","","","","","","NO_MAPPED_VENDOR","Source candidates and check existing vendors for explicit coverage"
"union","summit","Summit","landscaping","0","0","","","","","","NO_MAPPED_VENDOR","Source candidates and check existing vendors for explicit coverage"
"union","summit","Summit","painting","0","0","","","","","","NO_MAPPED_VENDOR","Source candidates and check existing vendors for explicit coverage"
"union","summit","Summit","drywall","0","0","","","","","","NO_MAPPED_VENDOR","Source candidates and check existing vendors for explicit coverage"
"union","summit","Summit","tile","0","0","","","","","","NO_MAPPED_VENDOR","Source candidates and check existing vendors for explicit coverage"
"union","summit","Summit","plumbing","0","0","","","","","","NO_MAPPED_VENDOR","Source candidates and check existing vendors for explicit coverage"
"union","summit","Summit","electrical","0","0","","","","","","NO_MAPPED_VENDOR","Source candidates and check existing vendors for explicit coverage"
"morris","hanover-township","Hanover Township","handyman","0","0","","","","","","NO_MAPPED_VENDOR","Source candidates and check existing vendors for explicit coverage"
"morris","hanover-township","Hanover Township","masonry","0","0","","","","","","NO_MAPPED_VENDOR","Source candidates and check existing vendors for explicit coverage"
"morris","hanover-township","Hanover Township","landscaping","0","0","","","","","","NO_MAPPED_VENDOR","Source candidates and check existing vendors for explicit coverage"
"morris","hanover-township","Hanover Township","painting","0","0","","","","","","NO_MAPPED_VENDOR","Source candidates and check existing vendors for explicit coverage"
"morris","hanover-township","Hanover Township","drywall","0","0","","","","","","NO_MAPPED_VENDOR","Source candidates and check existing vendors for explicit coverage"
"morris","hanover-township","Hanover Township","tile","0","0","","","","","","NO_MAPPED_VENDOR","Source candidates and check existing vendors for explicit coverage"
"morris","hanover-township","Hanover Township","plumbing","0","0","","","","","","NO_MAPPED_VENDOR","Source candidates and check existing vendors for explicit coverage"
"morris","hanover-township","Hanover Township","electrical","0","0","","","","","","NO_MAPPED_VENDOR","Source candidates and check existing vendors for explicit coverage"
"bergen","allendale","Allendale","handyman","0","0","","","","","","NO_MAPPED_VENDOR","Source candidates and check existing vendors for explicit coverage"
"bergen","allendale","Allendale","masonry","0","0","","","","","","NO_MAPPED_VENDOR","Source candidates and check existing vendors for explicit coverage"
"bergen","allendale","Allendale","landscaping","0","0","","","","","","NO_MAPPED_VENDOR","Source candidates and check existing vendors for explicit coverage"
"bergen","allendale","Allendale","painting","0","0","","","","","","NO_MAPPED_VENDOR","Source candidates and check existing vendors for explicit coverage"
"bergen","allendale","Allendale","drywall","0","0","","","","","","NO_MAPPED_VENDOR","Source candidates and check existing vendors for explicit coverage"
"bergen","allendale","Allendale","tile","0","0","","","","","","NO_MAPPED_VENDOR","Source candidates and check existing vendors for explicit coverage"
"bergen","allendale","Allendale","plumbing","0","0","","","","","","NO_MAPPED_VENDOR","Source candidates and check existing vendors for explicit coverage"
"bergen","allendale","Allendale","electrical","0","0","","","","","","NO_MAPPED_VENDOR","Source candidates and check existing vendors for explicit coverage"
"bergen","alpine","Alpine","handyman","0","0","","","","","","NO_MAPPED_VENDOR","Source candidates and check existing vendors for explicit coverage"
"bergen","alpine","Alpine","masonry","0","0","","","","","","NO_MAPPED_VENDOR","Source candidates and check existing vendors for explicit coverage"
"bergen","alpine","Alpine","landscaping","0","0","","","","","","NO_MAPPED_VENDOR","Source candidates and check existing vendors for explicit coverage"
"bergen","alpine","Alpine","painting","0","0","","","","","","NO_MAPPED_VENDOR","Source candidates and check existing vendors for explicit coverage"
"bergen","alpine","Alpine","drywall","0","0","","","","","","NO_MAPPED_VENDOR","Source candidates and check existing vendors for explicit coverage"
"bergen","alpine","Alpine","tile","0","0","","","","","","NO_MAPPED_VENDOR","Source candidates and check existing vendors for explicit coverage"
"bergen","alpine","Alpine","plumbing","0","0","","","","","","NO_MAPPED_VENDOR","Source candidates and check existing vendors for explicit coverage"
"bergen","alpine","Alpine","electrical","0","0","","","","","","NO_MAPPED_VENDOR","Source candidates and check existing vendors for explicit coverage"
"bergen","bergenfield","Bergenfield","handyman","0","0","","","","","","NO_MAPPED_VENDOR","Source candidates and check existing vendors for explicit coverage"
"bergen","bergenfield","Bergenfield","masonry","0","0","","","","","","NO_MAPPED_VENDOR","Source candidates and check existing vendors for explicit coverage"
"bergen","bergenfield","Bergenfield","landscaping","0","0","","","","","","NO_MAPPED_VENDOR","Source candidates and check existing vendors for explicit coverage"
"bergen","bergenfield","Bergenfield","painting","0","0","","","","","","NO_MAPPED_VENDOR","Source candidates and check existing vendors for explicit coverage"
"bergen","bergenfield","Bergenfield","drywall","0","0","","","","","","NO_MAPPED_VENDOR","Source candidates and check existing vendors for explicit coverage"
"bergen","bergenfield","Bergenfield","tile","0","0","","","","","","NO_MAPPED_VENDOR","Source candidates and check existing vendors for explicit coverage"
"bergen","bergenfield","Bergenfield","plumbing","0","0","","","","","","NO_MAPPED_VENDOR","Source candidates and check existing vendors for explicit coverage"
"bergen","bergenfield","Bergenfield","electrical","0","0","","","","","","NO_MAPPED_VENDOR","Source candidates and check existing vendors for explicit coverage"
"bergen","bogota","Bogota","handyman","0","0","","","","","","NO_MAPPED_VENDOR","Source candidates and check existing vendors for explicit coverage"
"bergen","bogota","Bogota","masonry","0","0","","","","","","NO_MAPPED_VENDOR","Source candidates and check existing vendors for explicit coverage"
"bergen","bogota","Bogota","landscaping","0","0","","","","","","NO_MAPPED_VENDOR","Source candidates and check existing vendors for explicit coverage"
"bergen","bogota","Bogota","painting","0","0","","","","","","NO_MAPPED_VENDOR","Source candidates and check existing vendors for explicit coverage"
"bergen","bogota","Bogota","drywall","0","0","","","","","","NO_MAPPED_VENDOR","Source candidates and check existing vendors for explicit coverage"
"bergen","bogota","Bogota","tile","0","0","","","","","","NO_MAPPED_VENDOR","Source candidates and check existing vendors for explicit coverage"
"bergen","bogota","Bogota","plumbing","0","0","","","","","","NO_MAPPED_VENDOR","Source candidates and check existing vendors for explicit coverage"
"bergen","bogota","Bogota","electrical","0","0","","","","","","NO_MAPPED_VENDOR","Source candidates and check existing vendors for explicit coverage"
"bergen","carlstadt","Carlstadt","handyman","0","0","","","","","","NO_MAPPED_VENDOR","Source candidates and check existing vendors for explicit coverage"
"bergen","carlstadt","Carlstadt","masonry","0","0","","","","","","NO_MAPPED_VENDOR","Source candidates and check existing vendors for explicit coverage"
"bergen","carlstadt","Carlstadt","landscaping","0","0","","","","","","NO_MAPPED_VENDOR","Source candidates and check existing vendors for explicit coverage"
"bergen","carlstadt","Carlstadt","painting","0","0","","","","","","NO_MAPPED_VENDOR","Source candidates and check existing vendors for explicit coverage"
"bergen","carlstadt","Carlstadt","drywall","0","0","","","","","","NO_MAPPED_VENDOR","Source candidates and check existing vendors for explicit coverage"
"bergen","carlstadt","Carlstadt","tile","0","0","","","","","","NO_MAPPED_VENDOR","Source candidates and check existing vendors for explicit coverage"
"bergen","carlstadt","Carlstadt","plumbing","0","0","","","","","","NO_MAPPED_VENDOR","Source candidates and check existing vendors for explicit coverage"
"bergen","carlstadt","Carlstadt","electrical","0","0","","","","","","NO_MAPPED_VENDOR","Source candidates and check existing vendors for explicit coverage"
"bergen","cliffside-park","Cliffside Park","handyman","0","0","","","","","","NO_MAPPED_VENDOR","Source candidates and check existing vendors for explicit coverage"
"bergen","cliffside-park","Cliffside Park","masonry","0","0","","","","","","NO_MAPPED_VENDOR","Source candidates and check existing vendors for explicit coverage"
"bergen","cliffside-park","Cliffside Park","landscaping","0","0","","","","","","NO_MAPPED_VENDOR","Source candidates and check existing vendors for explicit coverage"
"bergen","cliffside-park","Cliffside Park","painting","0","0","","","","","","NO_MAPPED_VENDOR","Source candidates and check existing vendors for explicit coverage"
"bergen","cliffside-park","Cliffside Park","drywall","0","0","","","","","","NO_MAPPED_VENDOR","Source candidates and check existing vendors for explicit coverage"
"bergen","cliffside-park","Cliffside Park","tile","0","0","","","","","","NO_MAPPED_VENDOR","Source candidates and check existing vendors for explicit coverage"
"bergen","cliffside-park","Cliffside Park","plumbing","0","0","","","","","","NO_MAPPED_VENDOR","Source candidates and check existing vendors for explicit coverage"
"bergen","cliffside-park","Cliffside Park","electrical","0","0","","","","","","NO_MAPPED_VENDOR","Source candidates and check existing vendors for explicit coverage"
"bergen","closter","Closter","handyman","0","0","","","","","","NO_MAPPED_VENDOR","Source candidates and check existing vendors for explicit coverage"
"bergen","closter","Closter","masonry","0","0","","","","","","NO_MAPPED_VENDOR","Source candidates and check existing vendors for explicit coverage"
"bergen","closter","Closter","landscaping","0","0","","","","","","NO_MAPPED_VENDOR","Source candidates and check existing vendors for explicit coverage"
"bergen","closter","Closter","painting","0","0","","","","","","NO_MAPPED_VENDOR","Source candidates and check existing vendors for explicit coverage"
"bergen","closter","Closter","drywall","0","0","","","","","","NO_MAPPED_VENDOR","Source candidates and check existing vendors for explicit coverage"
"bergen","closter","Closter","tile","0","0","","","","","","NO_MAPPED_VENDOR","Source candidates and check existing vendors for explicit coverage"
"bergen","closter","Closter","plumbing","0","0","","","","","","NO_MAPPED_VENDOR","Source candidates and check existing vendors for explicit coverage"
"bergen","closter","Closter","electrical","0","0","","","","","","NO_MAPPED_VENDOR","Source candidates and check existing vendors for explicit coverage"
"bergen","cresskill","Cresskill","handyman","0","0","","","","","","NO_MAPPED_VENDOR","Source candidates and check existing vendors for explicit coverage"
"bergen","cresskill","Cresskill","masonry","0","0","","","","","","NO_MAPPED_VENDOR","Source candidates and check existing vendors for explicit coverage"
"bergen","cresskill","Cresskill","landscaping","0","0","","","","","","NO_MAPPED_VENDOR","Source candidates and check existing vendors for explicit coverage"
"bergen","cresskill","Cresskill","painting","0","0","","","","","","NO_MAPPED_VENDOR","Source candidates and check existing vendors for explicit coverage"
"bergen","cresskill","Cresskill","drywall","0","0","","","","","","NO_MAPPED_VENDOR","Source candidates and check existing vendors for explicit coverage"
"bergen","cresskill","Cresskill","tile","0","0","","","","","","NO_MAPPED_VENDOR","Source candidates and check existing vendors for explicit coverage"
"bergen","cresskill","Cresskill","plumbing","0","0","","","","","","NO_MAPPED_VENDOR","Source candidates and check existing vendors for explicit coverage"
"bergen","cresskill","Cresskill","electrical","0","0","","","","","","NO_MAPPED_VENDOR","Source candidates and check existing vendors for explicit coverage"
"bergen","demarest","Demarest","handyman","0","0","","","","","","NO_MAPPED_VENDOR","Source candidates and check existing vendors for explicit coverage"
"bergen","demarest","Demarest","masonry","0","0","","","","","","NO_MAPPED_VENDOR","Source candidates and check existing vendors for explicit coverage"
"bergen","demarest","Demarest","landscaping","0","0","","","","","","NO_MAPPED_VENDOR","Source candidates and check existing vendors for explicit coverage"
"bergen","demarest","Demarest","painting","0","0","","","","","","NO_MAPPED_VENDOR","Source candidates and check existing vendors for explicit coverage"
"bergen","demarest","Demarest","drywall","0","0","","","","","","NO_MAPPED_VENDOR","Source candidates and check existing vendors for explicit coverage"
"bergen","demarest","Demarest","tile","0","0","","","","","","NO_MAPPED_VENDOR","Source candidates and check existing vendors for explicit coverage"
"bergen","demarest","Demarest","plumbing","0","0","","","","","","NO_MAPPED_VENDOR","Source candidates and check existing vendors for explicit coverage"
"bergen","demarest","Demarest","electrical","0","0","","","","","","NO_MAPPED_VENDOR","Source candidates and check existing vendors for explicit coverage"
"bergen","dumont","Dumont","handyman","0","0","","","","","","NO_MAPPED_VENDOR","Source candidates and check existing vendors for explicit coverage"
"bergen","dumont","Dumont","masonry","0","0","","","","","","NO_MAPPED_VENDOR","Source candidates and check existing vendors for explicit coverage"
"bergen","dumont","Dumont","landscaping","0","0","","","","","","NO_MAPPED_VENDOR","Source candidates and check existing vendors for explicit coverage"
"bergen","dumont","Dumont","painting","0","0","","","","","","NO_MAPPED_VENDOR","Source candidates and check existing vendors for explicit coverage"
"bergen","dumont","Dumont","drywall","0","0","","","","","","NO_MAPPED_VENDOR","Source candidates and check existing vendors for explicit coverage"
"bergen","dumont","Dumont","tile","0","0","","","","","","NO_MAPPED_VENDOR","Source candidates and check existing vendors for explicit coverage"
"bergen","dumont","Dumont","plumbing","0","0","","","","","","NO_MAPPED_VENDOR","Source candidates and check existing vendors for explicit coverage"
"bergen","dumont","Dumont","electrical","0","0","","","","","","NO_MAPPED_VENDOR","Source candidates and check existing vendors for explicit coverage"
"bergen","east-rutherford","East Rutherford","handyman","0","0","","","","","","NO_MAPPED_VENDOR","Source candidates and check existing vendors for explicit coverage"
"bergen","east-rutherford","East Rutherford","masonry","0","0","","","","","","NO_MAPPED_VENDOR","Source candidates and check existing vendors for explicit coverage"
"bergen","east-rutherford","East Rutherford","landscaping","0","0","","","","","","NO_MAPPED_VENDOR","Source candidates and check existing vendors for explicit coverage"
"bergen","east-rutherford","East Rutherford","painting","0","0","","","","","","NO_MAPPED_VENDOR","Source candidates and check existing vendors for explicit coverage"
"bergen","east-rutherford","East Rutherford","drywall","0","0","","","","","","NO_MAPPED_VENDOR","Source candidates and check existing vendors for explicit coverage"
"bergen","east-rutherford","East Rutherford","tile","0","0","","","","","","NO_MAPPED_VENDOR","Source candidates and check existing vendors for explicit coverage"
"bergen","east-rutherford","East Rutherford","plumbing","0","0","","","","","","NO_MAPPED_VENDOR","Source candidates and check existing vendors for explicit coverage"
"bergen","east-rutherford","East Rutherford","electrical","0","0","","","","","","NO_MAPPED_VENDOR","Source candidates and check existing vendors for explicit coverage"
"bergen","edgewater","Edgewater","handyman","0","0","","","","","","NO_MAPPED_VENDOR","Source candidates and check existing vendors for explicit coverage"
"bergen","edgewater","Edgewater","masonry","0","0","","","","","","NO_MAPPED_VENDOR","Source candidates and check existing vendors for explicit coverage"
"bergen","edgewater","Edgewater","landscaping","0","0","","","","","","NO_MAPPED_VENDOR","Source candidates and check existing vendors for explicit coverage"
"bergen","edgewater","Edgewater","painting","0","0","","","","","","NO_MAPPED_VENDOR","Source candidates and check existing vendors for explicit coverage"
"bergen","edgewater","Edgewater","drywall","0","0","","","","","","NO_MAPPED_VENDOR","Source candidates and check existing vendors for explicit coverage"
"bergen","edgewater","Edgewater","tile","0","0","","","","","","NO_MAPPED_VENDOR","Source candidates and check existing vendors for explicit coverage"
"bergen","edgewater","Edgewater","plumbing","0","0","","","","","","NO_MAPPED_VENDOR","Source candidates and check existing vendors for explicit coverage"
"bergen","edgewater","Edgewater","electrical","0","0","","","","","","NO_MAPPED_VENDOR","Source candidates and check existing vendors for explicit coverage"
"bergen","elmwood-park","Elmwood Park","handyman","0","0","","","","","","NO_MAPPED_VENDOR","Source candidates and check existing vendors for explicit coverage"
"bergen","elmwood-park","Elmwood Park","masonry","0","0","","","","","","NO_MAPPED_VENDOR","Source candidates and check existing vendors for explicit coverage"
"bergen","elmwood-park","Elmwood Park","landscaping","0","0","","","","","","NO_MAPPED_VENDOR","Source candidates and check existing vendors for explicit coverage"
"bergen","elmwood-park","Elmwood Park","painting","0","0","","","","","","NO_MAPPED_VENDOR","Source candidates and check existing vendors for explicit coverage"
"bergen","elmwood-park","Elmwood Park","drywall","0","0","","","","","","NO_MAPPED_VENDOR","Source candidates and check existing vendors for explicit coverage"
"bergen","elmwood-park","Elmwood Park","tile","0","0","","","","","","NO_MAPPED_VENDOR","Source candidates and check existing vendors for explicit coverage"
"bergen","elmwood-park","Elmwood Park","plumbing","0","0","","","","","","NO_MAPPED_VENDOR","Source candidates and check existing vendors for explicit coverage"
"bergen","elmwood-park","Elmwood Park","electrical","0","0","","","","","","NO_MAPPED_VENDOR","Source candidates and check existing vendors for explicit coverage"
"bergen","emerson","Emerson","handyman","0","0","","","","","","NO_MAPPED_VENDOR","Source candidates and check existing vendors for explicit coverage"
"bergen","emerson","Emerson","masonry","0","0","","","","","","NO_MAPPED_VENDOR","Source candidates and check existing vendors for explicit coverage"
"bergen","emerson","Emerson","landscaping","0","0","","","","","","NO_MAPPED_VENDOR","Source candidates and check existing vendors for explicit coverage"
"bergen","emerson","Emerson","painting","0","0","","","","","","NO_MAPPED_VENDOR","Source candidates and check existing vendors for explicit coverage"
"bergen","emerson","Emerson","drywall","0","0","","","","","","NO_MAPPED_VENDOR","Source candidates and check existing vendors for explicit coverage"
"bergen","emerson","Emerson","tile","0","0","","","","","","NO_MAPPED_VENDOR","Source candidates and check existing vendors for explicit coverage"
"bergen","emerson","Emerson","plumbing","0","0","","","","","","NO_MAPPED_VENDOR","Source candidates and check existing vendors for explicit coverage"
"bergen","emerson","Emerson","electrical","0","0","","","","","","NO_MAPPED_VENDOR","Source candidates and check existing vendors for explicit coverage"
"bergen","englewood","Englewood","handyman","0","0","","","","","","NO_MAPPED_VENDOR","Source candidates and check existing vendors for explicit coverage"
"bergen","englewood","Englewood","masonry","0","0","","","","","","NO_MAPPED_VENDOR","Source candidates and check existing vendors for explicit coverage"
"bergen","englewood","Englewood","landscaping","0","0","","","","","","NO_MAPPED_VENDOR","Source candidates and check existing vendors for explicit coverage"
"bergen","englewood","Englewood","painting","0","0","","","","","","NO_MAPPED_VENDOR","Source candidates and check existing vendors for explicit coverage"
"bergen","englewood","Englewood","drywall","0","0","","","","","","NO_MAPPED_VENDOR","Source candidates and check existing vendors for explicit coverage"
"bergen","englewood","Englewood","tile","0","0","","","","","","NO_MAPPED_VENDOR","Source candidates and check existing vendors for explicit coverage"
"bergen","englewood","Englewood","plumbing","0","0","","","","","","NO_MAPPED_VENDOR","Source candidates and check existing vendors for explicit coverage"
"bergen","englewood","Englewood","electrical","0","0","","","","","","NO_MAPPED_VENDOR","Source candidates and check existing vendors for explicit coverage"
"bergen","englewood-cliffs","Englewood Cliffs","handyman","0","0","","","","","","NO_MAPPED_VENDOR","Source candidates and check existing vendors for explicit coverage"
"bergen","englewood-cliffs","Englewood Cliffs","masonry","0","0","","","","","","NO_MAPPED_VENDOR","Source candidates and check existing vendors for explicit coverage"
"bergen","englewood-cliffs","Englewood Cliffs","landscaping","0","0","","","","","","NO_MAPPED_VENDOR","Source candidates and check existing vendors for explicit coverage"
"bergen","englewood-cliffs","Englewood Cliffs","painting","0","0","","","","","","NO_MAPPED_VENDOR","Source candidates and check existing vendors for explicit coverage"
"bergen","englewood-cliffs","Englewood Cliffs","drywall","0","0","","","","","","NO_MAPPED_VENDOR","Source candidates and check existing vendors for explicit coverage"
"bergen","englewood-cliffs","Englewood Cliffs","tile","0","0","","","","","","NO_MAPPED_VENDOR","Source candidates and check existing vendors for explicit coverage"
"bergen","englewood-cliffs","Englewood Cliffs","plumbing","0","0","","","","","","NO_MAPPED_VENDOR","Source candidates and check existing vendors for explicit coverage"
"bergen","englewood-cliffs","Englewood Cliffs","electrical","0","0","","","","","","NO_MAPPED_VENDOR","Source candidates and check existing vendors for explicit coverage"
"bergen","fair-lawn","Fair Lawn","handyman","0","0","","","","","","NO_MAPPED_VENDOR","Source candidates and check existing vendors for explicit coverage"
"bergen","fair-lawn","Fair Lawn","masonry","0","0","","","","","","NO_MAPPED_VENDOR","Source candidates and check existing vendors for explicit coverage"
"bergen","fair-lawn","Fair Lawn","landscaping","0","0","","","","","","NO_MAPPED_VENDOR","Source candidates and check existing vendors for explicit coverage"
"bergen","fair-lawn","Fair Lawn","painting","0","0","","","","","","NO_MAPPED_VENDOR","Source candidates and check existing vendors for explicit coverage"
"bergen","fair-lawn","Fair Lawn","drywall","0","0","","","","","","NO_MAPPED_VENDOR","Source candidates and check existing vendors for explicit coverage"
"bergen","fair-lawn","Fair Lawn","tile","0","0","","","","","","NO_MAPPED_VENDOR","Source candidates and check existing vendors for explicit coverage"
"bergen","fair-lawn","Fair Lawn","plumbing","0","0","","","","","","NO_MAPPED_VENDOR","Source candidates and check existing vendors for explicit coverage"
"bergen","fair-lawn","Fair Lawn","electrical","0","0","","","","","","NO_MAPPED_VENDOR","Source candidates and check existing vendors for explicit coverage"
"bergen","fairview","Fairview","handyman","0","0","","","","","","NO_MAPPED_VENDOR","Source candidates and check existing vendors for explicit coverage"
"bergen","fairview","Fairview","masonry","0","0","","","","","","NO_MAPPED_VENDOR","Source candidates and check existing vendors for explicit coverage"
"bergen","fairview","Fairview","landscaping","0","0","","","","","","NO_MAPPED_VENDOR","Source candidates and check existing vendors for explicit coverage"
"bergen","fairview","Fairview","painting","0","0","","","","","","NO_MAPPED_VENDOR","Source candidates and check existing vendors for explicit coverage"
"bergen","fairview","Fairview","drywall","0","0","","","","","","NO_MAPPED_VENDOR","Source candidates and check existing vendors for explicit coverage"
"bergen","fairview","Fairview","tile","0","0","","","","","","NO_MAPPED_VENDOR","Source candidates and check existing vendors for explicit coverage"
"bergen","fairview","Fairview","plumbing","0","0","","","","","","NO_MAPPED_VENDOR","Source candidates and check existing vendors for explicit coverage"
"bergen","fairview","Fairview","electrical","0","0","","","","","","NO_MAPPED_VENDOR","Source candidates and check existing vendors for explicit coverage"
"bergen","fort-lee","Fort Lee","handyman","0","0","","","","","","NO_MAPPED_VENDOR","Source candidates and check existing vendors for explicit coverage"
"bergen","fort-lee","Fort Lee","masonry","0","0","","","","","","NO_MAPPED_VENDOR","Source candidates and check existing vendors for explicit coverage"
"bergen","fort-lee","Fort Lee","landscaping","0","0","","","","","","NO_MAPPED_VENDOR","Source candidates and check existing vendors for explicit coverage"
"bergen","fort-lee","Fort Lee","painting","0","0","","","","","","NO_MAPPED_VENDOR","Source candidates and check existing vendors for explicit coverage"
"bergen","fort-lee","Fort Lee","drywall","0","0","","","","","","NO_MAPPED_VENDOR","Source candidates and check existing vendors for explicit coverage"
"bergen","fort-lee","Fort Lee","tile","0","0","","","","","","NO_MAPPED_VENDOR","Source candidates and check existing vendors for explicit coverage"
"bergen","fort-lee","Fort Lee","plumbing","0","0","","","","","","NO_MAPPED_VENDOR","Source candidates and check existing vendors for explicit coverage"
"bergen","fort-lee","Fort Lee","electrical","0","0","","","","","","NO_MAPPED_VENDOR","Source candidates and check existing vendors for explicit coverage"
"bergen","franklin-lakes","Franklin Lakes","handyman","0","0","","","","","","NO_MAPPED_VENDOR","Source candidates and check existing vendors for explicit coverage"
"bergen","franklin-lakes","Franklin Lakes","masonry","0","0","","","","","","NO_MAPPED_VENDOR","Source candidates and check existing vendors for explicit coverage"
"bergen","franklin-lakes","Franklin Lakes","landscaping","0","0","","","","","","NO_MAPPED_VENDOR","Source candidates and check existing vendors for explicit coverage"
"bergen","franklin-lakes","Franklin Lakes","painting","0","0","","","","","","NO_MAPPED_VENDOR","Source candidates and check existing vendors for explicit coverage"
"bergen","franklin-lakes","Franklin Lakes","drywall","0","0","","","","","","NO_MAPPED_VENDOR","Source candidates and check existing vendors for explicit coverage"
"bergen","franklin-lakes","Franklin Lakes","tile","0","0","","","","","","NO_MAPPED_VENDOR","Source candidates and check existing vendors for explicit coverage"
"bergen","franklin-lakes","Franklin Lakes","plumbing","0","0","","","","","","NO_MAPPED_VENDOR","Source candidates and check existing vendors for explicit coverage"
"bergen","franklin-lakes","Franklin Lakes","electrical","0","0","","","","","","NO_MAPPED_VENDOR","Source candidates and check existing vendors for explicit coverage"
"bergen","garfield","Garfield","handyman","0","0","","","","","","NO_MAPPED_VENDOR","Source candidates and check existing vendors for explicit coverage"
"bergen","garfield","Garfield","masonry","0","0","","","","","","NO_MAPPED_VENDOR","Source candidates and check existing vendors for explicit coverage"
"bergen","garfield","Garfield","landscaping","0","0","","","","","","NO_MAPPED_VENDOR","Source candidates and check existing vendors for explicit coverage"
"bergen","garfield","Garfield","painting","0","0","","","","","","NO_MAPPED_VENDOR","Source candidates and check existing vendors for explicit coverage"
"bergen","garfield","Garfield","drywall","0","0","","","","","","NO_MAPPED_VENDOR","Source candidates and check existing vendors for explicit coverage"
"bergen","garfield","Garfield","tile","0","0","","","","","","NO_MAPPED_VENDOR","Source candidates and check existing vendors for explicit coverage"
"bergen","garfield","Garfield","plumbing","0","0","","","","","","NO_MAPPED_VENDOR","Source candidates and check existing vendors for explicit coverage"
"bergen","garfield","Garfield","electrical","0","0","","","","","","NO_MAPPED_VENDOR","Source candidates and check existing vendors for explicit coverage"
"bergen","glen-rock","Glen Rock","handyman","0","0","","","","","","NO_MAPPED_VENDOR","Source candidates and check existing vendors for explicit coverage"
"bergen","glen-rock","Glen Rock","masonry","0","0","","","","","","NO_MAPPED_VENDOR","Source candidates and check existing vendors for explicit coverage"
"bergen","glen-rock","Glen Rock","landscaping","0","0","","","","","","NO_MAPPED_VENDOR","Source candidates and check existing vendors for explicit coverage"
"bergen","glen-rock","Glen Rock","painting","0","0","","","","","","NO_MAPPED_VENDOR","Source candidates and check existing vendors for explicit coverage"
"bergen","glen-rock","Glen Rock","drywall","0","0","","","","","","NO_MAPPED_VENDOR","Source candidates and check existing vendors for explicit coverage"
"bergen","glen-rock","Glen Rock","tile","0","0","","","","","","NO_MAPPED_VENDOR","Source candidates and check existing vendors for explicit coverage"
"bergen","glen-rock","Glen Rock","plumbing","0","0","","","","","","NO_MAPPED_VENDOR","Source candidates and check existing vendors for explicit coverage"
"bergen","glen-rock","Glen Rock","electrical","0","0","","","","","","NO_MAPPED_VENDOR","Source candidates and check existing vendors for explicit coverage"
"bergen","hackensack","Hackensack","handyman","0","0","","","","","","NO_MAPPED_VENDOR","Source candidates and check existing vendors for explicit coverage"
"bergen","hackensack","Hackensack","masonry","0","0","","","","","","NO_MAPPED_VENDOR","Source candidates and check existing vendors for explicit coverage"
"bergen","hackensack","Hackensack","landscaping","0","0","","","","","","NO_MAPPED_VENDOR","Source candidates and check existing vendors for explicit coverage"
"bergen","hackensack","Hackensack","painting","0","0","","","","","","NO_MAPPED_VENDOR","Source candidates and check existing vendors for explicit coverage"
"bergen","hackensack","Hackensack","drywall","0","0","","","","","","NO_MAPPED_VENDOR","Source candidates and check existing vendors for explicit coverage"
"bergen","hackensack","Hackensack","tile","0","0","","","","","","NO_MAPPED_VENDOR","Source candidates and check existing vendors for explicit coverage"
"bergen","hackensack","Hackensack","plumbing","0","0","","","","","","NO_MAPPED_VENDOR","Source candidates and check existing vendors for explicit coverage"
"bergen","hackensack","Hackensack","electrical","0","0","","","","","","NO_MAPPED_VENDOR","Source candidates and check existing vendors for explicit coverage"
"bergen","harrington-park","Harrington Park","handyman","0","0","","","","","","NO_MAPPED_VENDOR","Source candidates and check existing vendors for explicit coverage"
"bergen","harrington-park","Harrington Park","masonry","0","0","","","","","","NO_MAPPED_VENDOR","Source candidates and check existing vendors for explicit coverage"
"bergen","harrington-park","Harrington Park","landscaping","0","0","","","","","","NO_MAPPED_VENDOR","Source candidates and check existing vendors for explicit coverage"
"bergen","harrington-park","Harrington Park","painting","0","0","","","","","","NO_MAPPED_VENDOR","Source candidates and check existing vendors for explicit coverage"
"bergen","harrington-park","Harrington Park","drywall","0","0","","","","","","NO_MAPPED_VENDOR","Source candidates and check existing vendors for explicit coverage"
"bergen","harrington-park","Harrington Park","tile","0","0","","","","","","NO_MAPPED_VENDOR","Source candidates and check existing vendors for explicit coverage"
"bergen","harrington-park","Harrington Park","plumbing","0","0","","","","","","NO_MAPPED_VENDOR","Source candidates and check existing vendors for explicit coverage"
"bergen","harrington-park","Harrington Park","electrical","0","0","","","","","","NO_MAPPED_VENDOR","Source candidates and check existing vendors for explicit coverage"
"bergen","hasbrouck-heights","Hasbrouck Heights","handyman","0","0","","","","","","NO_MAPPED_VENDOR","Source candidates and check existing vendors for explicit coverage"
"bergen","hasbrouck-heights","Hasbrouck Heights","masonry","0","0","","","","","","NO_MAPPED_VENDOR","Source candidates and check existing vendors for explicit coverage"
"bergen","hasbrouck-heights","Hasbrouck Heights","landscaping","0","0","","","","","","NO_MAPPED_VENDOR","Source candidates and check existing vendors for explicit coverage"
"bergen","hasbrouck-heights","Hasbrouck Heights","painting","0","0","","","","","","NO_MAPPED_VENDOR","Source candidates and check existing vendors for explicit coverage"
"bergen","hasbrouck-heights","Hasbrouck Heights","drywall","0","0","","","","","","NO_MAPPED_VENDOR","Source candidates and check existing vendors for explicit coverage"
"bergen","hasbrouck-heights","Hasbrouck Heights","tile","0","0","","","","","","NO_MAPPED_VENDOR","Source candidates and check existing vendors for explicit coverage"
"bergen","hasbrouck-heights","Hasbrouck Heights","plumbing","0","0","","","","","","NO_MAPPED_VENDOR","Source candidates and check existing vendors for explicit coverage"
"bergen","hasbrouck-heights","Hasbrouck Heights","electrical","0","0","","","","","","NO_MAPPED_VENDOR","Source candidates and check existing vendors for explicit coverage"
"bergen","haworth","Haworth","handyman","0","0","","","","","","NO_MAPPED_VENDOR","Source candidates and check existing vendors for explicit coverage"
"bergen","haworth","Haworth","masonry","0","0","","","","","","NO_MAPPED_VENDOR","Source candidates and check existing vendors for explicit coverage"
"bergen","haworth","Haworth","landscaping","0","0","","","","","","NO_MAPPED_VENDOR","Source candidates and check existing vendors for explicit coverage"
"bergen","haworth","Haworth","painting","0","0","","","","","","NO_MAPPED_VENDOR","Source candidates and check existing vendors for explicit coverage"
"bergen","haworth","Haworth","drywall","0","0","","","","","","NO_MAPPED_VENDOR","Source candidates and check existing vendors for explicit coverage"
"bergen","haworth","Haworth","tile","0","0","","","","","","NO_MAPPED_VENDOR","Source candidates and check existing vendors for explicit coverage"
"bergen","haworth","Haworth","plumbing","0","0","","","","","","NO_MAPPED_VENDOR","Source candidates and check existing vendors for explicit coverage"
"bergen","haworth","Haworth","electrical","0","0","","","","","","NO_MAPPED_VENDOR","Source candidates and check existing vendors for explicit coverage"
"bergen","hillsdale","Hillsdale","handyman","0","0","","","","","","NO_MAPPED_VENDOR","Source candidates and check existing vendors for explicit coverage"
"bergen","hillsdale","Hillsdale","masonry","0","0","","","","","","NO_MAPPED_VENDOR","Source candidates and check existing vendors for explicit coverage"
"bergen","hillsdale","Hillsdale","landscaping","0","0","","","","","","NO_MAPPED_VENDOR","Source candidates and check existing vendors for explicit coverage"
"bergen","hillsdale","Hillsdale","painting","0","0","","","","","","NO_MAPPED_VENDOR","Source candidates and check existing vendors for explicit coverage"
"bergen","hillsdale","Hillsdale","drywall","0","0","","","","","","NO_MAPPED_VENDOR","Source candidates and check existing vendors for explicit coverage"
"bergen","hillsdale","Hillsdale","tile","0","0","","","","","","NO_MAPPED_VENDOR","Source candidates and check existing vendors for explicit coverage"
"bergen","hillsdale","Hillsdale","plumbing","0","0","","","","","","NO_MAPPED_VENDOR","Source candidates and check existing vendors for explicit coverage"
"bergen","hillsdale","Hillsdale","electrical","0","0","","","","","","NO_MAPPED_VENDOR","Source candidates and check existing vendors for explicit coverage"
"bergen","ho-ho-kus","Ho-Ho-Kus","handyman","0","0","","","","","","NO_MAPPED_VENDOR","Source candidates and check existing vendors for explicit coverage"
"bergen","ho-ho-kus","Ho-Ho-Kus","masonry","0","0","","","","","","NO_MAPPED_VENDOR","Source candidates and check existing vendors for explicit coverage"
"bergen","ho-ho-kus","Ho-Ho-Kus","landscaping","0","0","","","","","","NO_MAPPED_VENDOR","Source candidates and check existing vendors for explicit coverage"
"bergen","ho-ho-kus","Ho-Ho-Kus","painting","0","0","","","","","","NO_MAPPED_VENDOR","Source candidates and check existing vendors for explicit coverage"
"bergen","ho-ho-kus","Ho-Ho-Kus","drywall","0","0","","","","","","NO_MAPPED_VENDOR","Source candidates and check existing vendors for explicit coverage"
"bergen","ho-ho-kus","Ho-Ho-Kus","tile","0","0","","","","","","NO_MAPPED_VENDOR","Source candidates and check existing vendors for explicit coverage"
"bergen","ho-ho-kus","Ho-Ho-Kus","plumbing","0","0","","","","","","NO_MAPPED_VENDOR","Source candidates and check existing vendors for explicit coverage"
"bergen","ho-ho-kus","Ho-Ho-Kus","electrical","0","0","","","","","","NO_MAPPED_VENDOR","Source candidates and check existing vendors for explicit coverage"
"bergen","leonia","Leonia","handyman","0","0","","","","","","NO_MAPPED_VENDOR","Source candidates and check existing vendors for explicit coverage"
"bergen","leonia","Leonia","masonry","0","0","","","","","","NO_MAPPED_VENDOR","Source candidates and check existing vendors for explicit coverage"
"bergen","leonia","Leonia","landscaping","0","0","","","","","","NO_MAPPED_VENDOR","Source candidates and check existing vendors for explicit coverage"
"bergen","leonia","Leonia","painting","0","0","","","","","","NO_MAPPED_VENDOR","Source candidates and check existing vendors for explicit coverage"
"bergen","leonia","Leonia","drywall","0","0","","","","","","NO_MAPPED_VENDOR","Source candidates and check existing vendors for explicit coverage"
"bergen","leonia","Leonia","tile","0","0","","","","","","NO_MAPPED_VENDOR","Source candidates and check existing vendors for explicit coverage"
"bergen","leonia","Leonia","plumbing","0","0","","","","","","NO_MAPPED_VENDOR","Source candidates and check existing vendors for explicit coverage"
"bergen","leonia","Leonia","electrical","0","0","","","","","","NO_MAPPED_VENDOR","Source candidates and check existing vendors for explicit coverage"
"bergen","little-ferry","Little Ferry","handyman","0","0","","","","","","NO_MAPPED_VENDOR","Source candidates and check existing vendors for explicit coverage"
"bergen","little-ferry","Little Ferry","masonry","0","0","","","","","","NO_MAPPED_VENDOR","Source candidates and check existing vendors for explicit coverage"
"bergen","little-ferry","Little Ferry","landscaping","0","0","","","","","","NO_MAPPED_VENDOR","Source candidates and check existing vendors for explicit coverage"
"bergen","little-ferry","Little Ferry","painting","0","0","","","","","","NO_MAPPED_VENDOR","Source candidates and check existing vendors for explicit coverage"
"bergen","little-ferry","Little Ferry","drywall","0","0","","","","","","NO_MAPPED_VENDOR","Source candidates and check existing vendors for explicit coverage"
"bergen","little-ferry","Little Ferry","tile","0","0","","","","","","NO_MAPPED_VENDOR","Source candidates and check existing vendors for explicit coverage"
"bergen","little-ferry","Little Ferry","plumbing","0","0","","","","","","NO_MAPPED_VENDOR","Source candidates and check existing vendors for explicit coverage"
"bergen","little-ferry","Little Ferry","electrical","0","0","","","","","","NO_MAPPED_VENDOR","Source candidates and check existing vendors for explicit coverage"
"bergen","lodi","Lodi","handyman","0","0","","","","","","NO_MAPPED_VENDOR","Source candidates and check existing vendors for explicit coverage"
"bergen","lodi","Lodi","masonry","0","0","","","","","","NO_MAPPED_VENDOR","Source candidates and check existing vendors for explicit coverage"
"bergen","lodi","Lodi","landscaping","0","0","","","","","","NO_MAPPED_VENDOR","Source candidates and check existing vendors for explicit coverage"
"bergen","lodi","Lodi","painting","0","0","","","","","","NO_MAPPED_VENDOR","Source candidates and check existing vendors for explicit coverage"
"bergen","lodi","Lodi","drywall","0","0","","","","","","NO_MAPPED_VENDOR","Source candidates and check existing vendors for explicit coverage"
"bergen","lodi","Lodi","tile","0","0","","","","","","NO_MAPPED_VENDOR","Source candidates and check existing vendors for explicit coverage"
"bergen","lodi","Lodi","plumbing","0","0","","","","","","NO_MAPPED_VENDOR","Source candidates and check existing vendors for explicit coverage"
"bergen","lodi","Lodi","electrical","0","0","","","","","","NO_MAPPED_VENDOR","Source candidates and check existing vendors for explicit coverage"
"bergen","lyndhurst","Lyndhurst","handyman","0","0","","","","","","NO_MAPPED_VENDOR","Source candidates and check existing vendors for explicit coverage"
"bergen","lyndhurst","Lyndhurst","masonry","0","0","","","","","","NO_MAPPED_VENDOR","Source candidates and check existing vendors for explicit coverage"
"bergen","lyndhurst","Lyndhurst","landscaping","0","0","","","","","","NO_MAPPED_VENDOR","Source candidates and check existing vendors for explicit coverage"
"bergen","lyndhurst","Lyndhurst","painting","0","0","","","","","","NO_MAPPED_VENDOR","Source candidates and check existing vendors for explicit coverage"
"bergen","lyndhurst","Lyndhurst","drywall","0","0","","","","","","NO_MAPPED_VENDOR","Source candidates and check existing vendors for explicit coverage"
"bergen","lyndhurst","Lyndhurst","tile","0","0","","","","","","NO_MAPPED_VENDOR","Source candidates and check existing vendors for explicit coverage"
"bergen","lyndhurst","Lyndhurst","plumbing","0","0","","","","","","NO_MAPPED_VENDOR","Source candidates and check existing vendors for explicit coverage"
"bergen","lyndhurst","Lyndhurst","electrical","0","0","","","","","","NO_MAPPED_VENDOR","Source candidates and check existing vendors for explicit coverage"
"bergen","mahwah","Mahwah","handyman","0","0","","","","","","NO_MAPPED_VENDOR","Source candidates and check existing vendors for explicit coverage"
"bergen","mahwah","Mahwah","masonry","0","0","","","","","","NO_MAPPED_VENDOR","Source candidates and check existing vendors for explicit coverage"
"bergen","mahwah","Mahwah","landscaping","0","0","","","","","","NO_MAPPED_VENDOR","Source candidates and check existing vendors for explicit coverage"
"bergen","mahwah","Mahwah","painting","0","0","","","","","","NO_MAPPED_VENDOR","Source candidates and check existing vendors for explicit coverage"
"bergen","mahwah","Mahwah","drywall","0","0","","","","","","NO_MAPPED_VENDOR","Source candidates and check existing vendors for explicit coverage"
"bergen","mahwah","Mahwah","tile","0","0","","","","","","NO_MAPPED_VENDOR","Source candidates and check existing vendors for explicit coverage"
"bergen","mahwah","Mahwah","plumbing","0","0","","","","","","NO_MAPPED_VENDOR","Source candidates and check existing vendors for explicit coverage"
"bergen","mahwah","Mahwah","electrical","0","0","","","","","","NO_MAPPED_VENDOR","Source candidates and check existing vendors for explicit coverage"
"bergen","maywood","Maywood","handyman","0","0","","","","","","NO_MAPPED_VENDOR","Source candidates and check existing vendors for explicit coverage"
"bergen","maywood","Maywood","masonry","0","0","","","","","","NO_MAPPED_VENDOR","Source candidates and check existing vendors for explicit coverage"
"bergen","maywood","Maywood","landscaping","0","0","","","","","","NO_MAPPED_VENDOR","Source candidates and check existing vendors for explicit coverage"
"bergen","maywood","Maywood","painting","0","0","","","","","","NO_MAPPED_VENDOR","Source candidates and check existing vendors for explicit coverage"
"bergen","maywood","Maywood","drywall","0","0","","","","","","NO_MAPPED_VENDOR","Source candidates and check existing vendors for explicit coverage"
"bergen","maywood","Maywood","tile","0","0","","","","","","NO_MAPPED_VENDOR","Source candidates and check existing vendors for explicit coverage"
"bergen","maywood","Maywood","plumbing","0","0","","","","","","NO_MAPPED_VENDOR","Source candidates and check existing vendors for explicit coverage"
"bergen","maywood","Maywood","electrical","0","0","","","","","","NO_MAPPED_VENDOR","Source candidates and check existing vendors for explicit coverage"
"bergen","midland-park","Midland Park","handyman","0","0","","","","","","NO_MAPPED_VENDOR","Source candidates and check existing vendors for explicit coverage"
"bergen","midland-park","Midland Park","masonry","0","0","","","","","","NO_MAPPED_VENDOR","Source candidates and check existing vendors for explicit coverage"
"bergen","midland-park","Midland Park","landscaping","0","0","","","","","","NO_MAPPED_VENDOR","Source candidates and check existing vendors for explicit coverage"
"bergen","midland-park","Midland Park","painting","0","0","","","","","","NO_MAPPED_VENDOR","Source candidates and check existing vendors for explicit coverage"
"bergen","midland-park","Midland Park","drywall","0","0","","","","","","NO_MAPPED_VENDOR","Source candidates and check existing vendors for explicit coverage"
"bergen","midland-park","Midland Park","tile","0","0","","","","","","NO_MAPPED_VENDOR","Source candidates and check existing vendors for explicit coverage"
"bergen","midland-park","Midland Park","plumbing","0","0","","","","","","NO_MAPPED_VENDOR","Source candidates and check existing vendors for explicit coverage"
"bergen","midland-park","Midland Park","electrical","0","0","","","","","","NO_MAPPED_VENDOR","Source candidates and check existing vendors for explicit coverage"
"bergen","montvale","Montvale","handyman","0","0","","","","","","NO_MAPPED_VENDOR","Source candidates and check existing vendors for explicit coverage"
"bergen","montvale","Montvale","masonry","0","0","","","","","","NO_MAPPED_VENDOR","Source candidates and check existing vendors for explicit coverage"
"bergen","montvale","Montvale","landscaping","0","0","","","","","","NO_MAPPED_VENDOR","Source candidates and check existing vendors for explicit coverage"
"bergen","montvale","Montvale","painting","0","0","","","","","","NO_MAPPED_VENDOR","Source candidates and check existing vendors for explicit coverage"
"bergen","montvale","Montvale","drywall","0","0","","","","","","NO_MAPPED_VENDOR","Source candidates and check existing vendors for explicit coverage"
"bergen","montvale","Montvale","tile","0","0","","","","","","NO_MAPPED_VENDOR","Source candidates and check existing vendors for explicit coverage"
"bergen","montvale","Montvale","plumbing","0","0","","","","","","NO_MAPPED_VENDOR","Source candidates and check existing vendors for explicit coverage"
"bergen","montvale","Montvale","electrical","0","0","","","","","","NO_MAPPED_VENDOR","Source candidates and check existing vendors for explicit coverage"
"bergen","moonachie","Moonachie","handyman","0","0","","","","","","NO_MAPPED_VENDOR","Source candidates and check existing vendors for explicit coverage"
"bergen","moonachie","Moonachie","masonry","0","0","","","","","","NO_MAPPED_VENDOR","Source candidates and check existing vendors for explicit coverage"
"bergen","moonachie","Moonachie","landscaping","0","0","","","","","","NO_MAPPED_VENDOR","Source candidates and check existing vendors for explicit coverage"
"bergen","moonachie","Moonachie","painting","0","0","","","","","","NO_MAPPED_VENDOR","Source candidates and check existing vendors for explicit coverage"
"bergen","moonachie","Moonachie","drywall","0","0","","","","","","NO_MAPPED_VENDOR","Source candidates and check existing vendors for explicit coverage"
"bergen","moonachie","Moonachie","tile","0","0","","","","","","NO_MAPPED_VENDOR","Source candidates and check existing vendors for explicit coverage"
"bergen","moonachie","Moonachie","plumbing","0","0","","","","","","NO_MAPPED_VENDOR","Source candidates and check existing vendors for explicit coverage"
"bergen","moonachie","Moonachie","electrical","0","0","","","","","","NO_MAPPED_VENDOR","Source candidates and check existing vendors for explicit coverage"
"bergen","new-milford","New Milford","handyman","0","0","","","","","","NO_MAPPED_VENDOR","Source candidates and check existing vendors for explicit coverage"
"bergen","new-milford","New Milford","masonry","0","0","","","","","","NO_MAPPED_VENDOR","Source candidates and check existing vendors for explicit coverage"
"bergen","new-milford","New Milford","landscaping","0","0","","","","","","NO_MAPPED_VENDOR","Source candidates and check existing vendors for explicit coverage"
"bergen","new-milford","New Milford","painting","0","0","","","","","","NO_MAPPED_VENDOR","Source candidates and check existing vendors for explicit coverage"
"bergen","new-milford","New Milford","drywall","0","0","","","","","","NO_MAPPED_VENDOR","Source candidates and check existing vendors for explicit coverage"
"bergen","new-milford","New Milford","tile","0","0","","","","","","NO_MAPPED_VENDOR","Source candidates and check existing vendors for explicit coverage"
"bergen","new-milford","New Milford","plumbing","0","0","","","","","","NO_MAPPED_VENDOR","Source candidates and check existing vendors for explicit coverage"
"bergen","new-milford","New Milford","electrical","0","0","","","","","","NO_MAPPED_VENDOR","Source candidates and check existing vendors for explicit coverage"
"bergen","north-arlington","North Arlington","handyman","0","0","","","","","","NO_MAPPED_VENDOR","Source candidates and check existing vendors for explicit coverage"
"bergen","north-arlington","North Arlington","masonry","0","0","","","","","","NO_MAPPED_VENDOR","Source candidates and check existing vendors for explicit coverage"
"bergen","north-arlington","North Arlington","landscaping","0","0","","","","","","NO_MAPPED_VENDOR","Source candidates and check existing vendors for explicit coverage"
"bergen","north-arlington","North Arlington","painting","0","0","","","","","","NO_MAPPED_VENDOR","Source candidates and check existing vendors for explicit coverage"
"bergen","north-arlington","North Arlington","drywall","0","0","","","","","","NO_MAPPED_VENDOR","Source candidates and check existing vendors for explicit coverage"
"bergen","north-arlington","North Arlington","tile","0","0","","","","","","NO_MAPPED_VENDOR","Source candidates and check existing vendors for explicit coverage"
"bergen","north-arlington","North Arlington","plumbing","0","0","","","","","","NO_MAPPED_VENDOR","Source candidates and check existing vendors for explicit coverage"
"bergen","north-arlington","North Arlington","electrical","0","0","","","","","","NO_MAPPED_VENDOR","Source candidates and check existing vendors for explicit coverage"
"bergen","northvale","Northvale","handyman","0","0","","","","","","NO_MAPPED_VENDOR","Source candidates and check existing vendors for explicit coverage"
"bergen","northvale","Northvale","masonry","0","0","","","","","","NO_MAPPED_VENDOR","Source candidates and check existing vendors for explicit coverage"
"bergen","northvale","Northvale","landscaping","0","0","","","","","","NO_MAPPED_VENDOR","Source candidates and check existing vendors for explicit coverage"
"bergen","northvale","Northvale","painting","0","0","","","","","","NO_MAPPED_VENDOR","Source candidates and check existing vendors for explicit coverage"
"bergen","northvale","Northvale","drywall","0","0","","","","","","NO_MAPPED_VENDOR","Source candidates and check existing vendors for explicit coverage"
"bergen","northvale","Northvale","tile","0","0","","","","","","NO_MAPPED_VENDOR","Source candidates and check existing vendors for explicit coverage"
"bergen","northvale","Northvale","plumbing","0","0","","","","","","NO_MAPPED_VENDOR","Source candidates and check existing vendors for explicit coverage"
"bergen","northvale","Northvale","electrical","0","0","","","","","","NO_MAPPED_VENDOR","Source candidates and check existing vendors for explicit coverage"
"bergen","norwood","Norwood","handyman","0","0","","","","","","NO_MAPPED_VENDOR","Source candidates and check existing vendors for explicit coverage"
"bergen","norwood","Norwood","masonry","0","0","","","","","","NO_MAPPED_VENDOR","Source candidates and check existing vendors for explicit coverage"
"bergen","norwood","Norwood","landscaping","0","0","","","","","","NO_MAPPED_VENDOR","Source candidates and check existing vendors for explicit coverage"
"bergen","norwood","Norwood","painting","0","0","","","","","","NO_MAPPED_VENDOR","Source candidates and check existing vendors for explicit coverage"
"bergen","norwood","Norwood","drywall","0","0","","","","","","NO_MAPPED_VENDOR","Source candidates and check existing vendors for explicit coverage"
"bergen","norwood","Norwood","tile","0","0","","","","","","NO_MAPPED_VENDOR","Source candidates and check existing vendors for explicit coverage"
"bergen","norwood","Norwood","plumbing","0","0","","","","","","NO_MAPPED_VENDOR","Source candidates and check existing vendors for explicit coverage"
"bergen","norwood","Norwood","electrical","0","0","","","","","","NO_MAPPED_VENDOR","Source candidates and check existing vendors for explicit coverage"
"bergen","oakland","Oakland","handyman","0","0","","","","","","NO_MAPPED_VENDOR","Source candidates and check existing vendors for explicit coverage"
"bergen","oakland","Oakland","masonry","0","0","","","","","","NO_MAPPED_VENDOR","Source candidates and check existing vendors for explicit coverage"
"bergen","oakland","Oakland","landscaping","0","0","","","","","","NO_MAPPED_VENDOR","Source candidates and check existing vendors for explicit coverage"
"bergen","oakland","Oakland","painting","0","0","","","","","","NO_MAPPED_VENDOR","Source candidates and check existing vendors for explicit coverage"
"bergen","oakland","Oakland","drywall","0","0","","","","","","NO_MAPPED_VENDOR","Source candidates and check existing vendors for explicit coverage"
"bergen","oakland","Oakland","tile","0","0","","","","","","NO_MAPPED_VENDOR","Source candidates and check existing vendors for explicit coverage"
"bergen","oakland","Oakland","plumbing","0","0","","","","","","NO_MAPPED_VENDOR","Source candidates and check existing vendors for explicit coverage"
"bergen","oakland","Oakland","electrical","0","0","","","","","","NO_MAPPED_VENDOR","Source candidates and check existing vendors for explicit coverage"
"bergen","old-tappan","Old Tappan","handyman","0","0","","","","","","NO_MAPPED_VENDOR","Source candidates and check existing vendors for explicit coverage"
"bergen","old-tappan","Old Tappan","masonry","0","0","","","","","","NO_MAPPED_VENDOR","Source candidates and check existing vendors for explicit coverage"
"bergen","old-tappan","Old Tappan","landscaping","0","0","","","","","","NO_MAPPED_VENDOR","Source candidates and check existing vendors for explicit coverage"
"bergen","old-tappan","Old Tappan","painting","0","0","","","","","","NO_MAPPED_VENDOR","Source candidates and check existing vendors for explicit coverage"
"bergen","old-tappan","Old Tappan","drywall","0","0","","","","","","NO_MAPPED_VENDOR","Source candidates and check existing vendors for explicit coverage"
"bergen","old-tappan","Old Tappan","tile","0","0","","","","","","NO_MAPPED_VENDOR","Source candidates and check existing vendors for explicit coverage"
"bergen","old-tappan","Old Tappan","plumbing","0","0","","","","","","NO_MAPPED_VENDOR","Source candidates and check existing vendors for explicit coverage"
"bergen","old-tappan","Old Tappan","electrical","0","0","","","","","","NO_MAPPED_VENDOR","Source candidates and check existing vendors for explicit coverage"
"bergen","oradell","Oradell","handyman","0","0","","","","","","NO_MAPPED_VENDOR","Source candidates and check existing vendors for explicit coverage"
"bergen","oradell","Oradell","masonry","0","0","","","","","","NO_MAPPED_VENDOR","Source candidates and check existing vendors for explicit coverage"
"bergen","oradell","Oradell","landscaping","0","0","","","","","","NO_MAPPED_VENDOR","Source candidates and check existing vendors for explicit coverage"
"bergen","oradell","Oradell","painting","0","0","","","","","","NO_MAPPED_VENDOR","Source candidates and check existing vendors for explicit coverage"
"bergen","oradell","Oradell","drywall","0","0","","","","","","NO_MAPPED_VENDOR","Source candidates and check existing vendors for explicit coverage"
"bergen","oradell","Oradell","tile","0","0","","","","","","NO_MAPPED_VENDOR","Source candidates and check existing vendors for explicit coverage"
"bergen","oradell","Oradell","plumbing","0","0","","","","","","NO_MAPPED_VENDOR","Source candidates and check existing vendors for explicit coverage"
"bergen","oradell","Oradell","electrical","0","0","","","","","","NO_MAPPED_VENDOR","Source candidates and check existing vendors for explicit coverage"
"bergen","palisades-park","Palisades Park","handyman","0","0","","","","","","NO_MAPPED_VENDOR","Source candidates and check existing vendors for explicit coverage"
"bergen","palisades-park","Palisades Park","masonry","0","0","","","","","","NO_MAPPED_VENDOR","Source candidates and check existing vendors for explicit coverage"
"bergen","palisades-park","Palisades Park","landscaping","0","0","","","","","","NO_MAPPED_VENDOR","Source candidates and check existing vendors for explicit coverage"
"bergen","palisades-park","Palisades Park","painting","0","0","","","","","","NO_MAPPED_VENDOR","Source candidates and check existing vendors for explicit coverage"
"bergen","palisades-park","Palisades Park","drywall","0","0","","","","","","NO_MAPPED_VENDOR","Source candidates and check existing vendors for explicit coverage"
"bergen","palisades-park","Palisades Park","tile","0","0","","","","","","NO_MAPPED_VENDOR","Source candidates and check existing vendors for explicit coverage"
"bergen","palisades-park","Palisades Park","plumbing","0","0","","","","","","NO_MAPPED_VENDOR","Source candidates and check existing vendors for explicit coverage"
"bergen","palisades-park","Palisades Park","electrical","0","0","","","","","","NO_MAPPED_VENDOR","Source candidates and check existing vendors for explicit coverage"
"bergen","paramus","Paramus","handyman","0","0","","","","","","NO_MAPPED_VENDOR","Source candidates and check existing vendors for explicit coverage"
"bergen","paramus","Paramus","masonry","0","0","","","","","","NO_MAPPED_VENDOR","Source candidates and check existing vendors for explicit coverage"
"bergen","paramus","Paramus","landscaping","0","0","","","","","","NO_MAPPED_VENDOR","Source candidates and check existing vendors for explicit coverage"
"bergen","paramus","Paramus","painting","0","0","","","","","","NO_MAPPED_VENDOR","Source candidates and check existing vendors for explicit coverage"
"bergen","paramus","Paramus","drywall","0","0","","","","","","NO_MAPPED_VENDOR","Source candidates and check existing vendors for explicit coverage"
"bergen","paramus","Paramus","tile","0","0","","","","","","NO_MAPPED_VENDOR","Source candidates and check existing vendors for explicit coverage"
"bergen","paramus","Paramus","plumbing","0","0","","","","","","NO_MAPPED_VENDOR","Source candidates and check existing vendors for explicit coverage"
"bergen","paramus","Paramus","electrical","0","0","","","","","","NO_MAPPED_VENDOR","Source candidates and check existing vendors for explicit coverage"
"bergen","park-ridge","Park Ridge","handyman","0","0","","","","","","NO_MAPPED_VENDOR","Source candidates and check existing vendors for explicit coverage"
"bergen","park-ridge","Park Ridge","masonry","0","0","","","","","","NO_MAPPED_VENDOR","Source candidates and check existing vendors for explicit coverage"
"bergen","park-ridge","Park Ridge","landscaping","0","0","","","","","","NO_MAPPED_VENDOR","Source candidates and check existing vendors for explicit coverage"
"bergen","park-ridge","Park Ridge","painting","0","0","","","","","","NO_MAPPED_VENDOR","Source candidates and check existing vendors for explicit coverage"
"bergen","park-ridge","Park Ridge","drywall","0","0","","","","","","NO_MAPPED_VENDOR","Source candidates and check existing vendors for explicit coverage"
"bergen","park-ridge","Park Ridge","tile","0","0","","","","","","NO_MAPPED_VENDOR","Source candidates and check existing vendors for explicit coverage"
"bergen","park-ridge","Park Ridge","plumbing","0","0","","","","","","NO_MAPPED_VENDOR","Source candidates and check existing vendors for explicit coverage"
"bergen","park-ridge","Park Ridge","electrical","0","0","","","","","","NO_MAPPED_VENDOR","Source candidates and check existing vendors for explicit coverage"
"bergen","ramsey","Ramsey","handyman","0","0","","","","","","NO_MAPPED_VENDOR","Source candidates and check existing vendors for explicit coverage"
"bergen","ramsey","Ramsey","masonry","0","0","","","","","","NO_MAPPED_VENDOR","Source candidates and check existing vendors for explicit coverage"
"bergen","ramsey","Ramsey","landscaping","0","0","","","","","","NO_MAPPED_VENDOR","Source candidates and check existing vendors for explicit coverage"
"bergen","ramsey","Ramsey","painting","0","0","","","","","","NO_MAPPED_VENDOR","Source candidates and check existing vendors for explicit coverage"
"bergen","ramsey","Ramsey","drywall","0","0","","","","","","NO_MAPPED_VENDOR","Source candidates and check existing vendors for explicit coverage"
"bergen","ramsey","Ramsey","tile","0","0","","","","","","NO_MAPPED_VENDOR","Source candidates and check existing vendors for explicit coverage"
"bergen","ramsey","Ramsey","plumbing","0","0","","","","","","NO_MAPPED_VENDOR","Source candidates and check existing vendors for explicit coverage"
"bergen","ramsey","Ramsey","electrical","0","0","","","","","","NO_MAPPED_VENDOR","Source candidates and check existing vendors for explicit coverage"
"bergen","ridgefield","Ridgefield","handyman","0","0","","","","","","NO_MAPPED_VENDOR","Source candidates and check existing vendors for explicit coverage"
"bergen","ridgefield","Ridgefield","masonry","0","0","","","","","","NO_MAPPED_VENDOR","Source candidates and check existing vendors for explicit coverage"
"bergen","ridgefield","Ridgefield","landscaping","0","0","","","","","","NO_MAPPED_VENDOR","Source candidates and check existing vendors for explicit coverage"
"bergen","ridgefield","Ridgefield","painting","0","0","","","","","","NO_MAPPED_VENDOR","Source candidates and check existing vendors for explicit coverage"
"bergen","ridgefield","Ridgefield","drywall","0","0","","","","","","NO_MAPPED_VENDOR","Source candidates and check existing vendors for explicit coverage"
"bergen","ridgefield","Ridgefield","tile","0","0","","","","","","NO_MAPPED_VENDOR","Source candidates and check existing vendors for explicit coverage"
"bergen","ridgefield","Ridgefield","plumbing","0","0","","","","","","NO_MAPPED_VENDOR","Source candidates and check existing vendors for explicit coverage"
"bergen","ridgefield","Ridgefield","electrical","0","0","","","","","","NO_MAPPED_VENDOR","Source candidates and check existing vendors for explicit coverage"
"bergen","ridgefield-park","Ridgefield Park","handyman","0","0","","","","","","NO_MAPPED_VENDOR","Source candidates and check existing vendors for explicit coverage"
"bergen","ridgefield-park","Ridgefield Park","masonry","0","0","","","","","","NO_MAPPED_VENDOR","Source candidates and check existing vendors for explicit coverage"
"bergen","ridgefield-park","Ridgefield Park","landscaping","0","0","","","","","","NO_MAPPED_VENDOR","Source candidates and check existing vendors for explicit coverage"
"bergen","ridgefield-park","Ridgefield Park","painting","0","0","","","","","","NO_MAPPED_VENDOR","Source candidates and check existing vendors for explicit coverage"
"bergen","ridgefield-park","Ridgefield Park","drywall","0","0","","","","","","NO_MAPPED_VENDOR","Source candidates and check existing vendors for explicit coverage"
"bergen","ridgefield-park","Ridgefield Park","tile","0","0","","","","","","NO_MAPPED_VENDOR","Source candidates and check existing vendors for explicit coverage"
"bergen","ridgefield-park","Ridgefield Park","plumbing","0","0","","","","","","NO_MAPPED_VENDOR","Source candidates and check existing vendors for explicit coverage"
"bergen","ridgefield-park","Ridgefield Park","electrical","0","0","","","","","","NO_MAPPED_VENDOR","Source candidates and check existing vendors for explicit coverage"
"bergen","ridgewood","Ridgewood","handyman","0","0","","","","","","NO_MAPPED_VENDOR","Source candidates and check existing vendors for explicit coverage"
"bergen","ridgewood","Ridgewood","masonry","0","0","","","","","","NO_MAPPED_VENDOR","Source candidates and check existing vendors for explicit coverage"
"bergen","ridgewood","Ridgewood","landscaping","0","0","","","","","","NO_MAPPED_VENDOR","Source candidates and check existing vendors for explicit coverage"
"bergen","ridgewood","Ridgewood","painting","0","0","","","","","","NO_MAPPED_VENDOR","Source candidates and check existing vendors for explicit coverage"
"bergen","ridgewood","Ridgewood","drywall","0","0","","","","","","NO_MAPPED_VENDOR","Source candidates and check existing vendors for explicit coverage"
"bergen","ridgewood","Ridgewood","tile","0","0","","","","","","NO_MAPPED_VENDOR","Source candidates and check existing vendors for explicit coverage"
"bergen","ridgewood","Ridgewood","plumbing","0","0","","","","","","NO_MAPPED_VENDOR","Source candidates and check existing vendors for explicit coverage"
"bergen","ridgewood","Ridgewood","electrical","0","0","","","","","","NO_MAPPED_VENDOR","Source candidates and check existing vendors for explicit coverage"
"bergen","river-edge","River Edge","handyman","0","0","","","","","","NO_MAPPED_VENDOR","Source candidates and check existing vendors for explicit coverage"
"bergen","river-edge","River Edge","masonry","0","0","","","","","","NO_MAPPED_VENDOR","Source candidates and check existing vendors for explicit coverage"
"bergen","river-edge","River Edge","landscaping","0","0","","","","","","NO_MAPPED_VENDOR","Source candidates and check existing vendors for explicit coverage"
"bergen","river-edge","River Edge","painting","0","0","","","","","","NO_MAPPED_VENDOR","Source candidates and check existing vendors for explicit coverage"
"bergen","river-edge","River Edge","drywall","0","0","","","","","","NO_MAPPED_VENDOR","Source candidates and check existing vendors for explicit coverage"
"bergen","river-edge","River Edge","tile","0","0","","","","","","NO_MAPPED_VENDOR","Source candidates and check existing vendors for explicit coverage"
"bergen","river-edge","River Edge","plumbing","0","0","","","","","","NO_MAPPED_VENDOR","Source candidates and check existing vendors for explicit coverage"
"bergen","river-edge","River Edge","electrical","0","0","","","","","","NO_MAPPED_VENDOR","Source candidates and check existing vendors for explicit coverage"
"bergen","river-vale","River Vale","handyman","0","0","","","","","","NO_MAPPED_VENDOR","Source candidates and check existing vendors for explicit coverage"
"bergen","river-vale","River Vale","masonry","0","0","","","","","","NO_MAPPED_VENDOR","Source candidates and check existing vendors for explicit coverage"
"bergen","river-vale","River Vale","landscaping","0","0","","","","","","NO_MAPPED_VENDOR","Source candidates and check existing vendors for explicit coverage"
"bergen","river-vale","River Vale","painting","0","0","","","","","","NO_MAPPED_VENDOR","Source candidates and check existing vendors for explicit coverage"
"bergen","river-vale","River Vale","drywall","0","0","","","","","","NO_MAPPED_VENDOR","Source candidates and check existing vendors for explicit coverage"
"bergen","river-vale","River Vale","tile","0","0","","","","","","NO_MAPPED_VENDOR","Source candidates and check existing vendors for explicit coverage"
"bergen","river-vale","River Vale","plumbing","0","0","","","","","","NO_MAPPED_VENDOR","Source candidates and check existing vendors for explicit coverage"
"bergen","river-vale","River Vale","electrical","0","0","","","","","","NO_MAPPED_VENDOR","Source candidates and check existing vendors for explicit coverage"
"bergen","rochelle-park","Rochelle Park","handyman","0","0","","","","","","NO_MAPPED_VENDOR","Source candidates and check existing vendors for explicit coverage"
"bergen","rochelle-park","Rochelle Park","masonry","0","0","","","","","","NO_MAPPED_VENDOR","Source candidates and check existing vendors for explicit coverage"
"bergen","rochelle-park","Rochelle Park","landscaping","0","0","","","","","","NO_MAPPED_VENDOR","Source candidates and check existing vendors for explicit coverage"
"bergen","rochelle-park","Rochelle Park","painting","0","0","","","","","","NO_MAPPED_VENDOR","Source candidates and check existing vendors for explicit coverage"
"bergen","rochelle-park","Rochelle Park","drywall","0","0","","","","","","NO_MAPPED_VENDOR","Source candidates and check existing vendors for explicit coverage"
"bergen","rochelle-park","Rochelle Park","tile","0","0","","","","","","NO_MAPPED_VENDOR","Source candidates and check existing vendors for explicit coverage"
"bergen","rochelle-park","Rochelle Park","plumbing","0","0","","","","","","NO_MAPPED_VENDOR","Source candidates and check existing vendors for explicit coverage"
"bergen","rochelle-park","Rochelle Park","electrical","0","0","","","","","","NO_MAPPED_VENDOR","Source candidates and check existing vendors for explicit coverage"
"bergen","rockleigh","Rockleigh","handyman","0","0","","","","","","NO_MAPPED_VENDOR","Source candidates and check existing vendors for explicit coverage"
"bergen","rockleigh","Rockleigh","masonry","0","0","","","","","","NO_MAPPED_VENDOR","Source candidates and check existing vendors for explicit coverage"
"bergen","rockleigh","Rockleigh","landscaping","0","0","","","","","","NO_MAPPED_VENDOR","Source candidates and check existing vendors for explicit coverage"
"bergen","rockleigh","Rockleigh","painting","0","0","","","","","","NO_MAPPED_VENDOR","Source candidates and check existing vendors for explicit coverage"
"bergen","rockleigh","Rockleigh","drywall","0","0","","","","","","NO_MAPPED_VENDOR","Source candidates and check existing vendors for explicit coverage"
"bergen","rockleigh","Rockleigh","tile","0","0","","","","","","NO_MAPPED_VENDOR","Source candidates and check existing vendors for explicit coverage"
"bergen","rockleigh","Rockleigh","plumbing","0","0","","","","","","NO_MAPPED_VENDOR","Source candidates and check existing vendors for explicit coverage"
"bergen","rockleigh","Rockleigh","electrical","0","0","","","","","","NO_MAPPED_VENDOR","Source candidates and check existing vendors for explicit coverage"
"bergen","rutherford","Rutherford","handyman","0","0","","","","","","NO_MAPPED_VENDOR","Source candidates and check existing vendors for explicit coverage"
"bergen","rutherford","Rutherford","masonry","0","0","","","","","","NO_MAPPED_VENDOR","Source candidates and check existing vendors for explicit coverage"
"bergen","rutherford","Rutherford","landscaping","0","0","","","","","","NO_MAPPED_VENDOR","Source candidates and check existing vendors for explicit coverage"
"bergen","rutherford","Rutherford","painting","0","0","","","","","","NO_MAPPED_VENDOR","Source candidates and check existing vendors for explicit coverage"
"bergen","rutherford","Rutherford","drywall","0","0","","","","","","NO_MAPPED_VENDOR","Source candidates and check existing vendors for explicit coverage"
"bergen","rutherford","Rutherford","tile","0","0","","","","","","NO_MAPPED_VENDOR","Source candidates and check existing vendors for explicit coverage"
"bergen","rutherford","Rutherford","plumbing","0","0","","","","","","NO_MAPPED_VENDOR","Source candidates and check existing vendors for explicit coverage"
"bergen","rutherford","Rutherford","electrical","0","0","","","","","","NO_MAPPED_VENDOR","Source candidates and check existing vendors for explicit coverage"
"bergen","saddle-brook","Saddle Brook","handyman","0","0","","","","","","NO_MAPPED_VENDOR","Source candidates and check existing vendors for explicit coverage"
"bergen","saddle-brook","Saddle Brook","masonry","0","0","","","","","","NO_MAPPED_VENDOR","Source candidates and check existing vendors for explicit coverage"
"bergen","saddle-brook","Saddle Brook","landscaping","0","0","","","","","","NO_MAPPED_VENDOR","Source candidates and check existing vendors for explicit coverage"
"bergen","saddle-brook","Saddle Brook","painting","0","0","","","","","","NO_MAPPED_VENDOR","Source candidates and check existing vendors for explicit coverage"
"bergen","saddle-brook","Saddle Brook","drywall","0","0","","","","","","NO_MAPPED_VENDOR","Source candidates and check existing vendors for explicit coverage"
"bergen","saddle-brook","Saddle Brook","tile","0","0","","","","","","NO_MAPPED_VENDOR","Source candidates and check existing vendors for explicit coverage"
"bergen","saddle-brook","Saddle Brook","plumbing","0","0","","","","","","NO_MAPPED_VENDOR","Source candidates and check existing vendors for explicit coverage"
"bergen","saddle-brook","Saddle Brook","electrical","0","0","","","","","","NO_MAPPED_VENDOR","Source candidates and check existing vendors for explicit coverage"
"bergen","saddle-river","Saddle River","handyman","0","0","","","","","","NO_MAPPED_VENDOR","Source candidates and check existing vendors for explicit coverage"
"bergen","saddle-river","Saddle River","masonry","0","0","","","","","","NO_MAPPED_VENDOR","Source candidates and check existing vendors for explicit coverage"
"bergen","saddle-river","Saddle River","landscaping","0","0","","","","","","NO_MAPPED_VENDOR","Source candidates and check existing vendors for explicit coverage"
"bergen","saddle-river","Saddle River","painting","0","0","","","","","","NO_MAPPED_VENDOR","Source candidates and check existing vendors for explicit coverage"
"bergen","saddle-river","Saddle River","drywall","0","0","","","","","","NO_MAPPED_VENDOR","Source candidates and check existing vendors for explicit coverage"
"bergen","saddle-river","Saddle River","tile","0","0","","","","","","NO_MAPPED_VENDOR","Source candidates and check existing vendors for explicit coverage"
"bergen","saddle-river","Saddle River","plumbing","0","0","","","","","","NO_MAPPED_VENDOR","Source candidates and check existing vendors for explicit coverage"
"bergen","saddle-river","Saddle River","electrical","0","0","","","","","","NO_MAPPED_VENDOR","Source candidates and check existing vendors for explicit coverage"
"bergen","south-hackensack","South Hackensack","handyman","0","0","","","","","","NO_MAPPED_VENDOR","Source candidates and check existing vendors for explicit coverage"
"bergen","south-hackensack","South Hackensack","masonry","0","0","","","","","","NO_MAPPED_VENDOR","Source candidates and check existing vendors for explicit coverage"
"bergen","south-hackensack","South Hackensack","landscaping","0","0","","","","","","NO_MAPPED_VENDOR","Source candidates and check existing vendors for explicit coverage"
"bergen","south-hackensack","South Hackensack","painting","0","0","","","","","","NO_MAPPED_VENDOR","Source candidates and check existing vendors for explicit coverage"
"bergen","south-hackensack","South Hackensack","drywall","0","0","","","","","","NO_MAPPED_VENDOR","Source candidates and check existing vendors for explicit coverage"
"bergen","south-hackensack","South Hackensack","tile","0","0","","","","","","NO_MAPPED_VENDOR","Source candidates and check existing vendors for explicit coverage"
"bergen","south-hackensack","South Hackensack","plumbing","0","0","","","","","","NO_MAPPED_VENDOR","Source candidates and check existing vendors for explicit coverage"
"bergen","south-hackensack","South Hackensack","electrical","0","0","","","","","","NO_MAPPED_VENDOR","Source candidates and check existing vendors for explicit coverage"
"bergen","teaneck","Teaneck","handyman","0","0","","","","","","NO_MAPPED_VENDOR","Source candidates and check existing vendors for explicit coverage"
"bergen","teaneck","Teaneck","masonry","0","0","","","","","","NO_MAPPED_VENDOR","Source candidates and check existing vendors for explicit coverage"
"bergen","teaneck","Teaneck","landscaping","0","0","","","","","","NO_MAPPED_VENDOR","Source candidates and check existing vendors for explicit coverage"
"bergen","teaneck","Teaneck","painting","0","0","","","","","","NO_MAPPED_VENDOR","Source candidates and check existing vendors for explicit coverage"
"bergen","teaneck","Teaneck","drywall","0","0","","","","","","NO_MAPPED_VENDOR","Source candidates and check existing vendors for explicit coverage"
"bergen","teaneck","Teaneck","tile","0","0","","","","","","NO_MAPPED_VENDOR","Source candidates and check existing vendors for explicit coverage"
"bergen","teaneck","Teaneck","plumbing","0","0","","","","","","NO_MAPPED_VENDOR","Source candidates and check existing vendors for explicit coverage"
"bergen","teaneck","Teaneck","electrical","0","0","","","","","","NO_MAPPED_VENDOR","Source candidates and check existing vendors for explicit coverage"
"bergen","tenafly","Tenafly","handyman","0","0","","","","","","NO_MAPPED_VENDOR","Source candidates and check existing vendors for explicit coverage"
"bergen","tenafly","Tenafly","masonry","0","0","","","","","","NO_MAPPED_VENDOR","Source candidates and check existing vendors for explicit coverage"
"bergen","tenafly","Tenafly","landscaping","0","0","","","","","","NO_MAPPED_VENDOR","Source candidates and check existing vendors for explicit coverage"
"bergen","tenafly","Tenafly","painting","0","0","","","","","","NO_MAPPED_VENDOR","Source candidates and check existing vendors for explicit coverage"
"bergen","tenafly","Tenafly","drywall","0","0","","","","","","NO_MAPPED_VENDOR","Source candidates and check existing vendors for explicit coverage"
"bergen","tenafly","Tenafly","tile","0","0","","","","","","NO_MAPPED_VENDOR","Source candidates and check existing vendors for explicit coverage"
"bergen","tenafly","Tenafly","plumbing","0","0","","","","","","NO_MAPPED_VENDOR","Source candidates and check existing vendors for explicit coverage"
"bergen","tenafly","Tenafly","electrical","0","0","","","","","","NO_MAPPED_VENDOR","Source candidates and check existing vendors for explicit coverage"
"bergen","teterboro","Teterboro","handyman","0","0","","","","","","NO_MAPPED_VENDOR","Source candidates and check existing vendors for explicit coverage"
"bergen","teterboro","Teterboro","masonry","0","0","","","","","","NO_MAPPED_VENDOR","Source candidates and check existing vendors for explicit coverage"
"bergen","teterboro","Teterboro","landscaping","0","0","","","","","","NO_MAPPED_VENDOR","Source candidates and check existing vendors for explicit coverage"
"bergen","teterboro","Teterboro","painting","0","0","","","","","","NO_MAPPED_VENDOR","Source candidates and check existing vendors for explicit coverage"
"bergen","teterboro","Teterboro","drywall","0","0","","","","","","NO_MAPPED_VENDOR","Source candidates and check existing vendors for explicit coverage"
"bergen","teterboro","Teterboro","tile","0","0","","","","","","NO_MAPPED_VENDOR","Source candidates and check existing vendors for explicit coverage"
"bergen","teterboro","Teterboro","plumbing","0","0","","","","","","NO_MAPPED_VENDOR","Source candidates and check existing vendors for explicit coverage"
"bergen","teterboro","Teterboro","electrical","0","0","","","","","","NO_MAPPED_VENDOR","Source candidates and check existing vendors for explicit coverage"
"bergen","upper-saddle-river","Upper Saddle River","handyman","0","0","","","","","","NO_MAPPED_VENDOR","Source candidates and check existing vendors for explicit coverage"
"bergen","upper-saddle-river","Upper Saddle River","masonry","0","0","","","","","","NO_MAPPED_VENDOR","Source candidates and check existing vendors for explicit coverage"
"bergen","upper-saddle-river","Upper Saddle River","landscaping","0","0","","","","","","NO_MAPPED_VENDOR","Source candidates and check existing vendors for explicit coverage"
"bergen","upper-saddle-river","Upper Saddle River","painting","0","0","","","","","","NO_MAPPED_VENDOR","Source candidates and check existing vendors for explicit coverage"
"bergen","upper-saddle-river","Upper Saddle River","drywall","0","0","","","","","","NO_MAPPED_VENDOR","Source candidates and check existing vendors for explicit coverage"
"bergen","upper-saddle-river","Upper Saddle River","tile","0","0","","","","","","NO_MAPPED_VENDOR","Source candidates and check existing vendors for explicit coverage"
"bergen","upper-saddle-river","Upper Saddle River","plumbing","0","0","","","","","","NO_MAPPED_VENDOR","Source candidates and check existing vendors for explicit coverage"
"bergen","upper-saddle-river","Upper Saddle River","electrical","0","0","","","","","","NO_MAPPED_VENDOR","Source candidates and check existing vendors for explicit coverage"
"bergen","waldwick","Waldwick","handyman","0","0","","","","","","NO_MAPPED_VENDOR","Source candidates and check existing vendors for explicit coverage"
"bergen","waldwick","Waldwick","masonry","0","0","","","","","","NO_MAPPED_VENDOR","Source candidates and check existing vendors for explicit coverage"
"bergen","waldwick","Waldwick","landscaping","0","0","","","","","","NO_MAPPED_VENDOR","Source candidates and check existing vendors for explicit coverage"
"bergen","waldwick","Waldwick","painting","0","0","","","","","","NO_MAPPED_VENDOR","Source candidates and check existing vendors for explicit coverage"
"bergen","waldwick","Waldwick","drywall","0","0","","","","","","NO_MAPPED_VENDOR","Source candidates and check existing vendors for explicit coverage"
"bergen","waldwick","Waldwick","tile","0","0","","","","","","NO_MAPPED_VENDOR","Source candidates and check existing vendors for explicit coverage"
"bergen","waldwick","Waldwick","plumbing","0","0","","","","","","NO_MAPPED_VENDOR","Source candidates and check existing vendors for explicit coverage"
"bergen","waldwick","Waldwick","electrical","0","0","","","","","","NO_MAPPED_VENDOR","Source candidates and check existing vendors for explicit coverage"
"bergen","wallington","Wallington","handyman","0","0","","","","","","NO_MAPPED_VENDOR","Source candidates and check existing vendors for explicit coverage"
"bergen","wallington","Wallington","masonry","0","0","","","","","","NO_MAPPED_VENDOR","Source candidates and check existing vendors for explicit coverage"
"bergen","wallington","Wallington","landscaping","0","0","","","","","","NO_MAPPED_VENDOR","Source candidates and check existing vendors for explicit coverage"
"bergen","wallington","Wallington","painting","0","0","","","","","","NO_MAPPED_VENDOR","Source candidates and check existing vendors for explicit coverage"
"bergen","wallington","Wallington","drywall","0","0","","","","","","NO_MAPPED_VENDOR","Source candidates and check existing vendors for explicit coverage"
"bergen","wallington","Wallington","tile","0","0","","","","","","NO_MAPPED_VENDOR","Source candidates and check existing vendors for explicit coverage"
"bergen","wallington","Wallington","plumbing","0","0","","","","","","NO_MAPPED_VENDOR","Source candidates and check existing vendors for explicit coverage"
"bergen","wallington","Wallington","electrical","0","0","","","","","","NO_MAPPED_VENDOR","Source candidates and check existing vendors for explicit coverage"
"bergen","washington-township-bergen","Washington Township","handyman","0","0","","","","","","NO_MAPPED_VENDOR","Source candidates and check existing vendors for explicit coverage"
"bergen","washington-township-bergen","Washington Township","masonry","0","0","","","","","","NO_MAPPED_VENDOR","Source candidates and check existing vendors for explicit coverage"
"bergen","washington-township-bergen","Washington Township","landscaping","0","0","","","","","","NO_MAPPED_VENDOR","Source candidates and check existing vendors for explicit coverage"
"bergen","washington-township-bergen","Washington Township","painting","0","0","","","","","","NO_MAPPED_VENDOR","Source candidates and check existing vendors for explicit coverage"
"bergen","washington-township-bergen","Washington Township","drywall","0","0","","","","","","NO_MAPPED_VENDOR","Source candidates and check existing vendors for explicit coverage"
"bergen","washington-township-bergen","Washington Township","tile","0","0","","","","","","NO_MAPPED_VENDOR","Source candidates and check existing vendors for explicit coverage"
"bergen","washington-township-bergen","Washington Township","plumbing","0","0","","","","","","NO_MAPPED_VENDOR","Source candidates and check existing vendors for explicit coverage"
"bergen","washington-township-bergen","Washington Township","electrical","0","0","","","","","","NO_MAPPED_VENDOR","Source candidates and check existing vendors for explicit coverage"
"bergen","westwood","Westwood","handyman","0","0","","","","","","NO_MAPPED_VENDOR","Source candidates and check existing vendors for explicit coverage"
"bergen","westwood","Westwood","masonry","0","0","","","","","","NO_MAPPED_VENDOR","Source candidates and check existing vendors for explicit coverage"
"bergen","westwood","Westwood","landscaping","0","0","","","","","","NO_MAPPED_VENDOR","Source candidates and check existing vendors for explicit coverage"
"bergen","westwood","Westwood","painting","0","0","","","","","","NO_MAPPED_VENDOR","Source candidates and check existing vendors for explicit coverage"
"bergen","westwood","Westwood","drywall","0","0","","","","","","NO_MAPPED_VENDOR","Source candidates and check existing vendors for explicit coverage"
"bergen","westwood","Westwood","tile","0","0","","","","","","NO_MAPPED_VENDOR","Source candidates and check existing vendors for explicit coverage"
"bergen","westwood","Westwood","plumbing","0","0","","","","","","NO_MAPPED_VENDOR","Source candidates and check existing vendors for explicit coverage"
"bergen","westwood","Westwood","electrical","0","0","","","","","","NO_MAPPED_VENDOR","Source candidates and check existing vendors for explicit coverage"
"bergen","woodcliff-lake","Woodcliff Lake","handyman","0","0","","","","","","NO_MAPPED_VENDOR","Source candidates and check existing vendors for explicit coverage"
"bergen","woodcliff-lake","Woodcliff Lake","masonry","0","0","","","","","","NO_MAPPED_VENDOR","Source candidates and check existing vendors for explicit coverage"
"bergen","woodcliff-lake","Woodcliff Lake","landscaping","0","0","","","","","","NO_MAPPED_VENDOR","Source candidates and check existing vendors for explicit coverage"
"bergen","woodcliff-lake","Woodcliff Lake","painting","0","0","","","","","","NO_MAPPED_VENDOR","Source candidates and check existing vendors for explicit coverage"
"bergen","woodcliff-lake","Woodcliff Lake","drywall","0","0","","","","","","NO_MAPPED_VENDOR","Source candidates and check existing vendors for explicit coverage"
"bergen","woodcliff-lake","Woodcliff Lake","tile","0","0","","","","","","NO_MAPPED_VENDOR","Source candidates and check existing vendors for explicit coverage"
"bergen","woodcliff-lake","Woodcliff Lake","plumbing","0","0","","","","","","NO_MAPPED_VENDOR","Source candidates and check existing vendors for explicit coverage"
"bergen","woodcliff-lake","Woodcliff Lake","electrical","0","0","","","","","","NO_MAPPED_VENDOR","Source candidates and check existing vendors for explicit coverage"
"bergen","wood-ridge","Wood-Ridge","handyman","0","0","","","","","","NO_MAPPED_VENDOR","Source candidates and check existing vendors for explicit coverage"
"bergen","wood-ridge","Wood-Ridge","masonry","0","0","","","","","","NO_MAPPED_VENDOR","Source candidates and check existing vendors for explicit coverage"
"bergen","wood-ridge","Wood-Ridge","landscaping","0","0","","","","","","NO_MAPPED_VENDOR","Source candidates and check existing vendors for explicit coverage"
"bergen","wood-ridge","Wood-Ridge","painting","0","0","","","","","","NO_MAPPED_VENDOR","Source candidates and check existing vendors for explicit coverage"
"bergen","wood-ridge","Wood-Ridge","drywall","0","0","","","","","","NO_MAPPED_VENDOR","Source candidates and check existing vendors for explicit coverage"
"bergen","wood-ridge","Wood-Ridge","tile","0","0","","","","","","NO_MAPPED_VENDOR","Source candidates and check existing vendors for explicit coverage"
"bergen","wood-ridge","Wood-Ridge","plumbing","0","0","","","","","","NO_MAPPED_VENDOR","Source candidates and check existing vendors for explicit coverage"
"bergen","wood-ridge","Wood-Ridge","electrical","0","0","","","","","","NO_MAPPED_VENDOR","Source candidates and check existing vendors for explicit coverage"
"bergen","wyckoff","Wyckoff","handyman","0","0","","","","","","NO_MAPPED_VENDOR","Source candidates and check existing vendors for explicit coverage"
"bergen","wyckoff","Wyckoff","masonry","0","0","","","","","","NO_MAPPED_VENDOR","Source candidates and check existing vendors for explicit coverage"
"bergen","wyckoff","Wyckoff","landscaping","0","0","","","","","","NO_MAPPED_VENDOR","Source candidates and check existing vendors for explicit coverage"
"bergen","wyckoff","Wyckoff","painting","0","0","","","","","","NO_MAPPED_VENDOR","Source candidates and check existing vendors for explicit coverage"
"bergen","wyckoff","Wyckoff","drywall","0","0","","","","","","NO_MAPPED_VENDOR","Source candidates and check existing vendors for explicit coverage"
"bergen","wyckoff","Wyckoff","tile","0","0","","","","","","NO_MAPPED_VENDOR","Source candidates and check existing vendors for explicit coverage"
"bergen","wyckoff","Wyckoff","plumbing","0","0","","","","","","NO_MAPPED_VENDOR","Source candidates and check existing vendors for explicit coverage"
"bergen","wyckoff","Wyckoff","electrical","0","0","","","","","","NO_MAPPED_VENDOR","Source candidates and check existing vendors for explicit coverage"
"essex","belleville","Belleville","handyman","0","0","","","","","","NO_MAPPED_VENDOR","Source candidates and check existing vendors for explicit coverage"
"essex","belleville","Belleville","masonry","0","0","","","","","","NO_MAPPED_VENDOR","Source candidates and check existing vendors for explicit coverage"
"essex","belleville","Belleville","landscaping","0","0","","","","","","NO_MAPPED_VENDOR","Source candidates and check existing vendors for explicit coverage"
"essex","belleville","Belleville","painting","0","0","","","","","","NO_MAPPED_VENDOR","Source candidates and check existing vendors for explicit coverage"
"essex","belleville","Belleville","drywall","0","0","","","","","","NO_MAPPED_VENDOR","Source candidates and check existing vendors for explicit coverage"
"essex","belleville","Belleville","tile","0","0","","","","","","NO_MAPPED_VENDOR","Source candidates and check existing vendors for explicit coverage"
"essex","belleville","Belleville","plumbing","0","0","","","","","","NO_MAPPED_VENDOR","Source candidates and check existing vendors for explicit coverage"
"essex","belleville","Belleville","electrical","0","0","","","","","","NO_MAPPED_VENDOR","Source candidates and check existing vendors for explicit coverage"
"essex","bloomfield","Bloomfield","handyman","0","0","","","","","","NO_MAPPED_VENDOR","Source candidates and check existing vendors for explicit coverage"
"essex","bloomfield","Bloomfield","masonry","0","0","","","","","","NO_MAPPED_VENDOR","Source candidates and check existing vendors for explicit coverage"
"essex","bloomfield","Bloomfield","landscaping","0","0","","","","","","NO_MAPPED_VENDOR","Source candidates and check existing vendors for explicit coverage"
"essex","bloomfield","Bloomfield","painting","0","0","","","","","","NO_MAPPED_VENDOR","Source candidates and check existing vendors for explicit coverage"
"essex","bloomfield","Bloomfield","drywall","0","0","","","","","","NO_MAPPED_VENDOR","Source candidates and check existing vendors for explicit coverage"
"essex","bloomfield","Bloomfield","tile","0","0","","","","","","NO_MAPPED_VENDOR","Source candidates and check existing vendors for explicit coverage"
"essex","bloomfield","Bloomfield","plumbing","0","0","","","","","","NO_MAPPED_VENDOR","Source candidates and check existing vendors for explicit coverage"
"essex","bloomfield","Bloomfield","electrical","0","0","","","","","","NO_MAPPED_VENDOR","Source candidates and check existing vendors for explicit coverage"
"essex","caldwell","Caldwell","handyman","0","0","","","","","","NO_MAPPED_VENDOR","Source candidates and check existing vendors for explicit coverage"
"essex","caldwell","Caldwell","masonry","0","0","","","","","","NO_MAPPED_VENDOR","Source candidates and check existing vendors for explicit coverage"
"essex","caldwell","Caldwell","landscaping","0","0","","","","","","NO_MAPPED_VENDOR","Source candidates and check existing vendors for explicit coverage"
"essex","caldwell","Caldwell","painting","0","0","","","","","","NO_MAPPED_VENDOR","Source candidates and check existing vendors for explicit coverage"
"essex","caldwell","Caldwell","drywall","0","0","","","","","","NO_MAPPED_VENDOR","Source candidates and check existing vendors for explicit coverage"
"essex","caldwell","Caldwell","tile","0","0","","","","","","NO_MAPPED_VENDOR","Source candidates and check existing vendors for explicit coverage"
"essex","caldwell","Caldwell","plumbing","0","0","","","","","","NO_MAPPED_VENDOR","Source candidates and check existing vendors for explicit coverage"
"essex","caldwell","Caldwell","electrical","0","0","","","","","","NO_MAPPED_VENDOR","Source candidates and check existing vendors for explicit coverage"
"essex","cedar-grove","Cedar Grove","handyman","0","0","","","","","","NO_MAPPED_VENDOR","Source candidates and check existing vendors for explicit coverage"
"essex","cedar-grove","Cedar Grove","masonry","0","0","","","","","","NO_MAPPED_VENDOR","Source candidates and check existing vendors for explicit coverage"
"essex","cedar-grove","Cedar Grove","landscaping","0","0","","","","","","NO_MAPPED_VENDOR","Source candidates and check existing vendors for explicit coverage"
"essex","cedar-grove","Cedar Grove","painting","0","0","","","","","","NO_MAPPED_VENDOR","Source candidates and check existing vendors for explicit coverage"
"essex","cedar-grove","Cedar Grove","drywall","0","0","","","","","","NO_MAPPED_VENDOR","Source candidates and check existing vendors for explicit coverage"
"essex","cedar-grove","Cedar Grove","tile","0","0","","","","","","NO_MAPPED_VENDOR","Source candidates and check existing vendors for explicit coverage"
"essex","cedar-grove","Cedar Grove","plumbing","0","0","","","","","","NO_MAPPED_VENDOR","Source candidates and check existing vendors for explicit coverage"
"essex","cedar-grove","Cedar Grove","electrical","0","0","","","","","","NO_MAPPED_VENDOR","Source candidates and check existing vendors for explicit coverage"
"essex","east-orange","East Orange","handyman","0","0","","","","","","NO_MAPPED_VENDOR","Source candidates and check existing vendors for explicit coverage"
"essex","east-orange","East Orange","masonry","0","0","","","","","","NO_MAPPED_VENDOR","Source candidates and check existing vendors for explicit coverage"
"essex","east-orange","East Orange","landscaping","0","0","","","","","","NO_MAPPED_VENDOR","Source candidates and check existing vendors for explicit coverage"
"essex","east-orange","East Orange","painting","0","0","","","","","","NO_MAPPED_VENDOR","Source candidates and check existing vendors for explicit coverage"
"essex","east-orange","East Orange","drywall","0","0","","","","","","NO_MAPPED_VENDOR","Source candidates and check existing vendors for explicit coverage"
"essex","east-orange","East Orange","tile","0","0","","","","","","NO_MAPPED_VENDOR","Source candidates and check existing vendors for explicit coverage"
"essex","east-orange","East Orange","plumbing","0","0","","","","","","NO_MAPPED_VENDOR","Source candidates and check existing vendors for explicit coverage"
"essex","east-orange","East Orange","electrical","0","0","","","","","","NO_MAPPED_VENDOR","Source candidates and check existing vendors for explicit coverage"
"essex","essex-fells","Essex Fells","handyman","0","0","","","","","","NO_MAPPED_VENDOR","Source candidates and check existing vendors for explicit coverage"
"essex","essex-fells","Essex Fells","masonry","0","0","","","","","","NO_MAPPED_VENDOR","Source candidates and check existing vendors for explicit coverage"
"essex","essex-fells","Essex Fells","landscaping","0","0","","","","","","NO_MAPPED_VENDOR","Source candidates and check existing vendors for explicit coverage"
"essex","essex-fells","Essex Fells","painting","0","0","","","","","","NO_MAPPED_VENDOR","Source candidates and check existing vendors for explicit coverage"
"essex","essex-fells","Essex Fells","drywall","0","0","","","","","","NO_MAPPED_VENDOR","Source candidates and check existing vendors for explicit coverage"
"essex","essex-fells","Essex Fells","tile","0","0","","","","","","NO_MAPPED_VENDOR","Source candidates and check existing vendors for explicit coverage"
"essex","essex-fells","Essex Fells","plumbing","0","0","","","","","","NO_MAPPED_VENDOR","Source candidates and check existing vendors for explicit coverage"
"essex","essex-fells","Essex Fells","electrical","0","0","","","","","","NO_MAPPED_VENDOR","Source candidates and check existing vendors for explicit coverage"
"essex","fairfield","Fairfield","handyman","0","0","","","","","","NO_MAPPED_VENDOR","Source candidates and check existing vendors for explicit coverage"
"essex","fairfield","Fairfield","masonry","0","0","","","","","","NO_MAPPED_VENDOR","Source candidates and check existing vendors for explicit coverage"
"essex","fairfield","Fairfield","landscaping","0","0","","","","","","NO_MAPPED_VENDOR","Source candidates and check existing vendors for explicit coverage"
"essex","fairfield","Fairfield","painting","0","0","","","","","","NO_MAPPED_VENDOR","Source candidates and check existing vendors for explicit coverage"
"essex","fairfield","Fairfield","drywall","0","0","","","","","","NO_MAPPED_VENDOR","Source candidates and check existing vendors for explicit coverage"
"essex","fairfield","Fairfield","tile","0","0","","","","","","NO_MAPPED_VENDOR","Source candidates and check existing vendors for explicit coverage"
"essex","fairfield","Fairfield","plumbing","0","0","","","","","","NO_MAPPED_VENDOR","Source candidates and check existing vendors for explicit coverage"
"essex","fairfield","Fairfield","electrical","0","0","","","","","","NO_MAPPED_VENDOR","Source candidates and check existing vendors for explicit coverage"
"essex","glen-ridge","Glen Ridge","handyman","0","0","","","","","","NO_MAPPED_VENDOR","Source candidates and check existing vendors for explicit coverage"
"essex","glen-ridge","Glen Ridge","masonry","0","0","","","","","","NO_MAPPED_VENDOR","Source candidates and check existing vendors for explicit coverage"
"essex","glen-ridge","Glen Ridge","landscaping","0","0","","","","","","NO_MAPPED_VENDOR","Source candidates and check existing vendors for explicit coverage"
"essex","glen-ridge","Glen Ridge","painting","0","0","","","","","","NO_MAPPED_VENDOR","Source candidates and check existing vendors for explicit coverage"
"essex","glen-ridge","Glen Ridge","drywall","0","0","","","","","","NO_MAPPED_VENDOR","Source candidates and check existing vendors for explicit coverage"
"essex","glen-ridge","Glen Ridge","tile","0","0","","","","","","NO_MAPPED_VENDOR","Source candidates and check existing vendors for explicit coverage"
"essex","glen-ridge","Glen Ridge","plumbing","0","0","","","","","","NO_MAPPED_VENDOR","Source candidates and check existing vendors for explicit coverage"
"essex","glen-ridge","Glen Ridge","electrical","0","0","","","","","","NO_MAPPED_VENDOR","Source candidates and check existing vendors for explicit coverage"
"essex","irvington","Irvington","handyman","0","0","","","","","","NO_MAPPED_VENDOR","Source candidates and check existing vendors for explicit coverage"
"essex","irvington","Irvington","masonry","0","0","","","","","","NO_MAPPED_VENDOR","Source candidates and check existing vendors for explicit coverage"
"essex","irvington","Irvington","landscaping","0","0","","","","","","NO_MAPPED_VENDOR","Source candidates and check existing vendors for explicit coverage"
"essex","irvington","Irvington","painting","0","0","","","","","","NO_MAPPED_VENDOR","Source candidates and check existing vendors for explicit coverage"
"essex","irvington","Irvington","drywall","0","0","","","","","","NO_MAPPED_VENDOR","Source candidates and check existing vendors for explicit coverage"
"essex","irvington","Irvington","tile","0","0","","","","","","NO_MAPPED_VENDOR","Source candidates and check existing vendors for explicit coverage"
"essex","irvington","Irvington","plumbing","0","0","","","","","","NO_MAPPED_VENDOR","Source candidates and check existing vendors for explicit coverage"
"essex","irvington","Irvington","electrical","0","0","","","","","","NO_MAPPED_VENDOR","Source candidates and check existing vendors for explicit coverage"
"essex","maplewood","Maplewood","handyman","0","0","","","","","","NO_MAPPED_VENDOR","Source candidates and check existing vendors for explicit coverage"
"essex","maplewood","Maplewood","masonry","0","0","","","","","","NO_MAPPED_VENDOR","Source candidates and check existing vendors for explicit coverage"
"essex","maplewood","Maplewood","landscaping","0","0","","","","","","NO_MAPPED_VENDOR","Source candidates and check existing vendors for explicit coverage"
"essex","maplewood","Maplewood","painting","0","0","","","","","","NO_MAPPED_VENDOR","Source candidates and check existing vendors for explicit coverage"
"essex","maplewood","Maplewood","drywall","0","0","","","","","","NO_MAPPED_VENDOR","Source candidates and check existing vendors for explicit coverage"
"essex","maplewood","Maplewood","tile","0","0","","","","","","NO_MAPPED_VENDOR","Source candidates and check existing vendors for explicit coverage"
"essex","maplewood","Maplewood","plumbing","0","0","","","","","","NO_MAPPED_VENDOR","Source candidates and check existing vendors for explicit coverage"
"essex","maplewood","Maplewood","electrical","0","0","","","","","","NO_MAPPED_VENDOR","Source candidates and check existing vendors for explicit coverage"
"essex","millburn","Millburn","handyman","0","0","","","","","","NO_MAPPED_VENDOR","Source candidates and check existing vendors for explicit coverage"
"essex","millburn","Millburn","masonry","0","0","","","","","","NO_MAPPED_VENDOR","Source candidates and check existing vendors for explicit coverage"
"essex","millburn","Millburn","landscaping","0","0","","","","","","NO_MAPPED_VENDOR","Source candidates and check existing vendors for explicit coverage"
"essex","millburn","Millburn","painting","0","0","","","","","","NO_MAPPED_VENDOR","Source candidates and check existing vendors for explicit coverage"
"essex","millburn","Millburn","drywall","0","0","","","","","","NO_MAPPED_VENDOR","Source candidates and check existing vendors for explicit coverage"
"essex","millburn","Millburn","tile","0","0","","","","","","NO_MAPPED_VENDOR","Source candidates and check existing vendors for explicit coverage"
"essex","millburn","Millburn","plumbing","0","0","","","","","","NO_MAPPED_VENDOR","Source candidates and check existing vendors for explicit coverage"
"essex","millburn","Millburn","electrical","0","0","","","","","","NO_MAPPED_VENDOR","Source candidates and check existing vendors for explicit coverage"
"essex","montclair","Montclair","handyman","0","0","","","","","","NO_MAPPED_VENDOR","Source candidates and check existing vendors for explicit coverage"
"essex","montclair","Montclair","masonry","0","0","","","","","","NO_MAPPED_VENDOR","Source candidates and check existing vendors for explicit coverage"
"essex","montclair","Montclair","landscaping","0","0","","","","","","NO_MAPPED_VENDOR","Source candidates and check existing vendors for explicit coverage"
"essex","montclair","Montclair","painting","0","0","","","","","","NO_MAPPED_VENDOR","Source candidates and check existing vendors for explicit coverage"
"essex","montclair","Montclair","drywall","0","0","","","","","","NO_MAPPED_VENDOR","Source candidates and check existing vendors for explicit coverage"
"essex","montclair","Montclair","tile","0","0","","","","","","NO_MAPPED_VENDOR","Source candidates and check existing vendors for explicit coverage"
"essex","montclair","Montclair","plumbing","0","0","","","","","","NO_MAPPED_VENDOR","Source candidates and check existing vendors for explicit coverage"
"essex","montclair","Montclair","electrical","0","0","","","","","","NO_MAPPED_VENDOR","Source candidates and check existing vendors for explicit coverage"
"essex","newark","Newark","handyman","0","0","","","","","","NO_MAPPED_VENDOR","Source candidates and check existing vendors for explicit coverage"
"essex","newark","Newark","masonry","0","0","","","","","","NO_MAPPED_VENDOR","Source candidates and check existing vendors for explicit coverage"
"essex","newark","Newark","landscaping","0","0","","","","","","NO_MAPPED_VENDOR","Source candidates and check existing vendors for explicit coverage"
"essex","newark","Newark","painting","0","0","","","","","","NO_MAPPED_VENDOR","Source candidates and check existing vendors for explicit coverage"
"essex","newark","Newark","drywall","0","0","","","","","","NO_MAPPED_VENDOR","Source candidates and check existing vendors for explicit coverage"
"essex","newark","Newark","tile","0","0","","","","","","NO_MAPPED_VENDOR","Source candidates and check existing vendors for explicit coverage"
"essex","newark","Newark","plumbing","0","0","","","","","","NO_MAPPED_VENDOR","Source candidates and check existing vendors for explicit coverage"
"essex","newark","Newark","electrical","0","0","","","","","","NO_MAPPED_VENDOR","Source candidates and check existing vendors for explicit coverage"
"essex","north-caldwell","North Caldwell","handyman","0","0","","","","","","NO_MAPPED_VENDOR","Source candidates and check existing vendors for explicit coverage"
"essex","north-caldwell","North Caldwell","masonry","0","0","","","","","","NO_MAPPED_VENDOR","Source candidates and check existing vendors for explicit coverage"
"essex","north-caldwell","North Caldwell","landscaping","0","0","","","","","","NO_MAPPED_VENDOR","Source candidates and check existing vendors for explicit coverage"
"essex","north-caldwell","North Caldwell","painting","0","0","","","","","","NO_MAPPED_VENDOR","Source candidates and check existing vendors for explicit coverage"
"essex","north-caldwell","North Caldwell","drywall","0","0","","","","","","NO_MAPPED_VENDOR","Source candidates and check existing vendors for explicit coverage"
"essex","north-caldwell","North Caldwell","tile","0","0","","","","","","NO_MAPPED_VENDOR","Source candidates and check existing vendors for explicit coverage"
"essex","north-caldwell","North Caldwell","plumbing","0","0","","","","","","NO_MAPPED_VENDOR","Source candidates and check existing vendors for explicit coverage"
"essex","north-caldwell","North Caldwell","electrical","0","0","","","","","","NO_MAPPED_VENDOR","Source candidates and check existing vendors for explicit coverage"
"essex","nutley","Nutley","handyman","0","0","","","","","","NO_MAPPED_VENDOR","Source candidates and check existing vendors for explicit coverage"
"essex","nutley","Nutley","masonry","0","0","","","","","","NO_MAPPED_VENDOR","Source candidates and check existing vendors for explicit coverage"
"essex","nutley","Nutley","landscaping","0","0","","","","","","NO_MAPPED_VENDOR","Source candidates and check existing vendors for explicit coverage"
"essex","nutley","Nutley","painting","0","0","","","","","","NO_MAPPED_VENDOR","Source candidates and check existing vendors for explicit coverage"
"essex","nutley","Nutley","drywall","0","0","","","","","","NO_MAPPED_VENDOR","Source candidates and check existing vendors for explicit coverage"
"essex","nutley","Nutley","tile","0","0","","","","","","NO_MAPPED_VENDOR","Source candidates and check existing vendors for explicit coverage"
"essex","nutley","Nutley","plumbing","0","0","","","","","","NO_MAPPED_VENDOR","Source candidates and check existing vendors for explicit coverage"
"essex","nutley","Nutley","electrical","0","0","","","","","","NO_MAPPED_VENDOR","Source candidates and check existing vendors for explicit coverage"
"essex","orange","Orange","handyman","0","0","","","","","","NO_MAPPED_VENDOR","Source candidates and check existing vendors for explicit coverage"
"essex","orange","Orange","masonry","0","0","","","","","","NO_MAPPED_VENDOR","Source candidates and check existing vendors for explicit coverage"
"essex","orange","Orange","landscaping","0","0","","","","","","NO_MAPPED_VENDOR","Source candidates and check existing vendors for explicit coverage"
"essex","orange","Orange","painting","0","0","","","","","","NO_MAPPED_VENDOR","Source candidates and check existing vendors for explicit coverage"
"essex","orange","Orange","drywall","0","0","","","","","","NO_MAPPED_VENDOR","Source candidates and check existing vendors for explicit coverage"
"essex","orange","Orange","tile","0","0","","","","","","NO_MAPPED_VENDOR","Source candidates and check existing vendors for explicit coverage"
"essex","orange","Orange","plumbing","0","0","","","","","","NO_MAPPED_VENDOR","Source candidates and check existing vendors for explicit coverage"
"essex","orange","Orange","electrical","0","0","","","","","","NO_MAPPED_VENDOR","Source candidates and check existing vendors for explicit coverage"
"essex","roseland","Roseland","handyman","0","0","","","","","","NO_MAPPED_VENDOR","Source candidates and check existing vendors for explicit coverage"
"essex","roseland","Roseland","masonry","0","0","","","","","","NO_MAPPED_VENDOR","Source candidates and check existing vendors for explicit coverage"
"essex","roseland","Roseland","landscaping","0","0","","","","","","NO_MAPPED_VENDOR","Source candidates and check existing vendors for explicit coverage"
"essex","roseland","Roseland","painting","0","0","","","","","","NO_MAPPED_VENDOR","Source candidates and check existing vendors for explicit coverage"
"essex","roseland","Roseland","drywall","0","0","","","","","","NO_MAPPED_VENDOR","Source candidates and check existing vendors for explicit coverage"
"essex","roseland","Roseland","tile","0","0","","","","","","NO_MAPPED_VENDOR","Source candidates and check existing vendors for explicit coverage"
"essex","roseland","Roseland","plumbing","0","0","","","","","","NO_MAPPED_VENDOR","Source candidates and check existing vendors for explicit coverage"
"essex","roseland","Roseland","electrical","0","0","","","","","","NO_MAPPED_VENDOR","Source candidates and check existing vendors for explicit coverage"
"essex","south-orange","South Orange","handyman","0","0","","","","","","NO_MAPPED_VENDOR","Source candidates and check existing vendors for explicit coverage"
"essex","south-orange","South Orange","masonry","0","0","","","","","","NO_MAPPED_VENDOR","Source candidates and check existing vendors for explicit coverage"
"essex","south-orange","South Orange","landscaping","0","0","","","","","","NO_MAPPED_VENDOR","Source candidates and check existing vendors for explicit coverage"
"essex","south-orange","South Orange","painting","0","0","","","","","","NO_MAPPED_VENDOR","Source candidates and check existing vendors for explicit coverage"
"essex","south-orange","South Orange","drywall","0","0","","","","","","NO_MAPPED_VENDOR","Source candidates and check existing vendors for explicit coverage"
"essex","south-orange","South Orange","tile","0","0","","","","","","NO_MAPPED_VENDOR","Source candidates and check existing vendors for explicit coverage"
"essex","south-orange","South Orange","plumbing","0","0","","","","","","NO_MAPPED_VENDOR","Source candidates and check existing vendors for explicit coverage"
"essex","south-orange","South Orange","electrical","0","0","","","","","","NO_MAPPED_VENDOR","Source candidates and check existing vendors for explicit coverage"
"essex","verona","Verona","handyman","0","0","","","","","","NO_MAPPED_VENDOR","Source candidates and check existing vendors for explicit coverage"
"essex","verona","Verona","masonry","0","0","","","","","","NO_MAPPED_VENDOR","Source candidates and check existing vendors for explicit coverage"
"essex","verona","Verona","landscaping","0","0","","","","","","NO_MAPPED_VENDOR","Source candidates and check existing vendors for explicit coverage"
"essex","verona","Verona","painting","0","0","","","","","","NO_MAPPED_VENDOR","Source candidates and check existing vendors for explicit coverage"
"essex","verona","Verona","drywall","0","0","","","","","","NO_MAPPED_VENDOR","Source candidates and check existing vendors for explicit coverage"
"essex","verona","Verona","tile","0","0","","","","","","NO_MAPPED_VENDOR","Source candidates and check existing vendors for explicit coverage"
"essex","verona","Verona","plumbing","0","0","","","","","","NO_MAPPED_VENDOR","Source candidates and check existing vendors for explicit coverage"
"essex","verona","Verona","electrical","0","0","","","","","","NO_MAPPED_VENDOR","Source candidates and check existing vendors for explicit coverage"
"essex","west-caldwell","West Caldwell","handyman","0","0","","","","","","NO_MAPPED_VENDOR","Source candidates and check existing vendors for explicit coverage"
"essex","west-caldwell","West Caldwell","masonry","0","0","","","","","","NO_MAPPED_VENDOR","Source candidates and check existing vendors for explicit coverage"
"essex","west-caldwell","West Caldwell","landscaping","0","0","","","","","","NO_MAPPED_VENDOR","Source candidates and check existing vendors for explicit coverage"
"essex","west-caldwell","West Caldwell","painting","0","0","","","","","","NO_MAPPED_VENDOR","Source candidates and check existing vendors for explicit coverage"
"essex","west-caldwell","West Caldwell","drywall","0","0","","","","","","NO_MAPPED_VENDOR","Source candidates and check existing vendors for explicit coverage"
"essex","west-caldwell","West Caldwell","tile","0","0","","","","","","NO_MAPPED_VENDOR","Source candidates and check existing vendors for explicit coverage"
"essex","west-caldwell","West Caldwell","plumbing","0","0","","","","","","NO_MAPPED_VENDOR","Source candidates and check existing vendors for explicit coverage"
"essex","west-caldwell","West Caldwell","electrical","0","0","","","","","","NO_MAPPED_VENDOR","Source candidates and check existing vendors for explicit coverage"
"essex","west-orange","West Orange","handyman","0","0","","","","","","NO_MAPPED_VENDOR","Source candidates and check existing vendors for explicit coverage"
"essex","west-orange","West Orange","masonry","0","0","","","","","","NO_MAPPED_VENDOR","Source candidates and check existing vendors for explicit coverage"
"essex","west-orange","West Orange","landscaping","0","0","","","","","","NO_MAPPED_VENDOR","Source candidates and check existing vendors for explicit coverage"
"essex","west-orange","West Orange","painting","0","0","","","","","","NO_MAPPED_VENDOR","Source candidates and check existing vendors for explicit coverage"
"essex","west-orange","West Orange","drywall","0","0","","","","","","NO_MAPPED_VENDOR","Source candidates and check existing vendors for explicit coverage"
"essex","west-orange","West Orange","tile","0","0","","","","","","NO_MAPPED_VENDOR","Source candidates and check existing vendors for explicit coverage"
"essex","west-orange","West Orange","plumbing","0","0","","","","","","NO_MAPPED_VENDOR","Source candidates and check existing vendors for explicit coverage"
"essex","west-orange","West Orange","electrical","0","0","","","","","","NO_MAPPED_VENDOR","Source candidates and check existing vendors for explicit coverage"
"hudson","bayonne","Bayonne","handyman","0","0","","","","","","NO_MAPPED_VENDOR","Source candidates and check existing vendors for explicit coverage"
"hudson","bayonne","Bayonne","masonry","0","0","","","","","","NO_MAPPED_VENDOR","Source candidates and check existing vendors for explicit coverage"
"hudson","bayonne","Bayonne","landscaping","0","0","","","","","","NO_MAPPED_VENDOR","Source candidates and check existing vendors for explicit coverage"
"hudson","bayonne","Bayonne","painting","0","0","","","","","","NO_MAPPED_VENDOR","Source candidates and check existing vendors for explicit coverage"
"hudson","bayonne","Bayonne","drywall","0","0","","","","","","NO_MAPPED_VENDOR","Source candidates and check existing vendors for explicit coverage"
"hudson","bayonne","Bayonne","tile","0","0","","","","","","NO_MAPPED_VENDOR","Source candidates and check existing vendors for explicit coverage"
"hudson","bayonne","Bayonne","plumbing","0","0","","","","","","NO_MAPPED_VENDOR","Source candidates and check existing vendors for explicit coverage"
"hudson","bayonne","Bayonne","electrical","0","0","","","","","","NO_MAPPED_VENDOR","Source candidates and check existing vendors for explicit coverage"
"hudson","east-newark","East Newark","handyman","0","0","","","","","","NO_MAPPED_VENDOR","Source candidates and check existing vendors for explicit coverage"
"hudson","east-newark","East Newark","masonry","0","0","","","","","","NO_MAPPED_VENDOR","Source candidates and check existing vendors for explicit coverage"
"hudson","east-newark","East Newark","landscaping","0","0","","","","","","NO_MAPPED_VENDOR","Source candidates and check existing vendors for explicit coverage"
"hudson","east-newark","East Newark","painting","0","0","","","","","","NO_MAPPED_VENDOR","Source candidates and check existing vendors for explicit coverage"
"hudson","east-newark","East Newark","drywall","0","0","","","","","","NO_MAPPED_VENDOR","Source candidates and check existing vendors for explicit coverage"
"hudson","east-newark","East Newark","tile","0","0","","","","","","NO_MAPPED_VENDOR","Source candidates and check existing vendors for explicit coverage"
"hudson","east-newark","East Newark","plumbing","0","0","","","","","","NO_MAPPED_VENDOR","Source candidates and check existing vendors for explicit coverage"
"hudson","east-newark","East Newark","electrical","0","0","","","","","","NO_MAPPED_VENDOR","Source candidates and check existing vendors for explicit coverage"
"hudson","guttenberg","Guttenberg","handyman","0","0","","","","","","NO_MAPPED_VENDOR","Source candidates and check existing vendors for explicit coverage"
"hudson","guttenberg","Guttenberg","masonry","0","0","","","","","","NO_MAPPED_VENDOR","Source candidates and check existing vendors for explicit coverage"
"hudson","guttenberg","Guttenberg","landscaping","0","0","","","","","","NO_MAPPED_VENDOR","Source candidates and check existing vendors for explicit coverage"
"hudson","guttenberg","Guttenberg","painting","0","0","","","","","","NO_MAPPED_VENDOR","Source candidates and check existing vendors for explicit coverage"
"hudson","guttenberg","Guttenberg","drywall","0","0","","","","","","NO_MAPPED_VENDOR","Source candidates and check existing vendors for explicit coverage"
"hudson","guttenberg","Guttenberg","tile","0","0","","","","","","NO_MAPPED_VENDOR","Source candidates and check existing vendors for explicit coverage"
"hudson","guttenberg","Guttenberg","plumbing","0","0","","","","","","NO_MAPPED_VENDOR","Source candidates and check existing vendors for explicit coverage"
"hudson","guttenberg","Guttenberg","electrical","0","0","","","","","","NO_MAPPED_VENDOR","Source candidates and check existing vendors for explicit coverage"
"hudson","harrison","Harrison","handyman","0","0","","","","","","NO_MAPPED_VENDOR","Source candidates and check existing vendors for explicit coverage"
"hudson","harrison","Harrison","masonry","0","0","","","","","","NO_MAPPED_VENDOR","Source candidates and check existing vendors for explicit coverage"
"hudson","harrison","Harrison","landscaping","0","0","","","","","","NO_MAPPED_VENDOR","Source candidates and check existing vendors for explicit coverage"
"hudson","harrison","Harrison","painting","0","0","","","","","","NO_MAPPED_VENDOR","Source candidates and check existing vendors for explicit coverage"
"hudson","harrison","Harrison","drywall","0","0","","","","","","NO_MAPPED_VENDOR","Source candidates and check existing vendors for explicit coverage"
"hudson","harrison","Harrison","tile","0","0","","","","","","NO_MAPPED_VENDOR","Source candidates and check existing vendors for explicit coverage"
"hudson","harrison","Harrison","plumbing","0","0","","","","","","NO_MAPPED_VENDOR","Source candidates and check existing vendors for explicit coverage"
"hudson","harrison","Harrison","electrical","0","0","","","","","","NO_MAPPED_VENDOR","Source candidates and check existing vendors for explicit coverage"
"hudson","hoboken","Hoboken","handyman","0","0","","","","","","NO_MAPPED_VENDOR","Source candidates and check existing vendors for explicit coverage"
"hudson","hoboken","Hoboken","masonry","0","0","","","","","","NO_MAPPED_VENDOR","Source candidates and check existing vendors for explicit coverage"
"hudson","hoboken","Hoboken","landscaping","0","0","","","","","","NO_MAPPED_VENDOR","Source candidates and check existing vendors for explicit coverage"
"hudson","hoboken","Hoboken","painting","0","0","","","","","","NO_MAPPED_VENDOR","Source candidates and check existing vendors for explicit coverage"
"hudson","hoboken","Hoboken","drywall","0","0","","","","","","NO_MAPPED_VENDOR","Source candidates and check existing vendors for explicit coverage"
"hudson","hoboken","Hoboken","tile","0","0","","","","","","NO_MAPPED_VENDOR","Source candidates and check existing vendors for explicit coverage"
"hudson","hoboken","Hoboken","plumbing","0","0","","","","","","NO_MAPPED_VENDOR","Source candidates and check existing vendors for explicit coverage"
"hudson","hoboken","Hoboken","electrical","0","0","","","","","","NO_MAPPED_VENDOR","Source candidates and check existing vendors for explicit coverage"
"hudson","jersey-city","Jersey City","handyman","0","0","","","","","","NO_MAPPED_VENDOR","Source candidates and check existing vendors for explicit coverage"
"hudson","jersey-city","Jersey City","masonry","0","0","","","","","","NO_MAPPED_VENDOR","Source candidates and check existing vendors for explicit coverage"
"hudson","jersey-city","Jersey City","landscaping","0","0","","","","","","NO_MAPPED_VENDOR","Source candidates and check existing vendors for explicit coverage"
"hudson","jersey-city","Jersey City","painting","0","0","","","","","","NO_MAPPED_VENDOR","Source candidates and check existing vendors for explicit coverage"
"hudson","jersey-city","Jersey City","drywall","0","0","","","","","","NO_MAPPED_VENDOR","Source candidates and check existing vendors for explicit coverage"
"hudson","jersey-city","Jersey City","tile","0","0","","","","","","NO_MAPPED_VENDOR","Source candidates and check existing vendors for explicit coverage"
"hudson","jersey-city","Jersey City","plumbing","0","0","","","","","","NO_MAPPED_VENDOR","Source candidates and check existing vendors for explicit coverage"
"hudson","jersey-city","Jersey City","electrical","0","0","","","","","","NO_MAPPED_VENDOR","Source candidates and check existing vendors for explicit coverage"
"hudson","kearny","Kearny","handyman","0","0","","","","","","NO_MAPPED_VENDOR","Source candidates and check existing vendors for explicit coverage"
"hudson","kearny","Kearny","masonry","0","0","","","","","","NO_MAPPED_VENDOR","Source candidates and check existing vendors for explicit coverage"
"hudson","kearny","Kearny","landscaping","0","0","","","","","","NO_MAPPED_VENDOR","Source candidates and check existing vendors for explicit coverage"
"hudson","kearny","Kearny","painting","0","0","","","","","","NO_MAPPED_VENDOR","Source candidates and check existing vendors for explicit coverage"
"hudson","kearny","Kearny","drywall","0","0","","","","","","NO_MAPPED_VENDOR","Source candidates and check existing vendors for explicit coverage"
"hudson","kearny","Kearny","tile","0","0","","","","","","NO_MAPPED_VENDOR","Source candidates and check existing vendors for explicit coverage"
"hudson","kearny","Kearny","plumbing","0","0","","","","","","NO_MAPPED_VENDOR","Source candidates and check existing vendors for explicit coverage"
"hudson","kearny","Kearny","electrical","0","0","","","","","","NO_MAPPED_VENDOR","Source candidates and check existing vendors for explicit coverage"
"hudson","north-bergen","North Bergen","handyman","0","0","","","","","","NO_MAPPED_VENDOR","Source candidates and check existing vendors for explicit coverage"
"hudson","north-bergen","North Bergen","masonry","0","0","","","","","","NO_MAPPED_VENDOR","Source candidates and check existing vendors for explicit coverage"
"hudson","north-bergen","North Bergen","landscaping","0","0","","","","","","NO_MAPPED_VENDOR","Source candidates and check existing vendors for explicit coverage"
"hudson","north-bergen","North Bergen","painting","0","0","","","","","","NO_MAPPED_VENDOR","Source candidates and check existing vendors for explicit coverage"
"hudson","north-bergen","North Bergen","drywall","0","0","","","","","","NO_MAPPED_VENDOR","Source candidates and check existing vendors for explicit coverage"
"hudson","north-bergen","North Bergen","tile","0","0","","","","","","NO_MAPPED_VENDOR","Source candidates and check existing vendors for explicit coverage"
"hudson","north-bergen","North Bergen","plumbing","0","0","","","","","","NO_MAPPED_VENDOR","Source candidates and check existing vendors for explicit coverage"
"hudson","north-bergen","North Bergen","electrical","0","0","","","","","","NO_MAPPED_VENDOR","Source candidates and check existing vendors for explicit coverage"
"hudson","secaucus","Secaucus","handyman","0","0","","","","","","NO_MAPPED_VENDOR","Source candidates and check existing vendors for explicit coverage"
"hudson","secaucus","Secaucus","masonry","0","0","","","","","","NO_MAPPED_VENDOR","Source candidates and check existing vendors for explicit coverage"
"hudson","secaucus","Secaucus","landscaping","0","0","","","","","","NO_MAPPED_VENDOR","Source candidates and check existing vendors for explicit coverage"
"hudson","secaucus","Secaucus","painting","0","0","","","","","","NO_MAPPED_VENDOR","Source candidates and check existing vendors for explicit coverage"
"hudson","secaucus","Secaucus","drywall","0","0","","","","","","NO_MAPPED_VENDOR","Source candidates and check existing vendors for explicit coverage"
"hudson","secaucus","Secaucus","tile","0","0","","","","","","NO_MAPPED_VENDOR","Source candidates and check existing vendors for explicit coverage"
"hudson","secaucus","Secaucus","plumbing","0","0","","","","","","NO_MAPPED_VENDOR","Source candidates and check existing vendors for explicit coverage"
"hudson","secaucus","Secaucus","electrical","0","0","","","","","","NO_MAPPED_VENDOR","Source candidates and check existing vendors for explicit coverage"
"hudson","union-city","Union City","handyman","0","0","","","","","","NO_MAPPED_VENDOR","Source candidates and check existing vendors for explicit coverage"
"hudson","union-city","Union City","masonry","0","0","","","","","","NO_MAPPED_VENDOR","Source candidates and check existing vendors for explicit coverage"
"hudson","union-city","Union City","landscaping","0","0","","","","","","NO_MAPPED_VENDOR","Source candidates and check existing vendors for explicit coverage"
"hudson","union-city","Union City","painting","0","0","","","","","","NO_MAPPED_VENDOR","Source candidates and check existing vendors for explicit coverage"
"hudson","union-city","Union City","drywall","0","0","","","","","","NO_MAPPED_VENDOR","Source candidates and check existing vendors for explicit coverage"
"hudson","union-city","Union City","tile","0","0","","","","","","NO_MAPPED_VENDOR","Source candidates and check existing vendors for explicit coverage"
"hudson","union-city","Union City","plumbing","0","0","","","","","","NO_MAPPED_VENDOR","Source candidates and check existing vendors for explicit coverage"
"hudson","union-city","Union City","electrical","0","0","","","","","","NO_MAPPED_VENDOR","Source candidates and check existing vendors for explicit coverage"
"hudson","weehawken","Weehawken","handyman","0","0","","","","","","NO_MAPPED_VENDOR","Source candidates and check existing vendors for explicit coverage"
"hudson","weehawken","Weehawken","masonry","0","0","","","","","","NO_MAPPED_VENDOR","Source candidates and check existing vendors for explicit coverage"
"hudson","weehawken","Weehawken","landscaping","0","0","","","","","","NO_MAPPED_VENDOR","Source candidates and check existing vendors for explicit coverage"
"hudson","weehawken","Weehawken","painting","0","0","","","","","","NO_MAPPED_VENDOR","Source candidates and check existing vendors for explicit coverage"
"hudson","weehawken","Weehawken","drywall","0","0","","","","","","NO_MAPPED_VENDOR","Source candidates and check existing vendors for explicit coverage"
"hudson","weehawken","Weehawken","tile","0","0","","","","","","NO_MAPPED_VENDOR","Source candidates and check existing vendors for explicit coverage"
"hudson","weehawken","Weehawken","plumbing","0","0","","","","","","NO_MAPPED_VENDOR","Source candidates and check existing vendors for explicit coverage"
"hudson","weehawken","Weehawken","electrical","0","0","","","","","","NO_MAPPED_VENDOR","Source candidates and check existing vendors for explicit coverage"
"hudson","west-new-york","West New York","handyman","0","0","","","","","","NO_MAPPED_VENDOR","Source candidates and check existing vendors for explicit coverage"
"hudson","west-new-york","West New York","masonry","0","0","","","","","","NO_MAPPED_VENDOR","Source candidates and check existing vendors for explicit coverage"
"hudson","west-new-york","West New York","landscaping","0","0","","","","","","NO_MAPPED_VENDOR","Source candidates and check existing vendors for explicit coverage"
"hudson","west-new-york","West New York","painting","0","0","","","","","","NO_MAPPED_VENDOR","Source candidates and check existing vendors for explicit coverage"
"hudson","west-new-york","West New York","drywall","0","0","","","","","","NO_MAPPED_VENDOR","Source candidates and check existing vendors for explicit coverage"
"hudson","west-new-york","West New York","tile","0","0","","","","","","NO_MAPPED_VENDOR","Source candidates and check existing vendors for explicit coverage"
"hudson","west-new-york","West New York","plumbing","0","0","","","","","","NO_MAPPED_VENDOR","Source candidates and check existing vendors for explicit coverage"
"hudson","west-new-york","West New York","electrical","0","0","","","","","","NO_MAPPED_VENDOR","Source candidates and check existing vendors for explicit coverage"
"morris","boonton","Boonton","handyman","0","0","","","","","","NO_MAPPED_VENDOR","Source candidates and check existing vendors for explicit coverage"
"morris","boonton","Boonton","masonry","0","0","","","","","","NO_MAPPED_VENDOR","Source candidates and check existing vendors for explicit coverage"
"morris","boonton","Boonton","landscaping","0","0","","","","","","NO_MAPPED_VENDOR","Source candidates and check existing vendors for explicit coverage"
"morris","boonton","Boonton","painting","0","0","","","","","","NO_MAPPED_VENDOR","Source candidates and check existing vendors for explicit coverage"
"morris","boonton","Boonton","drywall","0","0","","","","","","NO_MAPPED_VENDOR","Source candidates and check existing vendors for explicit coverage"
"morris","boonton","Boonton","tile","0","0","","","","","","NO_MAPPED_VENDOR","Source candidates and check existing vendors for explicit coverage"
"morris","boonton","Boonton","plumbing","0","0","","","","","","NO_MAPPED_VENDOR","Source candidates and check existing vendors for explicit coverage"
"morris","boonton","Boonton","electrical","0","0","","","","","","NO_MAPPED_VENDOR","Source candidates and check existing vendors for explicit coverage"
"morris","boonton-township","Boonton Township","handyman","0","0","","","","","","NO_MAPPED_VENDOR","Source candidates and check existing vendors for explicit coverage"
"morris","boonton-township","Boonton Township","masonry","0","0","","","","","","NO_MAPPED_VENDOR","Source candidates and check existing vendors for explicit coverage"
"morris","boonton-township","Boonton Township","landscaping","0","0","","","","","","NO_MAPPED_VENDOR","Source candidates and check existing vendors for explicit coverage"
"morris","boonton-township","Boonton Township","painting","0","0","","","","","","NO_MAPPED_VENDOR","Source candidates and check existing vendors for explicit coverage"
"morris","boonton-township","Boonton Township","drywall","0","0","","","","","","NO_MAPPED_VENDOR","Source candidates and check existing vendors for explicit coverage"
"morris","boonton-township","Boonton Township","tile","0","0","","","","","","NO_MAPPED_VENDOR","Source candidates and check existing vendors for explicit coverage"
"morris","boonton-township","Boonton Township","plumbing","0","0","","","","","","NO_MAPPED_VENDOR","Source candidates and check existing vendors for explicit coverage"
"morris","boonton-township","Boonton Township","electrical","0","0","","","","","","NO_MAPPED_VENDOR","Source candidates and check existing vendors for explicit coverage"
"morris","butler","Butler","handyman","0","0","","","","","","NO_MAPPED_VENDOR","Source candidates and check existing vendors for explicit coverage"
"morris","butler","Butler","masonry","0","0","","","","","","NO_MAPPED_VENDOR","Source candidates and check existing vendors for explicit coverage"
"morris","butler","Butler","landscaping","0","0","","","","","","NO_MAPPED_VENDOR","Source candidates and check existing vendors for explicit coverage"
"morris","butler","Butler","painting","0","0","","","","","","NO_MAPPED_VENDOR","Source candidates and check existing vendors for explicit coverage"
"morris","butler","Butler","drywall","0","0","","","","","","NO_MAPPED_VENDOR","Source candidates and check existing vendors for explicit coverage"
"morris","butler","Butler","tile","0","0","","","","","","NO_MAPPED_VENDOR","Source candidates and check existing vendors for explicit coverage"
"morris","butler","Butler","plumbing","0","0","","","","","","NO_MAPPED_VENDOR","Source candidates and check existing vendors for explicit coverage"
"morris","butler","Butler","electrical","0","0","","","","","","NO_MAPPED_VENDOR","Source candidates and check existing vendors for explicit coverage"
"morris","chatham-borough","Chatham Borough","handyman","0","0","","","","","","NO_MAPPED_VENDOR","Source candidates and check existing vendors for explicit coverage"
"morris","chatham-borough","Chatham Borough","masonry","0","0","","","","","","NO_MAPPED_VENDOR","Source candidates and check existing vendors for explicit coverage"
"morris","chatham-borough","Chatham Borough","landscaping","0","0","","","","","","NO_MAPPED_VENDOR","Source candidates and check existing vendors for explicit coverage"
"morris","chatham-borough","Chatham Borough","painting","0","0","","","","","","NO_MAPPED_VENDOR","Source candidates and check existing vendors for explicit coverage"
"morris","chatham-borough","Chatham Borough","drywall","0","0","","","","","","NO_MAPPED_VENDOR","Source candidates and check existing vendors for explicit coverage"
"morris","chatham-borough","Chatham Borough","tile","0","0","","","","","","NO_MAPPED_VENDOR","Source candidates and check existing vendors for explicit coverage"
"morris","chatham-borough","Chatham Borough","plumbing","0","0","","","","","","NO_MAPPED_VENDOR","Source candidates and check existing vendors for explicit coverage"
"morris","chatham-borough","Chatham Borough","electrical","0","0","","","","","","NO_MAPPED_VENDOR","Source candidates and check existing vendors for explicit coverage"
"morris","chatham-township","Chatham Township","handyman","0","0","","","","","","NO_MAPPED_VENDOR","Source candidates and check existing vendors for explicit coverage"
"morris","chatham-township","Chatham Township","masonry","0","0","","","","","","NO_MAPPED_VENDOR","Source candidates and check existing vendors for explicit coverage"
"morris","chatham-township","Chatham Township","landscaping","0","0","","","","","","NO_MAPPED_VENDOR","Source candidates and check existing vendors for explicit coverage"
"morris","chatham-township","Chatham Township","painting","0","0","","","","","","NO_MAPPED_VENDOR","Source candidates and check existing vendors for explicit coverage"
"morris","chatham-township","Chatham Township","drywall","0","0","","","","","","NO_MAPPED_VENDOR","Source candidates and check existing vendors for explicit coverage"
"morris","chatham-township","Chatham Township","tile","0","0","","","","","","NO_MAPPED_VENDOR","Source candidates and check existing vendors for explicit coverage"
"morris","chatham-township","Chatham Township","plumbing","0","0","","","","","","NO_MAPPED_VENDOR","Source candidates and check existing vendors for explicit coverage"
"morris","chatham-township","Chatham Township","electrical","0","0","","","","","","NO_MAPPED_VENDOR","Source candidates and check existing vendors for explicit coverage"
"morris","chester-borough","Chester Borough","handyman","0","0","","","","","","NO_MAPPED_VENDOR","Source candidates and check existing vendors for explicit coverage"
"morris","chester-borough","Chester Borough","masonry","0","0","","","","","","NO_MAPPED_VENDOR","Source candidates and check existing vendors for explicit coverage"
"morris","chester-borough","Chester Borough","landscaping","0","0","","","","","","NO_MAPPED_VENDOR","Source candidates and check existing vendors for explicit coverage"
"morris","chester-borough","Chester Borough","painting","0","0","","","","","","NO_MAPPED_VENDOR","Source candidates and check existing vendors for explicit coverage"
"morris","chester-borough","Chester Borough","drywall","0","0","","","","","","NO_MAPPED_VENDOR","Source candidates and check existing vendors for explicit coverage"
"morris","chester-borough","Chester Borough","tile","0","0","","","","","","NO_MAPPED_VENDOR","Source candidates and check existing vendors for explicit coverage"
"morris","chester-borough","Chester Borough","plumbing","0","0","","","","","","NO_MAPPED_VENDOR","Source candidates and check existing vendors for explicit coverage"
"morris","chester-borough","Chester Borough","electrical","0","0","","","","","","NO_MAPPED_VENDOR","Source candidates and check existing vendors for explicit coverage"
"morris","chester-township","Chester Township","handyman","0","0","","","","","","NO_MAPPED_VENDOR","Source candidates and check existing vendors for explicit coverage"
"morris","chester-township","Chester Township","masonry","0","0","","","","","","NO_MAPPED_VENDOR","Source candidates and check existing vendors for explicit coverage"
"morris","chester-township","Chester Township","landscaping","0","0","","","","","","NO_MAPPED_VENDOR","Source candidates and check existing vendors for explicit coverage"
"morris","chester-township","Chester Township","painting","0","0","","","","","","NO_MAPPED_VENDOR","Source candidates and check existing vendors for explicit coverage"
"morris","chester-township","Chester Township","drywall","0","0","","","","","","NO_MAPPED_VENDOR","Source candidates and check existing vendors for explicit coverage"
"morris","chester-township","Chester Township","tile","0","0","","","","","","NO_MAPPED_VENDOR","Source candidates and check existing vendors for explicit coverage"
"morris","chester-township","Chester Township","plumbing","0","0","","","","","","NO_MAPPED_VENDOR","Source candidates and check existing vendors for explicit coverage"
"morris","chester-township","Chester Township","electrical","0","0","","","","","","NO_MAPPED_VENDOR","Source candidates and check existing vendors for explicit coverage"
"morris","denville","Denville","handyman","0","0","","","","","","NO_MAPPED_VENDOR","Source candidates and check existing vendors for explicit coverage"
"morris","denville","Denville","masonry","0","0","","","","","","NO_MAPPED_VENDOR","Source candidates and check existing vendors for explicit coverage"
"morris","denville","Denville","landscaping","0","0","","","","","","NO_MAPPED_VENDOR","Source candidates and check existing vendors for explicit coverage"
"morris","denville","Denville","painting","0","0","","","","","","NO_MAPPED_VENDOR","Source candidates and check existing vendors for explicit coverage"
"morris","denville","Denville","drywall","0","0","","","","","","NO_MAPPED_VENDOR","Source candidates and check existing vendors for explicit coverage"
"morris","denville","Denville","tile","0","0","","","","","","NO_MAPPED_VENDOR","Source candidates and check existing vendors for explicit coverage"
"morris","denville","Denville","plumbing","0","0","","","","","","NO_MAPPED_VENDOR","Source candidates and check existing vendors for explicit coverage"
"morris","denville","Denville","electrical","0","0","","","","","","NO_MAPPED_VENDOR","Source candidates and check existing vendors for explicit coverage"
"morris","dover","Dover","handyman","0","0","","","","","","NO_MAPPED_VENDOR","Source candidates and check existing vendors for explicit coverage"
"morris","dover","Dover","masonry","0","0","","","","","","NO_MAPPED_VENDOR","Source candidates and check existing vendors for explicit coverage"
"morris","dover","Dover","landscaping","0","0","","","","","","NO_MAPPED_VENDOR","Source candidates and check existing vendors for explicit coverage"
"morris","dover","Dover","painting","0","0","","","","","","NO_MAPPED_VENDOR","Source candidates and check existing vendors for explicit coverage"
"morris","dover","Dover","drywall","0","0","","","","","","NO_MAPPED_VENDOR","Source candidates and check existing vendors for explicit coverage"
"morris","dover","Dover","tile","0","0","","","","","","NO_MAPPED_VENDOR","Source candidates and check existing vendors for explicit coverage"
"morris","dover","Dover","plumbing","0","0","","","","","","NO_MAPPED_VENDOR","Source candidates and check existing vendors for explicit coverage"
"morris","dover","Dover","electrical","0","0","","","","","","NO_MAPPED_VENDOR","Source candidates and check existing vendors for explicit coverage"
"morris","harding","Harding","handyman","0","0","","","","","","NO_MAPPED_VENDOR","Source candidates and check existing vendors for explicit coverage"
"morris","harding","Harding","masonry","0","0","","","","","","NO_MAPPED_VENDOR","Source candidates and check existing vendors for explicit coverage"
"morris","harding","Harding","landscaping","0","0","","","","","","NO_MAPPED_VENDOR","Source candidates and check existing vendors for explicit coverage"
"morris","harding","Harding","painting","0","0","","","","","","NO_MAPPED_VENDOR","Source candidates and check existing vendors for explicit coverage"
"morris","harding","Harding","drywall","0","0","","","","","","NO_MAPPED_VENDOR","Source candidates and check existing vendors for explicit coverage"
"morris","harding","Harding","tile","0","0","","","","","","NO_MAPPED_VENDOR","Source candidates and check existing vendors for explicit coverage"
"morris","harding","Harding","plumbing","0","0","","","","","","NO_MAPPED_VENDOR","Source candidates and check existing vendors for explicit coverage"
"morris","harding","Harding","electrical","0","0","","","","","","NO_MAPPED_VENDOR","Source candidates and check existing vendors for explicit coverage"
"morris","jefferson-township","Jefferson Township","handyman","0","0","","","","","","NO_MAPPED_VENDOR","Source candidates and check existing vendors for explicit coverage"
"morris","jefferson-township","Jefferson Township","masonry","0","0","","","","","","NO_MAPPED_VENDOR","Source candidates and check existing vendors for explicit coverage"
"morris","jefferson-township","Jefferson Township","landscaping","0","0","","","","","","NO_MAPPED_VENDOR","Source candidates and check existing vendors for explicit coverage"
"morris","jefferson-township","Jefferson Township","painting","0","0","","","","","","NO_MAPPED_VENDOR","Source candidates and check existing vendors for explicit coverage"
"morris","jefferson-township","Jefferson Township","drywall","0","0","","","","","","NO_MAPPED_VENDOR","Source candidates and check existing vendors for explicit coverage"
"morris","jefferson-township","Jefferson Township","tile","0","0","","","","","","NO_MAPPED_VENDOR","Source candidates and check existing vendors for explicit coverage"
"morris","jefferson-township","Jefferson Township","plumbing","0","0","","","","","","NO_MAPPED_VENDOR","Source candidates and check existing vendors for explicit coverage"
"morris","jefferson-township","Jefferson Township","electrical","0","0","","","","","","NO_MAPPED_VENDOR","Source candidates and check existing vendors for explicit coverage"
"morris","kinnelon","Kinnelon","handyman","0","0","","","","","","NO_MAPPED_VENDOR","Source candidates and check existing vendors for explicit coverage"
"morris","kinnelon","Kinnelon","masonry","0","0","","","","","","NO_MAPPED_VENDOR","Source candidates and check existing vendors for explicit coverage"
"morris","kinnelon","Kinnelon","landscaping","0","0","","","","","","NO_MAPPED_VENDOR","Source candidates and check existing vendors for explicit coverage"
"morris","kinnelon","Kinnelon","painting","0","0","","","","","","NO_MAPPED_VENDOR","Source candidates and check existing vendors for explicit coverage"
"morris","kinnelon","Kinnelon","drywall","0","0","","","","","","NO_MAPPED_VENDOR","Source candidates and check existing vendors for explicit coverage"
"morris","kinnelon","Kinnelon","tile","0","0","","","","","","NO_MAPPED_VENDOR","Source candidates and check existing vendors for explicit coverage"
"morris","kinnelon","Kinnelon","plumbing","0","0","","","","","","NO_MAPPED_VENDOR","Source candidates and check existing vendors for explicit coverage"
"morris","kinnelon","Kinnelon","electrical","0","0","","","","","","NO_MAPPED_VENDOR","Source candidates and check existing vendors for explicit coverage"
"morris","lincoln-park","Lincoln Park","handyman","0","0","","","","","","NO_MAPPED_VENDOR","Source candidates and check existing vendors for explicit coverage"
"morris","lincoln-park","Lincoln Park","masonry","0","0","","","","","","NO_MAPPED_VENDOR","Source candidates and check existing vendors for explicit coverage"
"morris","lincoln-park","Lincoln Park","landscaping","0","0","","","","","","NO_MAPPED_VENDOR","Source candidates and check existing vendors for explicit coverage"
"morris","lincoln-park","Lincoln Park","painting","0","0","","","","","","NO_MAPPED_VENDOR","Source candidates and check existing vendors for explicit coverage"
"morris","lincoln-park","Lincoln Park","drywall","0","0","","","","","","NO_MAPPED_VENDOR","Source candidates and check existing vendors for explicit coverage"
"morris","lincoln-park","Lincoln Park","tile","0","0","","","","","","NO_MAPPED_VENDOR","Source candidates and check existing vendors for explicit coverage"
"morris","lincoln-park","Lincoln Park","plumbing","0","0","","","","","","NO_MAPPED_VENDOR","Source candidates and check existing vendors for explicit coverage"
"morris","lincoln-park","Lincoln Park","electrical","0","0","","","","","","NO_MAPPED_VENDOR","Source candidates and check existing vendors for explicit coverage"
"morris","long-hill-township","Long Hill Township","handyman","0","0","","","","","","NO_MAPPED_VENDOR","Source candidates and check existing vendors for explicit coverage"
"morris","long-hill-township","Long Hill Township","masonry","0","0","","","","","","NO_MAPPED_VENDOR","Source candidates and check existing vendors for explicit coverage"
"morris","long-hill-township","Long Hill Township","landscaping","0","0","","","","","","NO_MAPPED_VENDOR","Source candidates and check existing vendors for explicit coverage"
"morris","long-hill-township","Long Hill Township","painting","0","0","","","","","","NO_MAPPED_VENDOR","Source candidates and check existing vendors for explicit coverage"
"morris","long-hill-township","Long Hill Township","drywall","0","0","","","","","","NO_MAPPED_VENDOR","Source candidates and check existing vendors for explicit coverage"
"morris","long-hill-township","Long Hill Township","tile","0","0","","","","","","NO_MAPPED_VENDOR","Source candidates and check existing vendors for explicit coverage"
"morris","long-hill-township","Long Hill Township","plumbing","0","0","","","","","","NO_MAPPED_VENDOR","Source candidates and check existing vendors for explicit coverage"
"morris","long-hill-township","Long Hill Township","electrical","0","0","","","","","","NO_MAPPED_VENDOR","Source candidates and check existing vendors for explicit coverage"
"morris","mendham-borough","Mendham Borough","handyman","0","0","","","","","","NO_MAPPED_VENDOR","Source candidates and check existing vendors for explicit coverage"
"morris","mendham-borough","Mendham Borough","masonry","0","0","","","","","","NO_MAPPED_VENDOR","Source candidates and check existing vendors for explicit coverage"
"morris","mendham-borough","Mendham Borough","landscaping","0","0","","","","","","NO_MAPPED_VENDOR","Source candidates and check existing vendors for explicit coverage"
"morris","mendham-borough","Mendham Borough","painting","0","0","","","","","","NO_MAPPED_VENDOR","Source candidates and check existing vendors for explicit coverage"
"morris","mendham-borough","Mendham Borough","drywall","0","0","","","","","","NO_MAPPED_VENDOR","Source candidates and check existing vendors for explicit coverage"
"morris","mendham-borough","Mendham Borough","tile","0","0","","","","","","NO_MAPPED_VENDOR","Source candidates and check existing vendors for explicit coverage"
"morris","mendham-borough","Mendham Borough","plumbing","0","0","","","","","","NO_MAPPED_VENDOR","Source candidates and check existing vendors for explicit coverage"
"morris","mendham-borough","Mendham Borough","electrical","0","0","","","","","","NO_MAPPED_VENDOR","Source candidates and check existing vendors for explicit coverage"
"morris","mendham-township","Mendham Township","handyman","0","0","","","","","","NO_MAPPED_VENDOR","Source candidates and check existing vendors for explicit coverage"
"morris","mendham-township","Mendham Township","masonry","0","0","","","","","","NO_MAPPED_VENDOR","Source candidates and check existing vendors for explicit coverage"
"morris","mendham-township","Mendham Township","landscaping","0","0","","","","","","NO_MAPPED_VENDOR","Source candidates and check existing vendors for explicit coverage"
"morris","mendham-township","Mendham Township","painting","0","0","","","","","","NO_MAPPED_VENDOR","Source candidates and check existing vendors for explicit coverage"
"morris","mendham-township","Mendham Township","drywall","0","0","","","","","","NO_MAPPED_VENDOR","Source candidates and check existing vendors for explicit coverage"
"morris","mendham-township","Mendham Township","tile","0","0","","","","","","NO_MAPPED_VENDOR","Source candidates and check existing vendors for explicit coverage"
"morris","mendham-township","Mendham Township","plumbing","0","0","","","","","","NO_MAPPED_VENDOR","Source candidates and check existing vendors for explicit coverage"
"morris","mendham-township","Mendham Township","electrical","0","0","","","","","","NO_MAPPED_VENDOR","Source candidates and check existing vendors for explicit coverage"
"morris","mine-hill","Mine Hill","handyman","0","0","","","","","","NO_MAPPED_VENDOR","Source candidates and check existing vendors for explicit coverage"
"morris","mine-hill","Mine Hill","masonry","0","0","","","","","","NO_MAPPED_VENDOR","Source candidates and check existing vendors for explicit coverage"
"morris","mine-hill","Mine Hill","landscaping","0","0","","","","","","NO_MAPPED_VENDOR","Source candidates and check existing vendors for explicit coverage"
"morris","mine-hill","Mine Hill","painting","0","0","","","","","","NO_MAPPED_VENDOR","Source candidates and check existing vendors for explicit coverage"
"morris","mine-hill","Mine Hill","drywall","0","0","","","","","","NO_MAPPED_VENDOR","Source candidates and check existing vendors for explicit coverage"
"morris","mine-hill","Mine Hill","tile","0","0","","","","","","NO_MAPPED_VENDOR","Source candidates and check existing vendors for explicit coverage"
"morris","mine-hill","Mine Hill","plumbing","0","0","","","","","","NO_MAPPED_VENDOR","Source candidates and check existing vendors for explicit coverage"
"morris","mine-hill","Mine Hill","electrical","0","0","","","","","","NO_MAPPED_VENDOR","Source candidates and check existing vendors for explicit coverage"
"morris","montville","Montville","handyman","0","0","","","","","","NO_MAPPED_VENDOR","Source candidates and check existing vendors for explicit coverage"
"morris","montville","Montville","masonry","0","0","","","","","","NO_MAPPED_VENDOR","Source candidates and check existing vendors for explicit coverage"
"morris","montville","Montville","landscaping","0","0","","","","","","NO_MAPPED_VENDOR","Source candidates and check existing vendors for explicit coverage"
"morris","montville","Montville","painting","0","0","","","","","","NO_MAPPED_VENDOR","Source candidates and check existing vendors for explicit coverage"
"morris","montville","Montville","drywall","0","0","","","","","","NO_MAPPED_VENDOR","Source candidates and check existing vendors for explicit coverage"
"morris","montville","Montville","tile","0","0","","","","","","NO_MAPPED_VENDOR","Source candidates and check existing vendors for explicit coverage"
"morris","montville","Montville","plumbing","0","0","","","","","","NO_MAPPED_VENDOR","Source candidates and check existing vendors for explicit coverage"
"morris","montville","Montville","electrical","0","0","","","","","","NO_MAPPED_VENDOR","Source candidates and check existing vendors for explicit coverage"
"morris","morris-plains","Morris Plains","handyman","0","0","","","","","","NO_MAPPED_VENDOR","Source candidates and check existing vendors for explicit coverage"
"morris","morris-plains","Morris Plains","masonry","0","0","","","","","","NO_MAPPED_VENDOR","Source candidates and check existing vendors for explicit coverage"
"morris","morris-plains","Morris Plains","landscaping","0","0","","","","","","NO_MAPPED_VENDOR","Source candidates and check existing vendors for explicit coverage"
"morris","morris-plains","Morris Plains","painting","0","0","","","","","","NO_MAPPED_VENDOR","Source candidates and check existing vendors for explicit coverage"
"morris","morris-plains","Morris Plains","drywall","0","0","","","","","","NO_MAPPED_VENDOR","Source candidates and check existing vendors for explicit coverage"
"morris","morris-plains","Morris Plains","tile","0","0","","","","","","NO_MAPPED_VENDOR","Source candidates and check existing vendors for explicit coverage"
"morris","morris-plains","Morris Plains","plumbing","0","0","","","","","","NO_MAPPED_VENDOR","Source candidates and check existing vendors for explicit coverage"
"morris","morris-plains","Morris Plains","electrical","0","0","","","","","","NO_MAPPED_VENDOR","Source candidates and check existing vendors for explicit coverage"
"morris","mount-arlington","Mount Arlington","handyman","0","0","","","","","","NO_MAPPED_VENDOR","Source candidates and check existing vendors for explicit coverage"
"morris","mount-arlington","Mount Arlington","masonry","0","0","","","","","","NO_MAPPED_VENDOR","Source candidates and check existing vendors for explicit coverage"
"morris","mount-arlington","Mount Arlington","landscaping","0","0","","","","","","NO_MAPPED_VENDOR","Source candidates and check existing vendors for explicit coverage"
"morris","mount-arlington","Mount Arlington","painting","0","0","","","","","","NO_MAPPED_VENDOR","Source candidates and check existing vendors for explicit coverage"
"morris","mount-arlington","Mount Arlington","drywall","0","0","","","","","","NO_MAPPED_VENDOR","Source candidates and check existing vendors for explicit coverage"
"morris","mount-arlington","Mount Arlington","tile","0","0","","","","","","NO_MAPPED_VENDOR","Source candidates and check existing vendors for explicit coverage"
"morris","mount-arlington","Mount Arlington","plumbing","0","0","","","","","","NO_MAPPED_VENDOR","Source candidates and check existing vendors for explicit coverage"
"morris","mount-arlington","Mount Arlington","electrical","0","0","","","","","","NO_MAPPED_VENDOR","Source candidates and check existing vendors for explicit coverage"
"morris","mount-olive","Mount Olive","handyman","0","0","","","","","","NO_MAPPED_VENDOR","Source candidates and check existing vendors for explicit coverage"
"morris","mount-olive","Mount Olive","masonry","0","0","","","","","","NO_MAPPED_VENDOR","Source candidates and check existing vendors for explicit coverage"
"morris","mount-olive","Mount Olive","landscaping","0","0","","","","","","NO_MAPPED_VENDOR","Source candidates and check existing vendors for explicit coverage"
"morris","mount-olive","Mount Olive","painting","0","0","","","","","","NO_MAPPED_VENDOR","Source candidates and check existing vendors for explicit coverage"
"morris","mount-olive","Mount Olive","drywall","0","0","","","","","","NO_MAPPED_VENDOR","Source candidates and check existing vendors for explicit coverage"
"morris","mount-olive","Mount Olive","tile","0","0","","","","","","NO_MAPPED_VENDOR","Source candidates and check existing vendors for explicit coverage"
"morris","mount-olive","Mount Olive","plumbing","0","0","","","","","","NO_MAPPED_VENDOR","Source candidates and check existing vendors for explicit coverage"
"morris","mount-olive","Mount Olive","electrical","0","0","","","","","","NO_MAPPED_VENDOR","Source candidates and check existing vendors for explicit coverage"
"morris","mountain-lakes","Mountain Lakes","handyman","0","0","","","","","","NO_MAPPED_VENDOR","Source candidates and check existing vendors for explicit coverage"
"morris","mountain-lakes","Mountain Lakes","masonry","0","0","","","","","","NO_MAPPED_VENDOR","Source candidates and check existing vendors for explicit coverage"
"morris","mountain-lakes","Mountain Lakes","landscaping","0","0","","","","","","NO_MAPPED_VENDOR","Source candidates and check existing vendors for explicit coverage"
"morris","mountain-lakes","Mountain Lakes","painting","0","0","","","","","","NO_MAPPED_VENDOR","Source candidates and check existing vendors for explicit coverage"
"morris","mountain-lakes","Mountain Lakes","drywall","0","0","","","","","","NO_MAPPED_VENDOR","Source candidates and check existing vendors for explicit coverage"
"morris","mountain-lakes","Mountain Lakes","tile","0","0","","","","","","NO_MAPPED_VENDOR","Source candidates and check existing vendors for explicit coverage"
"morris","mountain-lakes","Mountain Lakes","plumbing","0","0","","","","","","NO_MAPPED_VENDOR","Source candidates and check existing vendors for explicit coverage"
"morris","mountain-lakes","Mountain Lakes","electrical","0","0","","","","","","NO_MAPPED_VENDOR","Source candidates and check existing vendors for explicit coverage"
"morris","netcong","Netcong","handyman","0","0","","","","","","NO_MAPPED_VENDOR","Source candidates and check existing vendors for explicit coverage"
"morris","netcong","Netcong","masonry","0","0","","","","","","NO_MAPPED_VENDOR","Source candidates and check existing vendors for explicit coverage"
"morris","netcong","Netcong","landscaping","0","0","","","","","","NO_MAPPED_VENDOR","Source candidates and check existing vendors for explicit coverage"
"morris","netcong","Netcong","painting","0","0","","","","","","NO_MAPPED_VENDOR","Source candidates and check existing vendors for explicit coverage"
"morris","netcong","Netcong","drywall","0","0","","","","","","NO_MAPPED_VENDOR","Source candidates and check existing vendors for explicit coverage"
"morris","netcong","Netcong","tile","0","0","","","","","","NO_MAPPED_VENDOR","Source candidates and check existing vendors for explicit coverage"
"morris","netcong","Netcong","plumbing","0","0","","","","","","NO_MAPPED_VENDOR","Source candidates and check existing vendors for explicit coverage"
"morris","netcong","Netcong","electrical","0","0","","","","","","NO_MAPPED_VENDOR","Source candidates and check existing vendors for explicit coverage"
"morris","parsippany-troy-hills","Parsippany-Troy Hills","handyman","0","0","","","","","","NO_MAPPED_VENDOR","Source candidates and check existing vendors for explicit coverage"
"morris","parsippany-troy-hills","Parsippany-Troy Hills","masonry","0","0","","","","","","NO_MAPPED_VENDOR","Source candidates and check existing vendors for explicit coverage"
"morris","parsippany-troy-hills","Parsippany-Troy Hills","landscaping","0","0","","","","","","NO_MAPPED_VENDOR","Source candidates and check existing vendors for explicit coverage"
"morris","parsippany-troy-hills","Parsippany-Troy Hills","painting","0","0","","","","","","NO_MAPPED_VENDOR","Source candidates and check existing vendors for explicit coverage"
"morris","parsippany-troy-hills","Parsippany-Troy Hills","drywall","0","0","","","","","","NO_MAPPED_VENDOR","Source candidates and check existing vendors for explicit coverage"
"morris","parsippany-troy-hills","Parsippany-Troy Hills","tile","0","0","","","","","","NO_MAPPED_VENDOR","Source candidates and check existing vendors for explicit coverage"
"morris","parsippany-troy-hills","Parsippany-Troy Hills","plumbing","0","0","","","","","","NO_MAPPED_VENDOR","Source candidates and check existing vendors for explicit coverage"
"morris","parsippany-troy-hills","Parsippany-Troy Hills","electrical","0","0","","","","","","NO_MAPPED_VENDOR","Source candidates and check existing vendors for explicit coverage"
"morris","pequannock","Pequannock","handyman","0","0","","","","","","NO_MAPPED_VENDOR","Source candidates and check existing vendors for explicit coverage"
"morris","pequannock","Pequannock","masonry","0","0","","","","","","NO_MAPPED_VENDOR","Source candidates and check existing vendors for explicit coverage"
"morris","pequannock","Pequannock","landscaping","0","0","","","","","","NO_MAPPED_VENDOR","Source candidates and check existing vendors for explicit coverage"
"morris","pequannock","Pequannock","painting","0","0","","","","","","NO_MAPPED_VENDOR","Source candidates and check existing vendors for explicit coverage"
"morris","pequannock","Pequannock","drywall","0","0","","","","","","NO_MAPPED_VENDOR","Source candidates and check existing vendors for explicit coverage"
"morris","pequannock","Pequannock","tile","0","0","","","","","","NO_MAPPED_VENDOR","Source candidates and check existing vendors for explicit coverage"
"morris","pequannock","Pequannock","plumbing","0","0","","","","","","NO_MAPPED_VENDOR","Source candidates and check existing vendors for explicit coverage"
"morris","pequannock","Pequannock","electrical","0","0","","","","","","NO_MAPPED_VENDOR","Source candidates and check existing vendors for explicit coverage"
"morris","randolph","Randolph","handyman","0","0","","","","","","NO_MAPPED_VENDOR","Source candidates and check existing vendors for explicit coverage"
"morris","randolph","Randolph","masonry","0","0","","","","","","NO_MAPPED_VENDOR","Source candidates and check existing vendors for explicit coverage"
"morris","randolph","Randolph","landscaping","0","0","","","","","","NO_MAPPED_VENDOR","Source candidates and check existing vendors for explicit coverage"
"morris","randolph","Randolph","painting","0","0","","","","","","NO_MAPPED_VENDOR","Source candidates and check existing vendors for explicit coverage"
"morris","randolph","Randolph","drywall","0","0","","","","","","NO_MAPPED_VENDOR","Source candidates and check existing vendors for explicit coverage"
"morris","randolph","Randolph","tile","0","0","","","","","","NO_MAPPED_VENDOR","Source candidates and check existing vendors for explicit coverage"
"morris","randolph","Randolph","plumbing","0","0","","","","","","NO_MAPPED_VENDOR","Source candidates and check existing vendors for explicit coverage"
"morris","randolph","Randolph","electrical","0","0","","","","","","NO_MAPPED_VENDOR","Source candidates and check existing vendors for explicit coverage"
"morris","riverdale","Riverdale","handyman","0","0","","","","","","NO_MAPPED_VENDOR","Source candidates and check existing vendors for explicit coverage"
"morris","riverdale","Riverdale","masonry","0","0","","","","","","NO_MAPPED_VENDOR","Source candidates and check existing vendors for explicit coverage"
"morris","riverdale","Riverdale","landscaping","0","0","","","","","","NO_MAPPED_VENDOR","Source candidates and check existing vendors for explicit coverage"
"morris","riverdale","Riverdale","painting","0","0","","","","","","NO_MAPPED_VENDOR","Source candidates and check existing vendors for explicit coverage"
"morris","riverdale","Riverdale","drywall","0","0","","","","","","NO_MAPPED_VENDOR","Source candidates and check existing vendors for explicit coverage"
"morris","riverdale","Riverdale","tile","0","0","","","","","","NO_MAPPED_VENDOR","Source candidates and check existing vendors for explicit coverage"
"morris","riverdale","Riverdale","plumbing","0","0","","","","","","NO_MAPPED_VENDOR","Source candidates and check existing vendors for explicit coverage"
"morris","riverdale","Riverdale","electrical","0","0","","","","","","NO_MAPPED_VENDOR","Source candidates and check existing vendors for explicit coverage"
"morris","rockaway-borough","Rockaway Borough","handyman","0","0","","","","","","NO_MAPPED_VENDOR","Source candidates and check existing vendors for explicit coverage"
"morris","rockaway-borough","Rockaway Borough","masonry","0","0","","","","","","NO_MAPPED_VENDOR","Source candidates and check existing vendors for explicit coverage"
"morris","rockaway-borough","Rockaway Borough","landscaping","0","0","","","","","","NO_MAPPED_VENDOR","Source candidates and check existing vendors for explicit coverage"
"morris","rockaway-borough","Rockaway Borough","painting","0","0","","","","","","NO_MAPPED_VENDOR","Source candidates and check existing vendors for explicit coverage"
"morris","rockaway-borough","Rockaway Borough","drywall","0","0","","","","","","NO_MAPPED_VENDOR","Source candidates and check existing vendors for explicit coverage"
"morris","rockaway-borough","Rockaway Borough","tile","0","0","","","","","","NO_MAPPED_VENDOR","Source candidates and check existing vendors for explicit coverage"
"morris","rockaway-borough","Rockaway Borough","plumbing","0","0","","","","","","NO_MAPPED_VENDOR","Source candidates and check existing vendors for explicit coverage"
"morris","rockaway-borough","Rockaway Borough","electrical","0","0","","","","","","NO_MAPPED_VENDOR","Source candidates and check existing vendors for explicit coverage"
"morris","rockaway-township","Rockaway Township","handyman","0","0","","","","","","NO_MAPPED_VENDOR","Source candidates and check existing vendors for explicit coverage"
"morris","rockaway-township","Rockaway Township","masonry","0","0","","","","","","NO_MAPPED_VENDOR","Source candidates and check existing vendors for explicit coverage"
"morris","rockaway-township","Rockaway Township","landscaping","0","0","","","","","","NO_MAPPED_VENDOR","Source candidates and check existing vendors for explicit coverage"
"morris","rockaway-township","Rockaway Township","painting","0","0","","","","","","NO_MAPPED_VENDOR","Source candidates and check existing vendors for explicit coverage"
"morris","rockaway-township","Rockaway Township","drywall","0","0","","","","","","NO_MAPPED_VENDOR","Source candidates and check existing vendors for explicit coverage"
"morris","rockaway-township","Rockaway Township","tile","0","0","","","","","","NO_MAPPED_VENDOR","Source candidates and check existing vendors for explicit coverage"
"morris","rockaway-township","Rockaway Township","plumbing","0","0","","","","","","NO_MAPPED_VENDOR","Source candidates and check existing vendors for explicit coverage"
"morris","rockaway-township","Rockaway Township","electrical","0","0","","","","","","NO_MAPPED_VENDOR","Source candidates and check existing vendors for explicit coverage"
"morris","roxbury","Roxbury","handyman","0","0","","","","","","NO_MAPPED_VENDOR","Source candidates and check existing vendors for explicit coverage"
"morris","roxbury","Roxbury","masonry","0","0","","","","","","NO_MAPPED_VENDOR","Source candidates and check existing vendors for explicit coverage"
"morris","roxbury","Roxbury","landscaping","0","0","","","","","","NO_MAPPED_VENDOR","Source candidates and check existing vendors for explicit coverage"
"morris","roxbury","Roxbury","painting","0","0","","","","","","NO_MAPPED_VENDOR","Source candidates and check existing vendors for explicit coverage"
"morris","roxbury","Roxbury","drywall","0","0","","","","","","NO_MAPPED_VENDOR","Source candidates and check existing vendors for explicit coverage"
"morris","roxbury","Roxbury","tile","0","0","","","","","","NO_MAPPED_VENDOR","Source candidates and check existing vendors for explicit coverage"
"morris","roxbury","Roxbury","plumbing","0","0","","","","","","NO_MAPPED_VENDOR","Source candidates and check existing vendors for explicit coverage"
"morris","roxbury","Roxbury","electrical","0","0","","","","","","NO_MAPPED_VENDOR","Source candidates and check existing vendors for explicit coverage"
"morris","victory-gardens","Victory Gardens","handyman","0","0","","","","","","NO_MAPPED_VENDOR","Source candidates and check existing vendors for explicit coverage"
"morris","victory-gardens","Victory Gardens","masonry","0","0","","","","","","NO_MAPPED_VENDOR","Source candidates and check existing vendors for explicit coverage"
"morris","victory-gardens","Victory Gardens","landscaping","0","0","","","","","","NO_MAPPED_VENDOR","Source candidates and check existing vendors for explicit coverage"
"morris","victory-gardens","Victory Gardens","painting","0","0","","","","","","NO_MAPPED_VENDOR","Source candidates and check existing vendors for explicit coverage"
"morris","victory-gardens","Victory Gardens","drywall","0","0","","","","","","NO_MAPPED_VENDOR","Source candidates and check existing vendors for explicit coverage"
"morris","victory-gardens","Victory Gardens","tile","0","0","","","","","","NO_MAPPED_VENDOR","Source candidates and check existing vendors for explicit coverage"
"morris","victory-gardens","Victory Gardens","plumbing","0","0","","","","","","NO_MAPPED_VENDOR","Source candidates and check existing vendors for explicit coverage"
"morris","victory-gardens","Victory Gardens","electrical","0","0","","","","","","NO_MAPPED_VENDOR","Source candidates and check existing vendors for explicit coverage"
"morris","washington-township-morris","Washington Township","handyman","0","0","","","","","","NO_MAPPED_VENDOR","Source candidates and check existing vendors for explicit coverage"
"morris","washington-township-morris","Washington Township","masonry","0","0","","","","","","NO_MAPPED_VENDOR","Source candidates and check existing vendors for explicit coverage"
"morris","washington-township-morris","Washington Township","landscaping","0","0","","","","","","NO_MAPPED_VENDOR","Source candidates and check existing vendors for explicit coverage"
"morris","washington-township-morris","Washington Township","painting","0","0","","","","","","NO_MAPPED_VENDOR","Source candidates and check existing vendors for explicit coverage"
"morris","washington-township-morris","Washington Township","drywall","0","0","","","","","","NO_MAPPED_VENDOR","Source candidates and check existing vendors for explicit coverage"
"morris","washington-township-morris","Washington Township","tile","0","0","","","","","","NO_MAPPED_VENDOR","Source candidates and check existing vendors for explicit coverage"
"morris","washington-township-morris","Washington Township","plumbing","0","0","","","","","","NO_MAPPED_VENDOR","Source candidates and check existing vendors for explicit coverage"
"morris","washington-township-morris","Washington Township","electrical","0","0","","","","","","NO_MAPPED_VENDOR","Source candidates and check existing vendors for explicit coverage"
"morris","wharton","Wharton","handyman","0","0","","","","","","NO_MAPPED_VENDOR","Source candidates and check existing vendors for explicit coverage"
"morris","wharton","Wharton","masonry","0","0","","","","","","NO_MAPPED_VENDOR","Source candidates and check existing vendors for explicit coverage"
"morris","wharton","Wharton","landscaping","0","0","","","","","","NO_MAPPED_VENDOR","Source candidates and check existing vendors for explicit coverage"
"morris","wharton","Wharton","painting","0","0","","","","","","NO_MAPPED_VENDOR","Source candidates and check existing vendors for explicit coverage"
"morris","wharton","Wharton","drywall","0","0","","","","","","NO_MAPPED_VENDOR","Source candidates and check existing vendors for explicit coverage"
"morris","wharton","Wharton","tile","0","0","","","","","","NO_MAPPED_VENDOR","Source candidates and check existing vendors for explicit coverage"
"morris","wharton","Wharton","plumbing","0","0","","","","","","NO_MAPPED_VENDOR","Source candidates and check existing vendors for explicit coverage"
"morris","wharton","Wharton","electrical","0","0","","","","","","NO_MAPPED_VENDOR","Source candidates and check existing vendors for explicit coverage"
"passaic","bloomingdale","Bloomingdale","handyman","0","0","","","","","","NO_MAPPED_VENDOR","Source candidates and check existing vendors for explicit coverage"
"passaic","bloomingdale","Bloomingdale","masonry","0","0","","","","","","NO_MAPPED_VENDOR","Source candidates and check existing vendors for explicit coverage"
"passaic","bloomingdale","Bloomingdale","landscaping","0","0","","","","","","NO_MAPPED_VENDOR","Source candidates and check existing vendors for explicit coverage"
"passaic","bloomingdale","Bloomingdale","painting","0","0","","","","","","NO_MAPPED_VENDOR","Source candidates and check existing vendors for explicit coverage"
"passaic","bloomingdale","Bloomingdale","drywall","0","0","","","","","","NO_MAPPED_VENDOR","Source candidates and check existing vendors for explicit coverage"
"passaic","bloomingdale","Bloomingdale","tile","0","0","","","","","","NO_MAPPED_VENDOR","Source candidates and check existing vendors for explicit coverage"
"passaic","bloomingdale","Bloomingdale","plumbing","0","0","","","","","","NO_MAPPED_VENDOR","Source candidates and check existing vendors for explicit coverage"
"passaic","bloomingdale","Bloomingdale","electrical","0","0","","","","","","NO_MAPPED_VENDOR","Source candidates and check existing vendors for explicit coverage"
"passaic","clifton","Clifton","handyman","0","0","","","","","","NO_MAPPED_VENDOR","Source candidates and check existing vendors for explicit coverage"
"passaic","clifton","Clifton","masonry","0","0","","","","","","NO_MAPPED_VENDOR","Source candidates and check existing vendors for explicit coverage"
"passaic","clifton","Clifton","landscaping","0","0","","","","","","NO_MAPPED_VENDOR","Source candidates and check existing vendors for explicit coverage"
"passaic","clifton","Clifton","painting","0","0","","","","","","NO_MAPPED_VENDOR","Source candidates and check existing vendors for explicit coverage"
"passaic","clifton","Clifton","drywall","0","0","","","","","","NO_MAPPED_VENDOR","Source candidates and check existing vendors for explicit coverage"
"passaic","clifton","Clifton","tile","0","0","","","","","","NO_MAPPED_VENDOR","Source candidates and check existing vendors for explicit coverage"
"passaic","clifton","Clifton","plumbing","0","0","","","","","","NO_MAPPED_VENDOR","Source candidates and check existing vendors for explicit coverage"
"passaic","clifton","Clifton","electrical","0","0","","","","","","NO_MAPPED_VENDOR","Source candidates and check existing vendors for explicit coverage"
"passaic","haledon","Haledon","handyman","0","0","","","","","","NO_MAPPED_VENDOR","Source candidates and check existing vendors for explicit coverage"
"passaic","haledon","Haledon","masonry","0","0","","","","","","NO_MAPPED_VENDOR","Source candidates and check existing vendors for explicit coverage"
"passaic","haledon","Haledon","landscaping","0","0","","","","","","NO_MAPPED_VENDOR","Source candidates and check existing vendors for explicit coverage"
"passaic","haledon","Haledon","painting","0","0","","","","","","NO_MAPPED_VENDOR","Source candidates and check existing vendors for explicit coverage"
"passaic","haledon","Haledon","drywall","0","0","","","","","","NO_MAPPED_VENDOR","Source candidates and check existing vendors for explicit coverage"
"passaic","haledon","Haledon","tile","0","0","","","","","","NO_MAPPED_VENDOR","Source candidates and check existing vendors for explicit coverage"
"passaic","haledon","Haledon","plumbing","0","0","","","","","","NO_MAPPED_VENDOR","Source candidates and check existing vendors for explicit coverage"
"passaic","haledon","Haledon","electrical","0","0","","","","","","NO_MAPPED_VENDOR","Source candidates and check existing vendors for explicit coverage"
"passaic","hawthorne","Hawthorne","handyman","0","0","","","","","","NO_MAPPED_VENDOR","Source candidates and check existing vendors for explicit coverage"
"passaic","hawthorne","Hawthorne","masonry","0","0","","","","","","NO_MAPPED_VENDOR","Source candidates and check existing vendors for explicit coverage"
"passaic","hawthorne","Hawthorne","landscaping","0","0","","","","","","NO_MAPPED_VENDOR","Source candidates and check existing vendors for explicit coverage"
"passaic","hawthorne","Hawthorne","painting","0","0","","","","","","NO_MAPPED_VENDOR","Source candidates and check existing vendors for explicit coverage"
"passaic","hawthorne","Hawthorne","drywall","0","0","","","","","","NO_MAPPED_VENDOR","Source candidates and check existing vendors for explicit coverage"
"passaic","hawthorne","Hawthorne","tile","0","0","","","","","","NO_MAPPED_VENDOR","Source candidates and check existing vendors for explicit coverage"
"passaic","hawthorne","Hawthorne","plumbing","0","0","","","","","","NO_MAPPED_VENDOR","Source candidates and check existing vendors for explicit coverage"
"passaic","hawthorne","Hawthorne","electrical","0","0","","","","","","NO_MAPPED_VENDOR","Source candidates and check existing vendors for explicit coverage"
"passaic","little-falls","Little Falls","handyman","0","0","","","","","","NO_MAPPED_VENDOR","Source candidates and check existing vendors for explicit coverage"
"passaic","little-falls","Little Falls","masonry","0","0","","","","","","NO_MAPPED_VENDOR","Source candidates and check existing vendors for explicit coverage"
"passaic","little-falls","Little Falls","landscaping","0","0","","","","","","NO_MAPPED_VENDOR","Source candidates and check existing vendors for explicit coverage"
"passaic","little-falls","Little Falls","painting","0","0","","","","","","NO_MAPPED_VENDOR","Source candidates and check existing vendors for explicit coverage"
"passaic","little-falls","Little Falls","drywall","0","0","","","","","","NO_MAPPED_VENDOR","Source candidates and check existing vendors for explicit coverage"
"passaic","little-falls","Little Falls","tile","0","0","","","","","","NO_MAPPED_VENDOR","Source candidates and check existing vendors for explicit coverage"
"passaic","little-falls","Little Falls","plumbing","0","0","","","","","","NO_MAPPED_VENDOR","Source candidates and check existing vendors for explicit coverage"
"passaic","little-falls","Little Falls","electrical","0","0","","","","","","NO_MAPPED_VENDOR","Source candidates and check existing vendors for explicit coverage"
"passaic","north-haledon","North Haledon","handyman","0","0","","","","","","NO_MAPPED_VENDOR","Source candidates and check existing vendors for explicit coverage"
"passaic","north-haledon","North Haledon","masonry","0","0","","","","","","NO_MAPPED_VENDOR","Source candidates and check existing vendors for explicit coverage"
"passaic","north-haledon","North Haledon","landscaping","0","0","","","","","","NO_MAPPED_VENDOR","Source candidates and check existing vendors for explicit coverage"
"passaic","north-haledon","North Haledon","painting","0","0","","","","","","NO_MAPPED_VENDOR","Source candidates and check existing vendors for explicit coverage"
"passaic","north-haledon","North Haledon","drywall","0","0","","","","","","NO_MAPPED_VENDOR","Source candidates and check existing vendors for explicit coverage"
"passaic","north-haledon","North Haledon","tile","0","0","","","","","","NO_MAPPED_VENDOR","Source candidates and check existing vendors for explicit coverage"
"passaic","north-haledon","North Haledon","plumbing","0","0","","","","","","NO_MAPPED_VENDOR","Source candidates and check existing vendors for explicit coverage"
"passaic","north-haledon","North Haledon","electrical","0","0","","","","","","NO_MAPPED_VENDOR","Source candidates and check existing vendors for explicit coverage"
"passaic","passaic","Passaic","handyman","0","0","","","","","","NO_MAPPED_VENDOR","Source candidates and check existing vendors for explicit coverage"
"passaic","passaic","Passaic","masonry","0","0","","","","","","NO_MAPPED_VENDOR","Source candidates and check existing vendors for explicit coverage"
"passaic","passaic","Passaic","landscaping","0","0","","","","","","NO_MAPPED_VENDOR","Source candidates and check existing vendors for explicit coverage"
"passaic","passaic","Passaic","painting","0","0","","","","","","NO_MAPPED_VENDOR","Source candidates and check existing vendors for explicit coverage"
"passaic","passaic","Passaic","drywall","0","0","","","","","","NO_MAPPED_VENDOR","Source candidates and check existing vendors for explicit coverage"
"passaic","passaic","Passaic","tile","0","0","","","","","","NO_MAPPED_VENDOR","Source candidates and check existing vendors for explicit coverage"
"passaic","passaic","Passaic","plumbing","0","0","","","","","","NO_MAPPED_VENDOR","Source candidates and check existing vendors for explicit coverage"
"passaic","passaic","Passaic","electrical","0","0","","","","","","NO_MAPPED_VENDOR","Source candidates and check existing vendors for explicit coverage"
"passaic","paterson","Paterson","handyman","0","0","","","","","","NO_MAPPED_VENDOR","Source candidates and check existing vendors for explicit coverage"
"passaic","paterson","Paterson","masonry","0","0","","","","","","NO_MAPPED_VENDOR","Source candidates and check existing vendors for explicit coverage"
"passaic","paterson","Paterson","landscaping","0","0","","","","","","NO_MAPPED_VENDOR","Source candidates and check existing vendors for explicit coverage"
"passaic","paterson","Paterson","painting","0","0","","","","","","NO_MAPPED_VENDOR","Source candidates and check existing vendors for explicit coverage"
"passaic","paterson","Paterson","drywall","0","0","","","","","","NO_MAPPED_VENDOR","Source candidates and check existing vendors for explicit coverage"
"passaic","paterson","Paterson","tile","0","0","","","","","","NO_MAPPED_VENDOR","Source candidates and check existing vendors for explicit coverage"
"passaic","paterson","Paterson","plumbing","0","0","","","","","","NO_MAPPED_VENDOR","Source candidates and check existing vendors for explicit coverage"
"passaic","paterson","Paterson","electrical","0","0","","","","","","NO_MAPPED_VENDOR","Source candidates and check existing vendors for explicit coverage"
"passaic","pompton-lakes","Pompton Lakes","handyman","0","0","","","","","","NO_MAPPED_VENDOR","Source candidates and check existing vendors for explicit coverage"
"passaic","pompton-lakes","Pompton Lakes","masonry","0","0","","","","","","NO_MAPPED_VENDOR","Source candidates and check existing vendors for explicit coverage"
"passaic","pompton-lakes","Pompton Lakes","landscaping","0","0","","","","","","NO_MAPPED_VENDOR","Source candidates and check existing vendors for explicit coverage"
"passaic","pompton-lakes","Pompton Lakes","painting","0","0","","","","","","NO_MAPPED_VENDOR","Source candidates and check existing vendors for explicit coverage"
"passaic","pompton-lakes","Pompton Lakes","drywall","0","0","","","","","","NO_MAPPED_VENDOR","Source candidates and check existing vendors for explicit coverage"
"passaic","pompton-lakes","Pompton Lakes","tile","0","0","","","","","","NO_MAPPED_VENDOR","Source candidates and check existing vendors for explicit coverage"
"passaic","pompton-lakes","Pompton Lakes","plumbing","0","0","","","","","","NO_MAPPED_VENDOR","Source candidates and check existing vendors for explicit coverage"
"passaic","pompton-lakes","Pompton Lakes","electrical","0","0","","","","","","NO_MAPPED_VENDOR","Source candidates and check existing vendors for explicit coverage"
"passaic","prospect-park","Prospect Park","handyman","0","0","","","","","","NO_MAPPED_VENDOR","Source candidates and check existing vendors for explicit coverage"
"passaic","prospect-park","Prospect Park","masonry","0","0","","","","","","NO_MAPPED_VENDOR","Source candidates and check existing vendors for explicit coverage"
"passaic","prospect-park","Prospect Park","landscaping","0","0","","","","","","NO_MAPPED_VENDOR","Source candidates and check existing vendors for explicit coverage"
"passaic","prospect-park","Prospect Park","painting","0","0","","","","","","NO_MAPPED_VENDOR","Source candidates and check existing vendors for explicit coverage"
"passaic","prospect-park","Prospect Park","drywall","0","0","","","","","","NO_MAPPED_VENDOR","Source candidates and check existing vendors for explicit coverage"
"passaic","prospect-park","Prospect Park","tile","0","0","","","","","","NO_MAPPED_VENDOR","Source candidates and check existing vendors for explicit coverage"
"passaic","prospect-park","Prospect Park","plumbing","0","0","","","","","","NO_MAPPED_VENDOR","Source candidates and check existing vendors for explicit coverage"
"passaic","prospect-park","Prospect Park","electrical","0","0","","","","","","NO_MAPPED_VENDOR","Source candidates and check existing vendors for explicit coverage"
"passaic","ringwood","Ringwood","handyman","0","0","","","","","","NO_MAPPED_VENDOR","Source candidates and check existing vendors for explicit coverage"
"passaic","ringwood","Ringwood","masonry","0","0","","","","","","NO_MAPPED_VENDOR","Source candidates and check existing vendors for explicit coverage"
"passaic","ringwood","Ringwood","landscaping","0","0","","","","","","NO_MAPPED_VENDOR","Source candidates and check existing vendors for explicit coverage"
"passaic","ringwood","Ringwood","painting","0","0","","","","","","NO_MAPPED_VENDOR","Source candidates and check existing vendors for explicit coverage"
"passaic","ringwood","Ringwood","drywall","0","0","","","","","","NO_MAPPED_VENDOR","Source candidates and check existing vendors for explicit coverage"
"passaic","ringwood","Ringwood","tile","0","0","","","","","","NO_MAPPED_VENDOR","Source candidates and check existing vendors for explicit coverage"
"passaic","ringwood","Ringwood","plumbing","0","0","","","","","","NO_MAPPED_VENDOR","Source candidates and check existing vendors for explicit coverage"
"passaic","ringwood","Ringwood","electrical","0","0","","","","","","NO_MAPPED_VENDOR","Source candidates and check existing vendors for explicit coverage"
"passaic","totowa","Totowa","handyman","0","0","","","","","","NO_MAPPED_VENDOR","Source candidates and check existing vendors for explicit coverage"
"passaic","totowa","Totowa","masonry","0","0","","","","","","NO_MAPPED_VENDOR","Source candidates and check existing vendors for explicit coverage"
"passaic","totowa","Totowa","landscaping","0","0","","","","","","NO_MAPPED_VENDOR","Source candidates and check existing vendors for explicit coverage"
"passaic","totowa","Totowa","painting","0","0","","","","","","NO_MAPPED_VENDOR","Source candidates and check existing vendors for explicit coverage"
"passaic","totowa","Totowa","drywall","0","0","","","","","","NO_MAPPED_VENDOR","Source candidates and check existing vendors for explicit coverage"
"passaic","totowa","Totowa","tile","0","0","","","","","","NO_MAPPED_VENDOR","Source candidates and check existing vendors for explicit coverage"
"passaic","totowa","Totowa","plumbing","0","0","","","","","","NO_MAPPED_VENDOR","Source candidates and check existing vendors for explicit coverage"
"passaic","totowa","Totowa","electrical","0","0","","","","","","NO_MAPPED_VENDOR","Source candidates and check existing vendors for explicit coverage"
"passaic","wanaque","Wanaque","handyman","0","0","","","","","","NO_MAPPED_VENDOR","Source candidates and check existing vendors for explicit coverage"
"passaic","wanaque","Wanaque","masonry","0","0","","","","","","NO_MAPPED_VENDOR","Source candidates and check existing vendors for explicit coverage"
"passaic","wanaque","Wanaque","landscaping","0","0","","","","","","NO_MAPPED_VENDOR","Source candidates and check existing vendors for explicit coverage"
"passaic","wanaque","Wanaque","painting","0","0","","","","","","NO_MAPPED_VENDOR","Source candidates and check existing vendors for explicit coverage"
"passaic","wanaque","Wanaque","drywall","0","0","","","","","","NO_MAPPED_VENDOR","Source candidates and check existing vendors for explicit coverage"
"passaic","wanaque","Wanaque","tile","0","0","","","","","","NO_MAPPED_VENDOR","Source candidates and check existing vendors for explicit coverage"
"passaic","wanaque","Wanaque","plumbing","0","0","","","","","","NO_MAPPED_VENDOR","Source candidates and check existing vendors for explicit coverage"
"passaic","wanaque","Wanaque","electrical","0","0","","","","","","NO_MAPPED_VENDOR","Source candidates and check existing vendors for explicit coverage"
"passaic","wayne","Wayne","handyman","0","0","","","","","","NO_MAPPED_VENDOR","Source candidates and check existing vendors for explicit coverage"
"passaic","wayne","Wayne","masonry","0","0","","","","","","NO_MAPPED_VENDOR","Source candidates and check existing vendors for explicit coverage"
"passaic","wayne","Wayne","landscaping","0","0","","","","","","NO_MAPPED_VENDOR","Source candidates and check existing vendors for explicit coverage"
"passaic","wayne","Wayne","painting","0","0","","","","","","NO_MAPPED_VENDOR","Source candidates and check existing vendors for explicit coverage"
"passaic","wayne","Wayne","drywall","0","0","","","","","","NO_MAPPED_VENDOR","Source candidates and check existing vendors for explicit coverage"
"passaic","wayne","Wayne","tile","0","0","","","","","","NO_MAPPED_VENDOR","Source candidates and check existing vendors for explicit coverage"
"passaic","wayne","Wayne","plumbing","0","0","","","","","","NO_MAPPED_VENDOR","Source candidates and check existing vendors for explicit coverage"
"passaic","wayne","Wayne","electrical","0","0","","","","","","NO_MAPPED_VENDOR","Source candidates and check existing vendors for explicit coverage"
"passaic","west-milford","West Milford","handyman","0","0","","","","","","NO_MAPPED_VENDOR","Source candidates and check existing vendors for explicit coverage"
"passaic","west-milford","West Milford","masonry","0","0","","","","","","NO_MAPPED_VENDOR","Source candidates and check existing vendors for explicit coverage"
"passaic","west-milford","West Milford","landscaping","0","0","","","","","","NO_MAPPED_VENDOR","Source candidates and check existing vendors for explicit coverage"
"passaic","west-milford","West Milford","painting","0","0","","","","","","NO_MAPPED_VENDOR","Source candidates and check existing vendors for explicit coverage"
"passaic","west-milford","West Milford","drywall","0","0","","","","","","NO_MAPPED_VENDOR","Source candidates and check existing vendors for explicit coverage"
"passaic","west-milford","West Milford","tile","0","0","","","","","","NO_MAPPED_VENDOR","Source candidates and check existing vendors for explicit coverage"
"passaic","west-milford","West Milford","plumbing","0","0","","","","","","NO_MAPPED_VENDOR","Source candidates and check existing vendors for explicit coverage"
"passaic","west-milford","West Milford","electrical","0","0","","","","","","NO_MAPPED_VENDOR","Source candidates and check existing vendors for explicit coverage"
"passaic","woodland-park","Woodland Park","handyman","0","0","","","","","","NO_MAPPED_VENDOR","Source candidates and check existing vendors for explicit coverage"
"passaic","woodland-park","Woodland Park","masonry","0","0","","","","","","NO_MAPPED_VENDOR","Source candidates and check existing vendors for explicit coverage"
"passaic","woodland-park","Woodland Park","landscaping","0","0","","","","","","NO_MAPPED_VENDOR","Source candidates and check existing vendors for explicit coverage"
"passaic","woodland-park","Woodland Park","painting","0","0","","","","","","NO_MAPPED_VENDOR","Source candidates and check existing vendors for explicit coverage"
"passaic","woodland-park","Woodland Park","drywall","0","0","","","","","","NO_MAPPED_VENDOR","Source candidates and check existing vendors for explicit coverage"
"passaic","woodland-park","Woodland Park","tile","0","0","","","","","","NO_MAPPED_VENDOR","Source candidates and check existing vendors for explicit coverage"
"passaic","woodland-park","Woodland Park","plumbing","0","0","","","","","","NO_MAPPED_VENDOR","Source candidates and check existing vendors for explicit coverage"
"passaic","woodland-park","Woodland Park","electrical","0","0","","","","","","NO_MAPPED_VENDOR","Source candidates and check existing vendors for explicit coverage"
"sussex","andover-borough","Andover Borough","handyman","0","0","","","","","","NO_MAPPED_VENDOR","Source candidates and check existing vendors for explicit coverage"
"sussex","andover-borough","Andover Borough","masonry","0","0","","","","","","NO_MAPPED_VENDOR","Source candidates and check existing vendors for explicit coverage"
"sussex","andover-borough","Andover Borough","landscaping","0","0","","","","","","NO_MAPPED_VENDOR","Source candidates and check existing vendors for explicit coverage"
"sussex","andover-borough","Andover Borough","painting","0","0","","","","","","NO_MAPPED_VENDOR","Source candidates and check existing vendors for explicit coverage"
"sussex","andover-borough","Andover Borough","drywall","0","0","","","","","","NO_MAPPED_VENDOR","Source candidates and check existing vendors for explicit coverage"
"sussex","andover-borough","Andover Borough","tile","0","0","","","","","","NO_MAPPED_VENDOR","Source candidates and check existing vendors for explicit coverage"
"sussex","andover-borough","Andover Borough","plumbing","0","0","","","","","","NO_MAPPED_VENDOR","Source candidates and check existing vendors for explicit coverage"
"sussex","andover-borough","Andover Borough","electrical","0","0","","","","","","NO_MAPPED_VENDOR","Source candidates and check existing vendors for explicit coverage"
"sussex","andover-township","Andover Township","handyman","0","0","","","","","","NO_MAPPED_VENDOR","Source candidates and check existing vendors for explicit coverage"
"sussex","andover-township","Andover Township","masonry","0","0","","","","","","NO_MAPPED_VENDOR","Source candidates and check existing vendors for explicit coverage"
"sussex","andover-township","Andover Township","landscaping","0","0","","","","","","NO_MAPPED_VENDOR","Source candidates and check existing vendors for explicit coverage"
"sussex","andover-township","Andover Township","painting","0","0","","","","","","NO_MAPPED_VENDOR","Source candidates and check existing vendors for explicit coverage"
"sussex","andover-township","Andover Township","drywall","0","0","","","","","","NO_MAPPED_VENDOR","Source candidates and check existing vendors for explicit coverage"
"sussex","andover-township","Andover Township","tile","0","0","","","","","","NO_MAPPED_VENDOR","Source candidates and check existing vendors for explicit coverage"
"sussex","andover-township","Andover Township","plumbing","0","0","","","","","","NO_MAPPED_VENDOR","Source candidates and check existing vendors for explicit coverage"
"sussex","andover-township","Andover Township","electrical","0","0","","","","","","NO_MAPPED_VENDOR","Source candidates and check existing vendors for explicit coverage"
"sussex","branchville","Branchville","handyman","0","0","","","","","","NO_MAPPED_VENDOR","Source candidates and check existing vendors for explicit coverage"
"sussex","branchville","Branchville","masonry","0","0","","","","","","NO_MAPPED_VENDOR","Source candidates and check existing vendors for explicit coverage"
"sussex","branchville","Branchville","landscaping","0","0","","","","","","NO_MAPPED_VENDOR","Source candidates and check existing vendors for explicit coverage"
"sussex","branchville","Branchville","painting","0","0","","","","","","NO_MAPPED_VENDOR","Source candidates and check existing vendors for explicit coverage"
"sussex","branchville","Branchville","drywall","0","0","","","","","","NO_MAPPED_VENDOR","Source candidates and check existing vendors for explicit coverage"
"sussex","branchville","Branchville","tile","0","0","","","","","","NO_MAPPED_VENDOR","Source candidates and check existing vendors for explicit coverage"
"sussex","branchville","Branchville","plumbing","0","0","","","","","","NO_MAPPED_VENDOR","Source candidates and check existing vendors for explicit coverage"
"sussex","branchville","Branchville","electrical","0","0","","","","","","NO_MAPPED_VENDOR","Source candidates and check existing vendors for explicit coverage"
"sussex","byram","Byram","handyman","0","0","","","","","","NO_MAPPED_VENDOR","Source candidates and check existing vendors for explicit coverage"
"sussex","byram","Byram","masonry","0","0","","","","","","NO_MAPPED_VENDOR","Source candidates and check existing vendors for explicit coverage"
"sussex","byram","Byram","landscaping","0","0","","","","","","NO_MAPPED_VENDOR","Source candidates and check existing vendors for explicit coverage"
"sussex","byram","Byram","painting","0","0","","","","","","NO_MAPPED_VENDOR","Source candidates and check existing vendors for explicit coverage"
"sussex","byram","Byram","drywall","0","0","","","","","","NO_MAPPED_VENDOR","Source candidates and check existing vendors for explicit coverage"
"sussex","byram","Byram","tile","0","0","","","","","","NO_MAPPED_VENDOR","Source candidates and check existing vendors for explicit coverage"
"sussex","byram","Byram","plumbing","0","0","","","","","","NO_MAPPED_VENDOR","Source candidates and check existing vendors for explicit coverage"
"sussex","byram","Byram","electrical","0","0","","","","","","NO_MAPPED_VENDOR","Source candidates and check existing vendors for explicit coverage"
"sussex","frankford","Frankford","handyman","0","0","","","","","","NO_MAPPED_VENDOR","Source candidates and check existing vendors for explicit coverage"
"sussex","frankford","Frankford","masonry","0","0","","","","","","NO_MAPPED_VENDOR","Source candidates and check existing vendors for explicit coverage"
"sussex","frankford","Frankford","landscaping","0","0","","","","","","NO_MAPPED_VENDOR","Source candidates and check existing vendors for explicit coverage"
"sussex","frankford","Frankford","painting","0","0","","","","","","NO_MAPPED_VENDOR","Source candidates and check existing vendors for explicit coverage"
"sussex","frankford","Frankford","drywall","0","0","","","","","","NO_MAPPED_VENDOR","Source candidates and check existing vendors for explicit coverage"
"sussex","frankford","Frankford","tile","0","0","","","","","","NO_MAPPED_VENDOR","Source candidates and check existing vendors for explicit coverage"
"sussex","frankford","Frankford","plumbing","0","0","","","","","","NO_MAPPED_VENDOR","Source candidates and check existing vendors for explicit coverage"
"sussex","frankford","Frankford","electrical","0","0","","","","","","NO_MAPPED_VENDOR","Source candidates and check existing vendors for explicit coverage"
"sussex","franklin-borough","Franklin Borough","handyman","0","0","","","","","","NO_MAPPED_VENDOR","Source candidates and check existing vendors for explicit coverage"
"sussex","franklin-borough","Franklin Borough","masonry","0","0","","","","","","NO_MAPPED_VENDOR","Source candidates and check existing vendors for explicit coverage"
"sussex","franklin-borough","Franklin Borough","landscaping","0","0","","","","","","NO_MAPPED_VENDOR","Source candidates and check existing vendors for explicit coverage"
"sussex","franklin-borough","Franklin Borough","painting","0","0","","","","","","NO_MAPPED_VENDOR","Source candidates and check existing vendors for explicit coverage"
"sussex","franklin-borough","Franklin Borough","drywall","0","0","","","","","","NO_MAPPED_VENDOR","Source candidates and check existing vendors for explicit coverage"
"sussex","franklin-borough","Franklin Borough","tile","0","0","","","","","","NO_MAPPED_VENDOR","Source candidates and check existing vendors for explicit coverage"
"sussex","franklin-borough","Franklin Borough","plumbing","0","0","","","","","","NO_MAPPED_VENDOR","Source candidates and check existing vendors for explicit coverage"
"sussex","franklin-borough","Franklin Borough","electrical","0","0","","","","","","NO_MAPPED_VENDOR","Source candidates and check existing vendors for explicit coverage"
"sussex","fredon","Fredon","handyman","0","0","","","","","","NO_MAPPED_VENDOR","Source candidates and check existing vendors for explicit coverage"
"sussex","fredon","Fredon","masonry","0","0","","","","","","NO_MAPPED_VENDOR","Source candidates and check existing vendors for explicit coverage"
"sussex","fredon","Fredon","landscaping","0","0","","","","","","NO_MAPPED_VENDOR","Source candidates and check existing vendors for explicit coverage"
"sussex","fredon","Fredon","painting","0","0","","","","","","NO_MAPPED_VENDOR","Source candidates and check existing vendors for explicit coverage"
"sussex","fredon","Fredon","drywall","0","0","","","","","","NO_MAPPED_VENDOR","Source candidates and check existing vendors for explicit coverage"
"sussex","fredon","Fredon","tile","0","0","","","","","","NO_MAPPED_VENDOR","Source candidates and check existing vendors for explicit coverage"
"sussex","fredon","Fredon","plumbing","0","0","","","","","","NO_MAPPED_VENDOR","Source candidates and check existing vendors for explicit coverage"
"sussex","fredon","Fredon","electrical","0","0","","","","","","NO_MAPPED_VENDOR","Source candidates and check existing vendors for explicit coverage"
"sussex","green-township","Green Township","handyman","0","0","","","","","","NO_MAPPED_VENDOR","Source candidates and check existing vendors for explicit coverage"
"sussex","green-township","Green Township","masonry","0","0","","","","","","NO_MAPPED_VENDOR","Source candidates and check existing vendors for explicit coverage"
"sussex","green-township","Green Township","landscaping","0","0","","","","","","NO_MAPPED_VENDOR","Source candidates and check existing vendors for explicit coverage"
"sussex","green-township","Green Township","painting","0","0","","","","","","NO_MAPPED_VENDOR","Source candidates and check existing vendors for explicit coverage"
"sussex","green-township","Green Township","drywall","0","0","","","","","","NO_MAPPED_VENDOR","Source candidates and check existing vendors for explicit coverage"
"sussex","green-township","Green Township","tile","0","0","","","","","","NO_MAPPED_VENDOR","Source candidates and check existing vendors for explicit coverage"
"sussex","green-township","Green Township","plumbing","0","0","","","","","","NO_MAPPED_VENDOR","Source candidates and check existing vendors for explicit coverage"
"sussex","green-township","Green Township","electrical","0","0","","","","","","NO_MAPPED_VENDOR","Source candidates and check existing vendors for explicit coverage"
"sussex","hamburg","Hamburg","handyman","0","0","","","","","","NO_MAPPED_VENDOR","Source candidates and check existing vendors for explicit coverage"
"sussex","hamburg","Hamburg","masonry","0","0","","","","","","NO_MAPPED_VENDOR","Source candidates and check existing vendors for explicit coverage"
"sussex","hamburg","Hamburg","landscaping","0","0","","","","","","NO_MAPPED_VENDOR","Source candidates and check existing vendors for explicit coverage"
"sussex","hamburg","Hamburg","painting","0","0","","","","","","NO_MAPPED_VENDOR","Source candidates and check existing vendors for explicit coverage"
"sussex","hamburg","Hamburg","drywall","0","0","","","","","","NO_MAPPED_VENDOR","Source candidates and check existing vendors for explicit coverage"
"sussex","hamburg","Hamburg","tile","0","0","","","","","","NO_MAPPED_VENDOR","Source candidates and check existing vendors for explicit coverage"
"sussex","hamburg","Hamburg","plumbing","0","0","","","","","","NO_MAPPED_VENDOR","Source candidates and check existing vendors for explicit coverage"
"sussex","hamburg","Hamburg","electrical","0","0","","","","","","NO_MAPPED_VENDOR","Source candidates and check existing vendors for explicit coverage"
"sussex","hampton-township","Hampton Township","handyman","0","0","","","","","","NO_MAPPED_VENDOR","Source candidates and check existing vendors for explicit coverage"
"sussex","hampton-township","Hampton Township","masonry","0","0","","","","","","NO_MAPPED_VENDOR","Source candidates and check existing vendors for explicit coverage"
"sussex","hampton-township","Hampton Township","landscaping","0","0","","","","","","NO_MAPPED_VENDOR","Source candidates and check existing vendors for explicit coverage"
"sussex","hampton-township","Hampton Township","painting","0","0","","","","","","NO_MAPPED_VENDOR","Source candidates and check existing vendors for explicit coverage"
"sussex","hampton-township","Hampton Township","drywall","0","0","","","","","","NO_MAPPED_VENDOR","Source candidates and check existing vendors for explicit coverage"
"sussex","hampton-township","Hampton Township","tile","0","0","","","","","","NO_MAPPED_VENDOR","Source candidates and check existing vendors for explicit coverage"
"sussex","hampton-township","Hampton Township","plumbing","0","0","","","","","","NO_MAPPED_VENDOR","Source candidates and check existing vendors for explicit coverage"
"sussex","hampton-township","Hampton Township","electrical","0","0","","","","","","NO_MAPPED_VENDOR","Source candidates and check existing vendors for explicit coverage"
"sussex","hardyston","Hardyston","handyman","0","0","","","","","","NO_MAPPED_VENDOR","Source candidates and check existing vendors for explicit coverage"
"sussex","hardyston","Hardyston","masonry","0","0","","","","","","NO_MAPPED_VENDOR","Source candidates and check existing vendors for explicit coverage"
"sussex","hardyston","Hardyston","landscaping","0","0","","","","","","NO_MAPPED_VENDOR","Source candidates and check existing vendors for explicit coverage"
"sussex","hardyston","Hardyston","painting","0","0","","","","","","NO_MAPPED_VENDOR","Source candidates and check existing vendors for explicit coverage"
"sussex","hardyston","Hardyston","drywall","0","0","","","","","","NO_MAPPED_VENDOR","Source candidates and check existing vendors for explicit coverage"
"sussex","hardyston","Hardyston","tile","0","0","","","","","","NO_MAPPED_VENDOR","Source candidates and check existing vendors for explicit coverage"
"sussex","hardyston","Hardyston","plumbing","0","0","","","","","","NO_MAPPED_VENDOR","Source candidates and check existing vendors for explicit coverage"
"sussex","hardyston","Hardyston","electrical","0","0","","","","","","NO_MAPPED_VENDOR","Source candidates and check existing vendors for explicit coverage"
"sussex","hopatcong","Hopatcong","handyman","0","0","","","","","","NO_MAPPED_VENDOR","Source candidates and check existing vendors for explicit coverage"
"sussex","hopatcong","Hopatcong","masonry","0","0","","","","","","NO_MAPPED_VENDOR","Source candidates and check existing vendors for explicit coverage"
"sussex","hopatcong","Hopatcong","landscaping","0","0","","","","","","NO_MAPPED_VENDOR","Source candidates and check existing vendors for explicit coverage"
"sussex","hopatcong","Hopatcong","painting","0","0","","","","","","NO_MAPPED_VENDOR","Source candidates and check existing vendors for explicit coverage"
"sussex","hopatcong","Hopatcong","drywall","0","0","","","","","","NO_MAPPED_VENDOR","Source candidates and check existing vendors for explicit coverage"
"sussex","hopatcong","Hopatcong","tile","0","0","","","","","","NO_MAPPED_VENDOR","Source candidates and check existing vendors for explicit coverage"
"sussex","hopatcong","Hopatcong","plumbing","0","0","","","","","","NO_MAPPED_VENDOR","Source candidates and check existing vendors for explicit coverage"
"sussex","hopatcong","Hopatcong","electrical","0","0","","","","","","NO_MAPPED_VENDOR","Source candidates and check existing vendors for explicit coverage"
"sussex","lafayette","Lafayette","handyman","0","0","","","","","","NO_MAPPED_VENDOR","Source candidates and check existing vendors for explicit coverage"
"sussex","lafayette","Lafayette","masonry","0","0","","","","","","NO_MAPPED_VENDOR","Source candidates and check existing vendors for explicit coverage"
"sussex","lafayette","Lafayette","landscaping","0","0","","","","","","NO_MAPPED_VENDOR","Source candidates and check existing vendors for explicit coverage"
"sussex","lafayette","Lafayette","painting","0","0","","","","","","NO_MAPPED_VENDOR","Source candidates and check existing vendors for explicit coverage"
"sussex","lafayette","Lafayette","drywall","0","0","","","","","","NO_MAPPED_VENDOR","Source candidates and check existing vendors for explicit coverage"
"sussex","lafayette","Lafayette","tile","0","0","","","","","","NO_MAPPED_VENDOR","Source candidates and check existing vendors for explicit coverage"
"sussex","lafayette","Lafayette","plumbing","0","0","","","","","","NO_MAPPED_VENDOR","Source candidates and check existing vendors for explicit coverage"
"sussex","lafayette","Lafayette","electrical","0","0","","","","","","NO_MAPPED_VENDOR","Source candidates and check existing vendors for explicit coverage"
"sussex","montague","Montague","handyman","0","0","","","","","","NO_MAPPED_VENDOR","Source candidates and check existing vendors for explicit coverage"
"sussex","montague","Montague","masonry","0","0","","","","","","NO_MAPPED_VENDOR","Source candidates and check existing vendors for explicit coverage"
"sussex","montague","Montague","landscaping","0","0","","","","","","NO_MAPPED_VENDOR","Source candidates and check existing vendors for explicit coverage"
"sussex","montague","Montague","painting","0","0","","","","","","NO_MAPPED_VENDOR","Source candidates and check existing vendors for explicit coverage"
"sussex","montague","Montague","drywall","0","0","","","","","","NO_MAPPED_VENDOR","Source candidates and check existing vendors for explicit coverage"
"sussex","montague","Montague","tile","0","0","","","","","","NO_MAPPED_VENDOR","Source candidates and check existing vendors for explicit coverage"
"sussex","montague","Montague","plumbing","0","0","","","","","","NO_MAPPED_VENDOR","Source candidates and check existing vendors for explicit coverage"
"sussex","montague","Montague","electrical","0","0","","","","","","NO_MAPPED_VENDOR","Source candidates and check existing vendors for explicit coverage"
"sussex","newton","Newton","handyman","0","0","","","","","","NO_MAPPED_VENDOR","Source candidates and check existing vendors for explicit coverage"
"sussex","newton","Newton","masonry","0","0","","","","","","NO_MAPPED_VENDOR","Source candidates and check existing vendors for explicit coverage"
"sussex","newton","Newton","landscaping","0","0","","","","","","NO_MAPPED_VENDOR","Source candidates and check existing vendors for explicit coverage"
"sussex","newton","Newton","painting","0","0","","","","","","NO_MAPPED_VENDOR","Source candidates and check existing vendors for explicit coverage"
"sussex","newton","Newton","drywall","0","0","","","","","","NO_MAPPED_VENDOR","Source candidates and check existing vendors for explicit coverage"
"sussex","newton","Newton","tile","0","0","","","","","","NO_MAPPED_VENDOR","Source candidates and check existing vendors for explicit coverage"
"sussex","newton","Newton","plumbing","0","0","","","","","","NO_MAPPED_VENDOR","Source candidates and check existing vendors for explicit coverage"
"sussex","newton","Newton","electrical","0","0","","","","","","NO_MAPPED_VENDOR","Source candidates and check existing vendors for explicit coverage"
"sussex","ogdensburg","Ogdensburg","handyman","0","0","","","","","","NO_MAPPED_VENDOR","Source candidates and check existing vendors for explicit coverage"
"sussex","ogdensburg","Ogdensburg","masonry","0","0","","","","","","NO_MAPPED_VENDOR","Source candidates and check existing vendors for explicit coverage"
"sussex","ogdensburg","Ogdensburg","landscaping","0","0","","","","","","NO_MAPPED_VENDOR","Source candidates and check existing vendors for explicit coverage"
"sussex","ogdensburg","Ogdensburg","painting","0","0","","","","","","NO_MAPPED_VENDOR","Source candidates and check existing vendors for explicit coverage"
"sussex","ogdensburg","Ogdensburg","drywall","0","0","","","","","","NO_MAPPED_VENDOR","Source candidates and check existing vendors for explicit coverage"
"sussex","ogdensburg","Ogdensburg","tile","0","0","","","","","","NO_MAPPED_VENDOR","Source candidates and check existing vendors for explicit coverage"
"sussex","ogdensburg","Ogdensburg","plumbing","0","0","","","","","","NO_MAPPED_VENDOR","Source candidates and check existing vendors for explicit coverage"
"sussex","ogdensburg","Ogdensburg","electrical","0","0","","","","","","NO_MAPPED_VENDOR","Source candidates and check existing vendors for explicit coverage"
"sussex","sandyston","Sandyston","handyman","0","0","","","","","","NO_MAPPED_VENDOR","Source candidates and check existing vendors for explicit coverage"
"sussex","sandyston","Sandyston","masonry","0","0","","","","","","NO_MAPPED_VENDOR","Source candidates and check existing vendors for explicit coverage"
"sussex","sandyston","Sandyston","landscaping","0","0","","","","","","NO_MAPPED_VENDOR","Source candidates and check existing vendors for explicit coverage"
"sussex","sandyston","Sandyston","painting","0","0","","","","","","NO_MAPPED_VENDOR","Source candidates and check existing vendors for explicit coverage"
"sussex","sandyston","Sandyston","drywall","0","0","","","","","","NO_MAPPED_VENDOR","Source candidates and check existing vendors for explicit coverage"
"sussex","sandyston","Sandyston","tile","0","0","","","","","","NO_MAPPED_VENDOR","Source candidates and check existing vendors for explicit coverage"
"sussex","sandyston","Sandyston","plumbing","0","0","","","","","","NO_MAPPED_VENDOR","Source candidates and check existing vendors for explicit coverage"
"sussex","sandyston","Sandyston","electrical","0","0","","","","","","NO_MAPPED_VENDOR","Source candidates and check existing vendors for explicit coverage"
"sussex","sparta","Sparta","handyman","0","0","","","","","","NO_MAPPED_VENDOR","Source candidates and check existing vendors for explicit coverage"
"sussex","sparta","Sparta","masonry","0","0","","","","","","NO_MAPPED_VENDOR","Source candidates and check existing vendors for explicit coverage"
"sussex","sparta","Sparta","landscaping","0","0","","","","","","NO_MAPPED_VENDOR","Source candidates and check existing vendors for explicit coverage"
"sussex","sparta","Sparta","painting","0","0","","","","","","NO_MAPPED_VENDOR","Source candidates and check existing vendors for explicit coverage"
"sussex","sparta","Sparta","drywall","0","0","","","","","","NO_MAPPED_VENDOR","Source candidates and check existing vendors for explicit coverage"
"sussex","sparta","Sparta","tile","0","0","","","","","","NO_MAPPED_VENDOR","Source candidates and check existing vendors for explicit coverage"
"sussex","sparta","Sparta","plumbing","0","0","","","","","","NO_MAPPED_VENDOR","Source candidates and check existing vendors for explicit coverage"
"sussex","sparta","Sparta","electrical","0","0","","","","","","NO_MAPPED_VENDOR","Source candidates and check existing vendors for explicit coverage"
"sussex","stanhope","Stanhope","handyman","0","0","","","","","","NO_MAPPED_VENDOR","Source candidates and check existing vendors for explicit coverage"
"sussex","stanhope","Stanhope","masonry","0","0","","","","","","NO_MAPPED_VENDOR","Source candidates and check existing vendors for explicit coverage"
"sussex","stanhope","Stanhope","landscaping","0","0","","","","","","NO_MAPPED_VENDOR","Source candidates and check existing vendors for explicit coverage"
"sussex","stanhope","Stanhope","painting","0","0","","","","","","NO_MAPPED_VENDOR","Source candidates and check existing vendors for explicit coverage"
"sussex","stanhope","Stanhope","drywall","0","0","","","","","","NO_MAPPED_VENDOR","Source candidates and check existing vendors for explicit coverage"
"sussex","stanhope","Stanhope","tile","0","0","","","","","","NO_MAPPED_VENDOR","Source candidates and check existing vendors for explicit coverage"
"sussex","stanhope","Stanhope","plumbing","0","0","","","","","","NO_MAPPED_VENDOR","Source candidates and check existing vendors for explicit coverage"
"sussex","stanhope","Stanhope","electrical","0","0","","","","","","NO_MAPPED_VENDOR","Source candidates and check existing vendors for explicit coverage"
"sussex","stillwater","Stillwater","handyman","0","0","","","","","","NO_MAPPED_VENDOR","Source candidates and check existing vendors for explicit coverage"
"sussex","stillwater","Stillwater","masonry","0","0","","","","","","NO_MAPPED_VENDOR","Source candidates and check existing vendors for explicit coverage"
"sussex","stillwater","Stillwater","landscaping","0","0","","","","","","NO_MAPPED_VENDOR","Source candidates and check existing vendors for explicit coverage"
"sussex","stillwater","Stillwater","painting","0","0","","","","","","NO_MAPPED_VENDOR","Source candidates and check existing vendors for explicit coverage"
"sussex","stillwater","Stillwater","drywall","0","0","","","","","","NO_MAPPED_VENDOR","Source candidates and check existing vendors for explicit coverage"
"sussex","stillwater","Stillwater","tile","0","0","","","","","","NO_MAPPED_VENDOR","Source candidates and check existing vendors for explicit coverage"
"sussex","stillwater","Stillwater","plumbing","0","0","","","","","","NO_MAPPED_VENDOR","Source candidates and check existing vendors for explicit coverage"
"sussex","stillwater","Stillwater","electrical","0","0","","","","","","NO_MAPPED_VENDOR","Source candidates and check existing vendors for explicit coverage"
"sussex","sussex","Sussex","handyman","0","0","","","","","","NO_MAPPED_VENDOR","Source candidates and check existing vendors for explicit coverage"
"sussex","sussex","Sussex","masonry","0","0","","","","","","NO_MAPPED_VENDOR","Source candidates and check existing vendors for explicit coverage"
"sussex","sussex","Sussex","landscaping","0","0","","","","","","NO_MAPPED_VENDOR","Source candidates and check existing vendors for explicit coverage"
"sussex","sussex","Sussex","painting","0","0","","","","","","NO_MAPPED_VENDOR","Source candidates and check existing vendors for explicit coverage"
"sussex","sussex","Sussex","drywall","0","0","","","","","","NO_MAPPED_VENDOR","Source candidates and check existing vendors for explicit coverage"
"sussex","sussex","Sussex","tile","0","0","","","","","","NO_MAPPED_VENDOR","Source candidates and check existing vendors for explicit coverage"
"sussex","sussex","Sussex","plumbing","0","0","","","","","","NO_MAPPED_VENDOR","Source candidates and check existing vendors for explicit coverage"
"sussex","sussex","Sussex","electrical","0","0","","","","","","NO_MAPPED_VENDOR","Source candidates and check existing vendors for explicit coverage"
"sussex","vernon","Vernon","handyman","0","0","","","","","","NO_MAPPED_VENDOR","Source candidates and check existing vendors for explicit coverage"
"sussex","vernon","Vernon","masonry","0","0","","","","","","NO_MAPPED_VENDOR","Source candidates and check existing vendors for explicit coverage"
"sussex","vernon","Vernon","landscaping","0","0","","","","","","NO_MAPPED_VENDOR","Source candidates and check existing vendors for explicit coverage"
"sussex","vernon","Vernon","painting","0","0","","","","","","NO_MAPPED_VENDOR","Source candidates and check existing vendors for explicit coverage"
"sussex","vernon","Vernon","drywall","0","0","","","","","","NO_MAPPED_VENDOR","Source candidates and check existing vendors for explicit coverage"
"sussex","vernon","Vernon","tile","0","0","","","","","","NO_MAPPED_VENDOR","Source candidates and check existing vendors for explicit coverage"
"sussex","vernon","Vernon","plumbing","0","0","","","","","","NO_MAPPED_VENDOR","Source candidates and check existing vendors for explicit coverage"
"sussex","vernon","Vernon","electrical","0","0","","","","","","NO_MAPPED_VENDOR","Source candidates and check existing vendors for explicit coverage"
"sussex","walpack","Walpack","handyman","0","0","","","","","","NO_MAPPED_VENDOR","Source candidates and check existing vendors for explicit coverage"
"sussex","walpack","Walpack","masonry","0","0","","","","","","NO_MAPPED_VENDOR","Source candidates and check existing vendors for explicit coverage"
"sussex","walpack","Walpack","landscaping","0","0","","","","","","NO_MAPPED_VENDOR","Source candidates and check existing vendors for explicit coverage"
"sussex","walpack","Walpack","painting","0","0","","","","","","NO_MAPPED_VENDOR","Source candidates and check existing vendors for explicit coverage"
"sussex","walpack","Walpack","drywall","0","0","","","","","","NO_MAPPED_VENDOR","Source candidates and check existing vendors for explicit coverage"
"sussex","walpack","Walpack","tile","0","0","","","","","","NO_MAPPED_VENDOR","Source candidates and check existing vendors for explicit coverage"
"sussex","walpack","Walpack","plumbing","0","0","","","","","","NO_MAPPED_VENDOR","Source candidates and check existing vendors for explicit coverage"
"sussex","walpack","Walpack","electrical","0","0","","","","","","NO_MAPPED_VENDOR","Source candidates and check existing vendors for explicit coverage"
"sussex","wantage","Wantage","handyman","0","0","","","","","","NO_MAPPED_VENDOR","Source candidates and check existing vendors for explicit coverage"
"sussex","wantage","Wantage","masonry","0","0","","","","","","NO_MAPPED_VENDOR","Source candidates and check existing vendors for explicit coverage"
"sussex","wantage","Wantage","landscaping","0","0","","","","","","NO_MAPPED_VENDOR","Source candidates and check existing vendors for explicit coverage"
"sussex","wantage","Wantage","painting","0","0","","","","","","NO_MAPPED_VENDOR","Source candidates and check existing vendors for explicit coverage"
"sussex","wantage","Wantage","drywall","0","0","","","","","","NO_MAPPED_VENDOR","Source candidates and check existing vendors for explicit coverage"
"sussex","wantage","Wantage","tile","0","0","","","","","","NO_MAPPED_VENDOR","Source candidates and check existing vendors for explicit coverage"
"sussex","wantage","Wantage","plumbing","0","0","","","","","","NO_MAPPED_VENDOR","Source candidates and check existing vendors for explicit coverage"
"sussex","wantage","Wantage","electrical","0","0","","","","","","NO_MAPPED_VENDOR","Source candidates and check existing vendors for explicit coverage"
"union","berkeley-heights","Berkeley Heights","handyman","0","0","","","","","","NO_MAPPED_VENDOR","Source candidates and check existing vendors for explicit coverage"
"union","berkeley-heights","Berkeley Heights","masonry","0","0","","","","","","NO_MAPPED_VENDOR","Source candidates and check existing vendors for explicit coverage"
"union","berkeley-heights","Berkeley Heights","landscaping","0","0","","","","","","NO_MAPPED_VENDOR","Source candidates and check existing vendors for explicit coverage"
"union","berkeley-heights","Berkeley Heights","painting","0","0","","","","","","NO_MAPPED_VENDOR","Source candidates and check existing vendors for explicit coverage"
"union","berkeley-heights","Berkeley Heights","drywall","0","0","","","","","","NO_MAPPED_VENDOR","Source candidates and check existing vendors for explicit coverage"
"union","berkeley-heights","Berkeley Heights","tile","0","0","","","","","","NO_MAPPED_VENDOR","Source candidates and check existing vendors for explicit coverage"
"union","berkeley-heights","Berkeley Heights","plumbing","0","0","","","","","","NO_MAPPED_VENDOR","Source candidates and check existing vendors for explicit coverage"
"union","berkeley-heights","Berkeley Heights","electrical","0","0","","","","","","NO_MAPPED_VENDOR","Source candidates and check existing vendors for explicit coverage"
"union","clark","Clark","handyman","0","0","","","","","","NO_MAPPED_VENDOR","Source candidates and check existing vendors for explicit coverage"
"union","clark","Clark","masonry","0","0","","","","","","NO_MAPPED_VENDOR","Source candidates and check existing vendors for explicit coverage"
"union","clark","Clark","landscaping","0","0","","","","","","NO_MAPPED_VENDOR","Source candidates and check existing vendors for explicit coverage"
"union","clark","Clark","painting","0","0","","","","","","NO_MAPPED_VENDOR","Source candidates and check existing vendors for explicit coverage"
"union","clark","Clark","drywall","0","0","","","","","","NO_MAPPED_VENDOR","Source candidates and check existing vendors for explicit coverage"
"union","clark","Clark","tile","0","0","","","","","","NO_MAPPED_VENDOR","Source candidates and check existing vendors for explicit coverage"
"union","clark","Clark","plumbing","0","0","","","","","","NO_MAPPED_VENDOR","Source candidates and check existing vendors for explicit coverage"
"union","clark","Clark","electrical","0","0","","","","","","NO_MAPPED_VENDOR","Source candidates and check existing vendors for explicit coverage"
"union","cranford","Cranford","handyman","0","0","","","","","","NO_MAPPED_VENDOR","Source candidates and check existing vendors for explicit coverage"
"union","cranford","Cranford","masonry","0","0","","","","","","NO_MAPPED_VENDOR","Source candidates and check existing vendors for explicit coverage"
"union","cranford","Cranford","landscaping","0","0","","","","","","NO_MAPPED_VENDOR","Source candidates and check existing vendors for explicit coverage"
"union","cranford","Cranford","painting","0","0","","","","","","NO_MAPPED_VENDOR","Source candidates and check existing vendors for explicit coverage"
"union","cranford","Cranford","drywall","0","0","","","","","","NO_MAPPED_VENDOR","Source candidates and check existing vendors for explicit coverage"
"union","cranford","Cranford","tile","0","0","","","","","","NO_MAPPED_VENDOR","Source candidates and check existing vendors for explicit coverage"
"union","cranford","Cranford","plumbing","0","0","","","","","","NO_MAPPED_VENDOR","Source candidates and check existing vendors for explicit coverage"
"union","cranford","Cranford","electrical","0","0","","","","","","NO_MAPPED_VENDOR","Source candidates and check existing vendors for explicit coverage"
"union","elizabeth","Elizabeth","handyman","0","0","","","","","","NO_MAPPED_VENDOR","Source candidates and check existing vendors for explicit coverage"
"union","elizabeth","Elizabeth","masonry","0","0","","","","","","NO_MAPPED_VENDOR","Source candidates and check existing vendors for explicit coverage"
"union","elizabeth","Elizabeth","landscaping","0","0","","","","","","NO_MAPPED_VENDOR","Source candidates and check existing vendors for explicit coverage"
"union","elizabeth","Elizabeth","painting","0","0","","","","","","NO_MAPPED_VENDOR","Source candidates and check existing vendors for explicit coverage"
"union","elizabeth","Elizabeth","drywall","0","0","","","","","","NO_MAPPED_VENDOR","Source candidates and check existing vendors for explicit coverage"
"union","elizabeth","Elizabeth","tile","0","0","","","","","","NO_MAPPED_VENDOR","Source candidates and check existing vendors for explicit coverage"
"union","elizabeth","Elizabeth","plumbing","0","0","","","","","","NO_MAPPED_VENDOR","Source candidates and check existing vendors for explicit coverage"
"union","elizabeth","Elizabeth","electrical","0","0","","","","","","NO_MAPPED_VENDOR","Source candidates and check existing vendors for explicit coverage"
"union","fanwood","Fanwood","handyman","0","0","","","","","","NO_MAPPED_VENDOR","Source candidates and check existing vendors for explicit coverage"
"union","fanwood","Fanwood","masonry","0","0","","","","","","NO_MAPPED_VENDOR","Source candidates and check existing vendors for explicit coverage"
"union","fanwood","Fanwood","landscaping","0","0","","","","","","NO_MAPPED_VENDOR","Source candidates and check existing vendors for explicit coverage"
"union","fanwood","Fanwood","painting","0","0","","","","","","NO_MAPPED_VENDOR","Source candidates and check existing vendors for explicit coverage"
"union","fanwood","Fanwood","drywall","0","0","","","","","","NO_MAPPED_VENDOR","Source candidates and check existing vendors for explicit coverage"
"union","fanwood","Fanwood","tile","0","0","","","","","","NO_MAPPED_VENDOR","Source candidates and check existing vendors for explicit coverage"
"union","fanwood","Fanwood","plumbing","0","0","","","","","","NO_MAPPED_VENDOR","Source candidates and check existing vendors for explicit coverage"
"union","fanwood","Fanwood","electrical","0","0","","","","","","NO_MAPPED_VENDOR","Source candidates and check existing vendors for explicit coverage"
"union","garwood","Garwood","handyman","0","0","","","","","","NO_MAPPED_VENDOR","Source candidates and check existing vendors for explicit coverage"
"union","garwood","Garwood","masonry","0","0","","","","","","NO_MAPPED_VENDOR","Source candidates and check existing vendors for explicit coverage"
"union","garwood","Garwood","landscaping","0","0","","","","","","NO_MAPPED_VENDOR","Source candidates and check existing vendors for explicit coverage"
"union","garwood","Garwood","painting","0","0","","","","","","NO_MAPPED_VENDOR","Source candidates and check existing vendors for explicit coverage"
"union","garwood","Garwood","drywall","0","0","","","","","","NO_MAPPED_VENDOR","Source candidates and check existing vendors for explicit coverage"
"union","garwood","Garwood","tile","0","0","","","","","","NO_MAPPED_VENDOR","Source candidates and check existing vendors for explicit coverage"
"union","garwood","Garwood","plumbing","0","0","","","","","","NO_MAPPED_VENDOR","Source candidates and check existing vendors for explicit coverage"
"union","garwood","Garwood","electrical","0","0","","","","","","NO_MAPPED_VENDOR","Source candidates and check existing vendors for explicit coverage"
"union","hillside","Hillside","handyman","0","0","","","","","","NO_MAPPED_VENDOR","Source candidates and check existing vendors for explicit coverage"
"union","hillside","Hillside","masonry","0","0","","","","","","NO_MAPPED_VENDOR","Source candidates and check existing vendors for explicit coverage"
"union","hillside","Hillside","landscaping","0","0","","","","","","NO_MAPPED_VENDOR","Source candidates and check existing vendors for explicit coverage"
"union","hillside","Hillside","painting","0","0","","","","","","NO_MAPPED_VENDOR","Source candidates and check existing vendors for explicit coverage"
"union","hillside","Hillside","drywall","0","0","","","","","","NO_MAPPED_VENDOR","Source candidates and check existing vendors for explicit coverage"
"union","hillside","Hillside","tile","0","0","","","","","","NO_MAPPED_VENDOR","Source candidates and check existing vendors for explicit coverage"
"union","hillside","Hillside","plumbing","0","0","","","","","","NO_MAPPED_VENDOR","Source candidates and check existing vendors for explicit coverage"
"union","hillside","Hillside","electrical","0","0","","","","","","NO_MAPPED_VENDOR","Source candidates and check existing vendors for explicit coverage"
"union","kenilworth","Kenilworth","handyman","0","0","","","","","","NO_MAPPED_VENDOR","Source candidates and check existing vendors for explicit coverage"
"union","kenilworth","Kenilworth","masonry","0","0","","","","","","NO_MAPPED_VENDOR","Source candidates and check existing vendors for explicit coverage"
"union","kenilworth","Kenilworth","landscaping","0","0","","","","","","NO_MAPPED_VENDOR","Source candidates and check existing vendors for explicit coverage"
"union","kenilworth","Kenilworth","painting","0","0","","","","","","NO_MAPPED_VENDOR","Source candidates and check existing vendors for explicit coverage"
"union","kenilworth","Kenilworth","drywall","0","0","","","","","","NO_MAPPED_VENDOR","Source candidates and check existing vendors for explicit coverage"
"union","kenilworth","Kenilworth","tile","0","0","","","","","","NO_MAPPED_VENDOR","Source candidates and check existing vendors for explicit coverage"
"union","kenilworth","Kenilworth","plumbing","0","0","","","","","","NO_MAPPED_VENDOR","Source candidates and check existing vendors for explicit coverage"
"union","kenilworth","Kenilworth","electrical","0","0","","","","","","NO_MAPPED_VENDOR","Source candidates and check existing vendors for explicit coverage"
"union","linden","Linden","handyman","0","0","","","","","","NO_MAPPED_VENDOR","Source candidates and check existing vendors for explicit coverage"
"union","linden","Linden","masonry","0","0","","","","","","NO_MAPPED_VENDOR","Source candidates and check existing vendors for explicit coverage"
"union","linden","Linden","landscaping","0","0","","","","","","NO_MAPPED_VENDOR","Source candidates and check existing vendors for explicit coverage"
"union","linden","Linden","painting","0","0","","","","","","NO_MAPPED_VENDOR","Source candidates and check existing vendors for explicit coverage"
"union","linden","Linden","drywall","0","0","","","","","","NO_MAPPED_VENDOR","Source candidates and check existing vendors for explicit coverage"
"union","linden","Linden","tile","0","0","","","","","","NO_MAPPED_VENDOR","Source candidates and check existing vendors for explicit coverage"
"union","linden","Linden","plumbing","0","0","","","","","","NO_MAPPED_VENDOR","Source candidates and check existing vendors for explicit coverage"
"union","linden","Linden","electrical","0","0","","","","","","NO_MAPPED_VENDOR","Source candidates and check existing vendors for explicit coverage"
"union","mountainside","Mountainside","handyman","0","0","","","","","","NO_MAPPED_VENDOR","Source candidates and check existing vendors for explicit coverage"
"union","mountainside","Mountainside","masonry","0","0","","","","","","NO_MAPPED_VENDOR","Source candidates and check existing vendors for explicit coverage"
"union","mountainside","Mountainside","landscaping","0","0","","","","","","NO_MAPPED_VENDOR","Source candidates and check existing vendors for explicit coverage"
"union","mountainside","Mountainside","painting","0","0","","","","","","NO_MAPPED_VENDOR","Source candidates and check existing vendors for explicit coverage"
"union","mountainside","Mountainside","drywall","0","0","","","","","","NO_MAPPED_VENDOR","Source candidates and check existing vendors for explicit coverage"
"union","mountainside","Mountainside","tile","0","0","","","","","","NO_MAPPED_VENDOR","Source candidates and check existing vendors for explicit coverage"
"union","mountainside","Mountainside","plumbing","0","0","","","","","","NO_MAPPED_VENDOR","Source candidates and check existing vendors for explicit coverage"
"union","mountainside","Mountainside","electrical","0","0","","","","","","NO_MAPPED_VENDOR","Source candidates and check existing vendors for explicit coverage"
"union","new-providence","New Providence","handyman","0","0","","","","","","NO_MAPPED_VENDOR","Source candidates and check existing vendors for explicit coverage"
"union","new-providence","New Providence","masonry","0","0","","","","","","NO_MAPPED_VENDOR","Source candidates and check existing vendors for explicit coverage"
"union","new-providence","New Providence","landscaping","0","0","","","","","","NO_MAPPED_VENDOR","Source candidates and check existing vendors for explicit coverage"
"union","new-providence","New Providence","painting","0","0","","","","","","NO_MAPPED_VENDOR","Source candidates and check existing vendors for explicit coverage"
"union","new-providence","New Providence","drywall","0","0","","","","","","NO_MAPPED_VENDOR","Source candidates and check existing vendors for explicit coverage"
"union","new-providence","New Providence","tile","0","0","","","","","","NO_MAPPED_VENDOR","Source candidates and check existing vendors for explicit coverage"
"union","new-providence","New Providence","plumbing","0","0","","","","","","NO_MAPPED_VENDOR","Source candidates and check existing vendors for explicit coverage"
"union","new-providence","New Providence","electrical","0","0","","","","","","NO_MAPPED_VENDOR","Source candidates and check existing vendors for explicit coverage"
"union","plainfield","Plainfield","handyman","0","0","","","","","","NO_MAPPED_VENDOR","Source candidates and check existing vendors for explicit coverage"
"union","plainfield","Plainfield","masonry","0","0","","","","","","NO_MAPPED_VENDOR","Source candidates and check existing vendors for explicit coverage"
"union","plainfield","Plainfield","landscaping","0","0","","","","","","NO_MAPPED_VENDOR","Source candidates and check existing vendors for explicit coverage"
"union","plainfield","Plainfield","painting","0","0","","","","","","NO_MAPPED_VENDOR","Source candidates and check existing vendors for explicit coverage"
"union","plainfield","Plainfield","drywall","0","0","","","","","","NO_MAPPED_VENDOR","Source candidates and check existing vendors for explicit coverage"
"union","plainfield","Plainfield","tile","0","0","","","","","","NO_MAPPED_VENDOR","Source candidates and check existing vendors for explicit coverage"
"union","plainfield","Plainfield","plumbing","0","0","","","","","","NO_MAPPED_VENDOR","Source candidates and check existing vendors for explicit coverage"
"union","plainfield","Plainfield","electrical","0","0","","","","","","NO_MAPPED_VENDOR","Source candidates and check existing vendors for explicit coverage"
"union","rahway","Rahway","handyman","0","0","","","","","","NO_MAPPED_VENDOR","Source candidates and check existing vendors for explicit coverage"
"union","rahway","Rahway","masonry","0","0","","","","","","NO_MAPPED_VENDOR","Source candidates and check existing vendors for explicit coverage"
"union","rahway","Rahway","landscaping","0","0","","","","","","NO_MAPPED_VENDOR","Source candidates and check existing vendors for explicit coverage"
"union","rahway","Rahway","painting","0","0","","","","","","NO_MAPPED_VENDOR","Source candidates and check existing vendors for explicit coverage"
"union","rahway","Rahway","drywall","0","0","","","","","","NO_MAPPED_VENDOR","Source candidates and check existing vendors for explicit coverage"
"union","rahway","Rahway","tile","0","0","","","","","","NO_MAPPED_VENDOR","Source candidates and check existing vendors for explicit coverage"
"union","rahway","Rahway","plumbing","0","0","","","","","","NO_MAPPED_VENDOR","Source candidates and check existing vendors for explicit coverage"
"union","rahway","Rahway","electrical","0","0","","","","","","NO_MAPPED_VENDOR","Source candidates and check existing vendors for explicit coverage"
"union","roselle","Roselle","handyman","0","0","","","","","","NO_MAPPED_VENDOR","Source candidates and check existing vendors for explicit coverage"
"union","roselle","Roselle","masonry","0","0","","","","","","NO_MAPPED_VENDOR","Source candidates and check existing vendors for explicit coverage"
"union","roselle","Roselle","landscaping","0","0","","","","","","NO_MAPPED_VENDOR","Source candidates and check existing vendors for explicit coverage"
"union","roselle","Roselle","painting","0","0","","","","","","NO_MAPPED_VENDOR","Source candidates and check existing vendors for explicit coverage"
"union","roselle","Roselle","drywall","0","0","","","","","","NO_MAPPED_VENDOR","Source candidates and check existing vendors for explicit coverage"
"union","roselle","Roselle","tile","0","0","","","","","","NO_MAPPED_VENDOR","Source candidates and check existing vendors for explicit coverage"
"union","roselle","Roselle","plumbing","0","0","","","","","","NO_MAPPED_VENDOR","Source candidates and check existing vendors for explicit coverage"
"union","roselle","Roselle","electrical","0","0","","","","","","NO_MAPPED_VENDOR","Source candidates and check existing vendors for explicit coverage"
"union","roselle-park","Roselle Park","handyman","0","0","","","","","","NO_MAPPED_VENDOR","Source candidates and check existing vendors for explicit coverage"
"union","roselle-park","Roselle Park","masonry","0","0","","","","","","NO_MAPPED_VENDOR","Source candidates and check existing vendors for explicit coverage"
"union","roselle-park","Roselle Park","landscaping","0","0","","","","","","NO_MAPPED_VENDOR","Source candidates and check existing vendors for explicit coverage"
"union","roselle-park","Roselle Park","painting","0","0","","","","","","NO_MAPPED_VENDOR","Source candidates and check existing vendors for explicit coverage"
"union","roselle-park","Roselle Park","drywall","0","0","","","","","","NO_MAPPED_VENDOR","Source candidates and check existing vendors for explicit coverage"
"union","roselle-park","Roselle Park","tile","0","0","","","","","","NO_MAPPED_VENDOR","Source candidates and check existing vendors for explicit coverage"
"union","roselle-park","Roselle Park","plumbing","0","0","","","","","","NO_MAPPED_VENDOR","Source candidates and check existing vendors for explicit coverage"
"union","roselle-park","Roselle Park","electrical","0","0","","","","","","NO_MAPPED_VENDOR","Source candidates and check existing vendors for explicit coverage"
"union","scotch-plains","Scotch Plains","handyman","0","0","","","","","","NO_MAPPED_VENDOR","Source candidates and check existing vendors for explicit coverage"
"union","scotch-plains","Scotch Plains","masonry","0","0","","","","","","NO_MAPPED_VENDOR","Source candidates and check existing vendors for explicit coverage"
"union","scotch-plains","Scotch Plains","landscaping","0","0","","","","","","NO_MAPPED_VENDOR","Source candidates and check existing vendors for explicit coverage"
"union","scotch-plains","Scotch Plains","painting","0","0","","","","","","NO_MAPPED_VENDOR","Source candidates and check existing vendors for explicit coverage"
"union","scotch-plains","Scotch Plains","drywall","0","0","","","","","","NO_MAPPED_VENDOR","Source candidates and check existing vendors for explicit coverage"
"union","scotch-plains","Scotch Plains","tile","0","0","","","","","","NO_MAPPED_VENDOR","Source candidates and check existing vendors for explicit coverage"
"union","scotch-plains","Scotch Plains","plumbing","0","0","","","","","","NO_MAPPED_VENDOR","Source candidates and check existing vendors for explicit coverage"
"union","scotch-plains","Scotch Plains","electrical","0","0","","","","","","NO_MAPPED_VENDOR","Source candidates and check existing vendors for explicit coverage"
"union","springfield","Springfield","handyman","0","0","","","","","","NO_MAPPED_VENDOR","Source candidates and check existing vendors for explicit coverage"
"union","springfield","Springfield","masonry","0","0","","","","","","NO_MAPPED_VENDOR","Source candidates and check existing vendors for explicit coverage"
"union","springfield","Springfield","landscaping","0","0","","","","","","NO_MAPPED_VENDOR","Source candidates and check existing vendors for explicit coverage"
"union","springfield","Springfield","painting","0","0","","","","","","NO_MAPPED_VENDOR","Source candidates and check existing vendors for explicit coverage"
"union","springfield","Springfield","drywall","0","0","","","","","","NO_MAPPED_VENDOR","Source candidates and check existing vendors for explicit coverage"
"union","springfield","Springfield","tile","0","0","","","","","","NO_MAPPED_VENDOR","Source candidates and check existing vendors for explicit coverage"
"union","springfield","Springfield","plumbing","0","0","","","","","","NO_MAPPED_VENDOR","Source candidates and check existing vendors for explicit coverage"
"union","springfield","Springfield","electrical","0","0","","","","","","NO_MAPPED_VENDOR","Source candidates and check existing vendors for explicit coverage"
"union","union-township","Union Township","handyman","0","0","","","","","","NO_MAPPED_VENDOR","Source candidates and check existing vendors for explicit coverage"
"union","union-township","Union Township","masonry","0","0","","","","","","NO_MAPPED_VENDOR","Source candidates and check existing vendors for explicit coverage"
"union","union-township","Union Township","landscaping","0","0","","","","","","NO_MAPPED_VENDOR","Source candidates and check existing vendors for explicit coverage"
"union","union-township","Union Township","painting","0","0","","","","","","NO_MAPPED_VENDOR","Source candidates and check existing vendors for explicit coverage"
"union","union-township","Union Township","drywall","0","0","","","","","","NO_MAPPED_VENDOR","Source candidates and check existing vendors for explicit coverage"
"union","union-township","Union Township","tile","0","0","","","","","","NO_MAPPED_VENDOR","Source candidates and check existing vendors for explicit coverage"
"union","union-township","Union Township","plumbing","0","0","","","","","","NO_MAPPED_VENDOR","Source candidates and check existing vendors for explicit coverage"
"union","union-township","Union Township","electrical","0","0","","","","","","NO_MAPPED_VENDOR","Source candidates and check existing vendors for explicit coverage"
"union","westfield","Westfield","handyman","0","0","","","","","","NO_MAPPED_VENDOR","Source candidates and check existing vendors for explicit coverage"
"union","westfield","Westfield","masonry","0","0","","","","","","NO_MAPPED_VENDOR","Source candidates and check existing vendors for explicit coverage"
"union","westfield","Westfield","landscaping","0","0","","","","","","NO_MAPPED_VENDOR","Source candidates and check existing vendors for explicit coverage"
"union","westfield","Westfield","painting","0","0","","","","","","NO_MAPPED_VENDOR","Source candidates and check existing vendors for explicit coverage"
"union","westfield","Westfield","drywall","0","0","","","","","","NO_MAPPED_VENDOR","Source candidates and check existing vendors for explicit coverage"
"union","westfield","Westfield","tile","0","0","","","","","","NO_MAPPED_VENDOR","Source candidates and check existing vendors for explicit coverage"
"union","westfield","Westfield","plumbing","0","0","","","","","","NO_MAPPED_VENDOR","Source candidates and check existing vendors for explicit coverage"
"union","westfield","Westfield","electrical","0","0","","","","","","NO_MAPPED_VENDOR","Source candidates and check existing vendors for explicit coverage"
"union","winfield","Winfield","handyman","0","0","","","","","","NO_MAPPED_VENDOR","Source candidates and check existing vendors for explicit coverage"
"union","winfield","Winfield","masonry","0","0","","","","","","NO_MAPPED_VENDOR","Source candidates and check existing vendors for explicit coverage"
"union","winfield","Winfield","landscaping","0","0","","","","","","NO_MAPPED_VENDOR","Source candidates and check existing vendors for explicit coverage"
"union","winfield","Winfield","painting","0","0","","","","","","NO_MAPPED_VENDOR","Source candidates and check existing vendors for explicit coverage"
"union","winfield","Winfield","drywall","0","0","","","","","","NO_MAPPED_VENDOR","Source candidates and check existing vendors for explicit coverage"
"union","winfield","Winfield","tile","0","0","","","","","","NO_MAPPED_VENDOR","Source candidates and check existing vendors for explicit coverage"
"union","winfield","Winfield","plumbing","0","0","","","","","","NO_MAPPED_VENDOR","Source candidates and check existing vendors for explicit coverage"
"union","winfield","Winfield","electrical","0","0","","","","","","NO_MAPPED_VENDOR","Source candidates and check existing vendors for explicit coverage"
"warren","allamuchy","Allamuchy","handyman","0","0","","","","","","NO_MAPPED_VENDOR","Source candidates and check existing vendors for explicit coverage"
"warren","allamuchy","Allamuchy","masonry","0","0","","","","","","NO_MAPPED_VENDOR","Source candidates and check existing vendors for explicit coverage"
"warren","allamuchy","Allamuchy","landscaping","0","0","","","","","","NO_MAPPED_VENDOR","Source candidates and check existing vendors for explicit coverage"
"warren","allamuchy","Allamuchy","painting","0","0","","","","","","NO_MAPPED_VENDOR","Source candidates and check existing vendors for explicit coverage"
"warren","allamuchy","Allamuchy","drywall","0","0","","","","","","NO_MAPPED_VENDOR","Source candidates and check existing vendors for explicit coverage"
"warren","allamuchy","Allamuchy","tile","0","0","","","","","","NO_MAPPED_VENDOR","Source candidates and check existing vendors for explicit coverage"
"warren","allamuchy","Allamuchy","plumbing","0","0","","","","","","NO_MAPPED_VENDOR","Source candidates and check existing vendors for explicit coverage"
"warren","allamuchy","Allamuchy","electrical","0","0","","","","","","NO_MAPPED_VENDOR","Source candidates and check existing vendors for explicit coverage"
"warren","alpha","Alpha","handyman","0","0","","","","","","NO_MAPPED_VENDOR","Source candidates and check existing vendors for explicit coverage"
"warren","alpha","Alpha","masonry","0","0","","","","","","NO_MAPPED_VENDOR","Source candidates and check existing vendors for explicit coverage"
"warren","alpha","Alpha","landscaping","0","0","","","","","","NO_MAPPED_VENDOR","Source candidates and check existing vendors for explicit coverage"
"warren","alpha","Alpha","painting","0","0","","","","","","NO_MAPPED_VENDOR","Source candidates and check existing vendors for explicit coverage"
"warren","alpha","Alpha","drywall","0","0","","","","","","NO_MAPPED_VENDOR","Source candidates and check existing vendors for explicit coverage"
"warren","alpha","Alpha","tile","0","0","","","","","","NO_MAPPED_VENDOR","Source candidates and check existing vendors for explicit coverage"
"warren","alpha","Alpha","plumbing","0","0","","","","","","NO_MAPPED_VENDOR","Source candidates and check existing vendors for explicit coverage"
"warren","alpha","Alpha","electrical","0","0","","","","","","NO_MAPPED_VENDOR","Source candidates and check existing vendors for explicit coverage"
"warren","belvidere","Belvidere","handyman","0","0","","","","","","NO_MAPPED_VENDOR","Source candidates and check existing vendors for explicit coverage"
"warren","belvidere","Belvidere","masonry","0","0","","","","","","NO_MAPPED_VENDOR","Source candidates and check existing vendors for explicit coverage"
"warren","belvidere","Belvidere","landscaping","0","0","","","","","","NO_MAPPED_VENDOR","Source candidates and check existing vendors for explicit coverage"
"warren","belvidere","Belvidere","painting","0","0","","","","","","NO_MAPPED_VENDOR","Source candidates and check existing vendors for explicit coverage"
"warren","belvidere","Belvidere","drywall","0","0","","","","","","NO_MAPPED_VENDOR","Source candidates and check existing vendors for explicit coverage"
"warren","belvidere","Belvidere","tile","0","0","","","","","","NO_MAPPED_VENDOR","Source candidates and check existing vendors for explicit coverage"
"warren","belvidere","Belvidere","plumbing","0","0","","","","","","NO_MAPPED_VENDOR","Source candidates and check existing vendors for explicit coverage"
"warren","belvidere","Belvidere","electrical","0","0","","","","","","NO_MAPPED_VENDOR","Source candidates and check existing vendors for explicit coverage"
"warren","blairstown","Blairstown","handyman","0","0","","","","","","NO_MAPPED_VENDOR","Source candidates and check existing vendors for explicit coverage"
"warren","blairstown","Blairstown","masonry","0","0","","","","","","NO_MAPPED_VENDOR","Source candidates and check existing vendors for explicit coverage"
"warren","blairstown","Blairstown","landscaping","0","0","","","","","","NO_MAPPED_VENDOR","Source candidates and check existing vendors for explicit coverage"
"warren","blairstown","Blairstown","painting","0","0","","","","","","NO_MAPPED_VENDOR","Source candidates and check existing vendors for explicit coverage"
"warren","blairstown","Blairstown","drywall","0","0","","","","","","NO_MAPPED_VENDOR","Source candidates and check existing vendors for explicit coverage"
"warren","blairstown","Blairstown","tile","0","0","","","","","","NO_MAPPED_VENDOR","Source candidates and check existing vendors for explicit coverage"
"warren","blairstown","Blairstown","plumbing","0","0","","","","","","NO_MAPPED_VENDOR","Source candidates and check existing vendors for explicit coverage"
"warren","blairstown","Blairstown","electrical","0","0","","","","","","NO_MAPPED_VENDOR","Source candidates and check existing vendors for explicit coverage"
"warren","franklin-township","Franklin Township","handyman","0","0","","","","","","NO_MAPPED_VENDOR","Source candidates and check existing vendors for explicit coverage"
"warren","franklin-township","Franklin Township","masonry","0","0","","","","","","NO_MAPPED_VENDOR","Source candidates and check existing vendors for explicit coverage"
"warren","franklin-township","Franklin Township","landscaping","0","0","","","","","","NO_MAPPED_VENDOR","Source candidates and check existing vendors for explicit coverage"
"warren","franklin-township","Franklin Township","painting","0","0","","","","","","NO_MAPPED_VENDOR","Source candidates and check existing vendors for explicit coverage"
"warren","franklin-township","Franklin Township","drywall","0","0","","","","","","NO_MAPPED_VENDOR","Source candidates and check existing vendors for explicit coverage"
"warren","franklin-township","Franklin Township","tile","0","0","","","","","","NO_MAPPED_VENDOR","Source candidates and check existing vendors for explicit coverage"
"warren","franklin-township","Franklin Township","plumbing","0","0","","","","","","NO_MAPPED_VENDOR","Source candidates and check existing vendors for explicit coverage"
"warren","franklin-township","Franklin Township","electrical","0","0","","","","","","NO_MAPPED_VENDOR","Source candidates and check existing vendors for explicit coverage"
"warren","frelinghuysen","Frelinghuysen","handyman","0","0","","","","","","NO_MAPPED_VENDOR","Source candidates and check existing vendors for explicit coverage"
"warren","frelinghuysen","Frelinghuysen","masonry","0","0","","","","","","NO_MAPPED_VENDOR","Source candidates and check existing vendors for explicit coverage"
"warren","frelinghuysen","Frelinghuysen","landscaping","0","0","","","","","","NO_MAPPED_VENDOR","Source candidates and check existing vendors for explicit coverage"
"warren","frelinghuysen","Frelinghuysen","painting","0","0","","","","","","NO_MAPPED_VENDOR","Source candidates and check existing vendors for explicit coverage"
"warren","frelinghuysen","Frelinghuysen","drywall","0","0","","","","","","NO_MAPPED_VENDOR","Source candidates and check existing vendors for explicit coverage"
"warren","frelinghuysen","Frelinghuysen","tile","0","0","","","","","","NO_MAPPED_VENDOR","Source candidates and check existing vendors for explicit coverage"
"warren","frelinghuysen","Frelinghuysen","plumbing","0","0","","","","","","NO_MAPPED_VENDOR","Source candidates and check existing vendors for explicit coverage"
"warren","frelinghuysen","Frelinghuysen","electrical","0","0","","","","","","NO_MAPPED_VENDOR","Source candidates and check existing vendors for explicit coverage"
"warren","greenwich-township","Greenwich Township","handyman","0","0","","","","","","NO_MAPPED_VENDOR","Source candidates and check existing vendors for explicit coverage"
"warren","greenwich-township","Greenwich Township","masonry","0","0","","","","","","NO_MAPPED_VENDOR","Source candidates and check existing vendors for explicit coverage"
"warren","greenwich-township","Greenwich Township","landscaping","0","0","","","","","","NO_MAPPED_VENDOR","Source candidates and check existing vendors for explicit coverage"
"warren","greenwich-township","Greenwich Township","painting","0","0","","","","","","NO_MAPPED_VENDOR","Source candidates and check existing vendors for explicit coverage"
"warren","greenwich-township","Greenwich Township","drywall","0","0","","","","","","NO_MAPPED_VENDOR","Source candidates and check existing vendors for explicit coverage"
"warren","greenwich-township","Greenwich Township","tile","0","0","","","","","","NO_MAPPED_VENDOR","Source candidates and check existing vendors for explicit coverage"
"warren","greenwich-township","Greenwich Township","plumbing","0","0","","","","","","NO_MAPPED_VENDOR","Source candidates and check existing vendors for explicit coverage"
"warren","greenwich-township","Greenwich Township","electrical","0","0","","","","","","NO_MAPPED_VENDOR","Source candidates and check existing vendors for explicit coverage"
"warren","hackettstown","Hackettstown","handyman","0","0","","","","","","NO_MAPPED_VENDOR","Source candidates and check existing vendors for explicit coverage"
"warren","hackettstown","Hackettstown","masonry","0","0","","","","","","NO_MAPPED_VENDOR","Source candidates and check existing vendors for explicit coverage"
"warren","hackettstown","Hackettstown","landscaping","0","0","","","","","","NO_MAPPED_VENDOR","Source candidates and check existing vendors for explicit coverage"
"warren","hackettstown","Hackettstown","painting","0","0","","","","","","NO_MAPPED_VENDOR","Source candidates and check existing vendors for explicit coverage"
"warren","hackettstown","Hackettstown","drywall","0","0","","","","","","NO_MAPPED_VENDOR","Source candidates and check existing vendors for explicit coverage"
"warren","hackettstown","Hackettstown","tile","0","0","","","","","","NO_MAPPED_VENDOR","Source candidates and check existing vendors for explicit coverage"
"warren","hackettstown","Hackettstown","plumbing","0","0","","","","","","NO_MAPPED_VENDOR","Source candidates and check existing vendors for explicit coverage"
"warren","hackettstown","Hackettstown","electrical","0","0","","","","","","NO_MAPPED_VENDOR","Source candidates and check existing vendors for explicit coverage"
"warren","hardwick","Hardwick","handyman","0","0","","","","","","NO_MAPPED_VENDOR","Source candidates and check existing vendors for explicit coverage"
"warren","hardwick","Hardwick","masonry","0","0","","","","","","NO_MAPPED_VENDOR","Source candidates and check existing vendors for explicit coverage"
"warren","hardwick","Hardwick","landscaping","0","0","","","","","","NO_MAPPED_VENDOR","Source candidates and check existing vendors for explicit coverage"
"warren","hardwick","Hardwick","painting","0","0","","","","","","NO_MAPPED_VENDOR","Source candidates and check existing vendors for explicit coverage"
"warren","hardwick","Hardwick","drywall","0","0","","","","","","NO_MAPPED_VENDOR","Source candidates and check existing vendors for explicit coverage"
"warren","hardwick","Hardwick","tile","0","0","","","","","","NO_MAPPED_VENDOR","Source candidates and check existing vendors for explicit coverage"
"warren","hardwick","Hardwick","plumbing","0","0","","","","","","NO_MAPPED_VENDOR","Source candidates and check existing vendors for explicit coverage"
"warren","hardwick","Hardwick","electrical","0","0","","","","","","NO_MAPPED_VENDOR","Source candidates and check existing vendors for explicit coverage"
"warren","harmony","Harmony","handyman","0","0","","","","","","NO_MAPPED_VENDOR","Source candidates and check existing vendors for explicit coverage"
"warren","harmony","Harmony","masonry","0","0","","","","","","NO_MAPPED_VENDOR","Source candidates and check existing vendors for explicit coverage"
"warren","harmony","Harmony","landscaping","0","0","","","","","","NO_MAPPED_VENDOR","Source candidates and check existing vendors for explicit coverage"
"warren","harmony","Harmony","painting","0","0","","","","","","NO_MAPPED_VENDOR","Source candidates and check existing vendors for explicit coverage"
"warren","harmony","Harmony","drywall","0","0","","","","","","NO_MAPPED_VENDOR","Source candidates and check existing vendors for explicit coverage"
"warren","harmony","Harmony","tile","0","0","","","","","","NO_MAPPED_VENDOR","Source candidates and check existing vendors for explicit coverage"
"warren","harmony","Harmony","plumbing","0","0","","","","","","NO_MAPPED_VENDOR","Source candidates and check existing vendors for explicit coverage"
"warren","harmony","Harmony","electrical","0","0","","","","","","NO_MAPPED_VENDOR","Source candidates and check existing vendors for explicit coverage"
"warren","hope","Hope","handyman","0","0","","","","","","NO_MAPPED_VENDOR","Source candidates and check existing vendors for explicit coverage"
"warren","hope","Hope","masonry","0","0","","","","","","NO_MAPPED_VENDOR","Source candidates and check existing vendors for explicit coverage"
"warren","hope","Hope","landscaping","0","0","","","","","","NO_MAPPED_VENDOR","Source candidates and check existing vendors for explicit coverage"
"warren","hope","Hope","painting","0","0","","","","","","NO_MAPPED_VENDOR","Source candidates and check existing vendors for explicit coverage"
"warren","hope","Hope","drywall","0","0","","","","","","NO_MAPPED_VENDOR","Source candidates and check existing vendors for explicit coverage"
"warren","hope","Hope","tile","0","0","","","","","","NO_MAPPED_VENDOR","Source candidates and check existing vendors for explicit coverage"
"warren","hope","Hope","plumbing","0","0","","","","","","NO_MAPPED_VENDOR","Source candidates and check existing vendors for explicit coverage"
"warren","hope","Hope","electrical","0","0","","","","","","NO_MAPPED_VENDOR","Source candidates and check existing vendors for explicit coverage"
"warren","independence","Independence","handyman","0","0","","","","","","NO_MAPPED_VENDOR","Source candidates and check existing vendors for explicit coverage"
"warren","independence","Independence","masonry","0","0","","","","","","NO_MAPPED_VENDOR","Source candidates and check existing vendors for explicit coverage"
"warren","independence","Independence","landscaping","0","0","","","","","","NO_MAPPED_VENDOR","Source candidates and check existing vendors for explicit coverage"
"warren","independence","Independence","painting","0","0","","","","","","NO_MAPPED_VENDOR","Source candidates and check existing vendors for explicit coverage"
"warren","independence","Independence","drywall","0","0","","","","","","NO_MAPPED_VENDOR","Source candidates and check existing vendors for explicit coverage"
"warren","independence","Independence","tile","0","0","","","","","","NO_MAPPED_VENDOR","Source candidates and check existing vendors for explicit coverage"
"warren","independence","Independence","plumbing","0","0","","","","","","NO_MAPPED_VENDOR","Source candidates and check existing vendors for explicit coverage"
"warren","independence","Independence","electrical","0","0","","","","","","NO_MAPPED_VENDOR","Source candidates and check existing vendors for explicit coverage"
"warren","knowlton","Knowlton","handyman","0","0","","","","","","NO_MAPPED_VENDOR","Source candidates and check existing vendors for explicit coverage"
"warren","knowlton","Knowlton","masonry","0","0","","","","","","NO_MAPPED_VENDOR","Source candidates and check existing vendors for explicit coverage"
"warren","knowlton","Knowlton","landscaping","0","0","","","","","","NO_MAPPED_VENDOR","Source candidates and check existing vendors for explicit coverage"
"warren","knowlton","Knowlton","painting","0","0","","","","","","NO_MAPPED_VENDOR","Source candidates and check existing vendors for explicit coverage"
"warren","knowlton","Knowlton","drywall","0","0","","","","","","NO_MAPPED_VENDOR","Source candidates and check existing vendors for explicit coverage"
"warren","knowlton","Knowlton","tile","0","0","","","","","","NO_MAPPED_VENDOR","Source candidates and check existing vendors for explicit coverage"
"warren","knowlton","Knowlton","plumbing","0","0","","","","","","NO_MAPPED_VENDOR","Source candidates and check existing vendors for explicit coverage"
"warren","knowlton","Knowlton","electrical","0","0","","","","","","NO_MAPPED_VENDOR","Source candidates and check existing vendors for explicit coverage"
"warren","liberty-township","Liberty Township","handyman","0","0","","","","","","NO_MAPPED_VENDOR","Source candidates and check existing vendors for explicit coverage"
"warren","liberty-township","Liberty Township","masonry","0","0","","","","","","NO_MAPPED_VENDOR","Source candidates and check existing vendors for explicit coverage"
"warren","liberty-township","Liberty Township","landscaping","0","0","","","","","","NO_MAPPED_VENDOR","Source candidates and check existing vendors for explicit coverage"
"warren","liberty-township","Liberty Township","painting","0","0","","","","","","NO_MAPPED_VENDOR","Source candidates and check existing vendors for explicit coverage"
"warren","liberty-township","Liberty Township","drywall","0","0","","","","","","NO_MAPPED_VENDOR","Source candidates and check existing vendors for explicit coverage"
"warren","liberty-township","Liberty Township","tile","0","0","","","","","","NO_MAPPED_VENDOR","Source candidates and check existing vendors for explicit coverage"
"warren","liberty-township","Liberty Township","plumbing","0","0","","","","","","NO_MAPPED_VENDOR","Source candidates and check existing vendors for explicit coverage"
"warren","liberty-township","Liberty Township","electrical","0","0","","","","","","NO_MAPPED_VENDOR","Source candidates and check existing vendors for explicit coverage"
"warren","lopatcong","Lopatcong","handyman","0","0","","","","","","NO_MAPPED_VENDOR","Source candidates and check existing vendors for explicit coverage"
"warren","lopatcong","Lopatcong","masonry","0","0","","","","","","NO_MAPPED_VENDOR","Source candidates and check existing vendors for explicit coverage"
"warren","lopatcong","Lopatcong","landscaping","0","0","","","","","","NO_MAPPED_VENDOR","Source candidates and check existing vendors for explicit coverage"
"warren","lopatcong","Lopatcong","painting","0","0","","","","","","NO_MAPPED_VENDOR","Source candidates and check existing vendors for explicit coverage"
"warren","lopatcong","Lopatcong","drywall","0","0","","","","","","NO_MAPPED_VENDOR","Source candidates and check existing vendors for explicit coverage"
"warren","lopatcong","Lopatcong","tile","0","0","","","","","","NO_MAPPED_VENDOR","Source candidates and check existing vendors for explicit coverage"
"warren","lopatcong","Lopatcong","plumbing","0","0","","","","","","NO_MAPPED_VENDOR","Source candidates and check existing vendors for explicit coverage"
"warren","lopatcong","Lopatcong","electrical","0","0","","","","","","NO_MAPPED_VENDOR","Source candidates and check existing vendors for explicit coverage"
"warren","mansfield-township","Mansfield Township","handyman","0","0","","","","","","NO_MAPPED_VENDOR","Source candidates and check existing vendors for explicit coverage"
"warren","mansfield-township","Mansfield Township","masonry","0","0","","","","","","NO_MAPPED_VENDOR","Source candidates and check existing vendors for explicit coverage"
"warren","mansfield-township","Mansfield Township","landscaping","0","0","","","","","","NO_MAPPED_VENDOR","Source candidates and check existing vendors for explicit coverage"
"warren","mansfield-township","Mansfield Township","painting","0","0","","","","","","NO_MAPPED_VENDOR","Source candidates and check existing vendors for explicit coverage"
"warren","mansfield-township","Mansfield Township","drywall","0","0","","","","","","NO_MAPPED_VENDOR","Source candidates and check existing vendors for explicit coverage"
"warren","mansfield-township","Mansfield Township","tile","0","0","","","","","","NO_MAPPED_VENDOR","Source candidates and check existing vendors for explicit coverage"
"warren","mansfield-township","Mansfield Township","plumbing","0","0","","","","","","NO_MAPPED_VENDOR","Source candidates and check existing vendors for explicit coverage"
"warren","mansfield-township","Mansfield Township","electrical","0","0","","","","","","NO_MAPPED_VENDOR","Source candidates and check existing vendors for explicit coverage"
"warren","oxford","Oxford","handyman","0","0","","","","","","NO_MAPPED_VENDOR","Source candidates and check existing vendors for explicit coverage"
"warren","oxford","Oxford","masonry","0","0","","","","","","NO_MAPPED_VENDOR","Source candidates and check existing vendors for explicit coverage"
"warren","oxford","Oxford","landscaping","0","0","","","","","","NO_MAPPED_VENDOR","Source candidates and check existing vendors for explicit coverage"
"warren","oxford","Oxford","painting","0","0","","","","","","NO_MAPPED_VENDOR","Source candidates and check existing vendors for explicit coverage"
"warren","oxford","Oxford","drywall","0","0","","","","","","NO_MAPPED_VENDOR","Source candidates and check existing vendors for explicit coverage"
"warren","oxford","Oxford","tile","0","0","","","","","","NO_MAPPED_VENDOR","Source candidates and check existing vendors for explicit coverage"
"warren","oxford","Oxford","plumbing","0","0","","","","","","NO_MAPPED_VENDOR","Source candidates and check existing vendors for explicit coverage"
"warren","oxford","Oxford","electrical","0","0","","","","","","NO_MAPPED_VENDOR","Source candidates and check existing vendors for explicit coverage"
"warren","phillipsburg","Phillipsburg","handyman","0","0","","","","","","NO_MAPPED_VENDOR","Source candidates and check existing vendors for explicit coverage"
"warren","phillipsburg","Phillipsburg","masonry","0","0","","","","","","NO_MAPPED_VENDOR","Source candidates and check existing vendors for explicit coverage"
"warren","phillipsburg","Phillipsburg","landscaping","0","0","","","","","","NO_MAPPED_VENDOR","Source candidates and check existing vendors for explicit coverage"
"warren","phillipsburg","Phillipsburg","painting","0","0","","","","","","NO_MAPPED_VENDOR","Source candidates and check existing vendors for explicit coverage"
"warren","phillipsburg","Phillipsburg","drywall","0","0","","","","","","NO_MAPPED_VENDOR","Source candidates and check existing vendors for explicit coverage"
"warren","phillipsburg","Phillipsburg","tile","0","0","","","","","","NO_MAPPED_VENDOR","Source candidates and check existing vendors for explicit coverage"
"warren","phillipsburg","Phillipsburg","plumbing","0","0","","","","","","NO_MAPPED_VENDOR","Source candidates and check existing vendors for explicit coverage"
"warren","phillipsburg","Phillipsburg","electrical","0","0","","","","","","NO_MAPPED_VENDOR","Source candidates and check existing vendors for explicit coverage"
"warren","pohatcong","Pohatcong","handyman","0","0","","","","","","NO_MAPPED_VENDOR","Source candidates and check existing vendors for explicit coverage"
"warren","pohatcong","Pohatcong","masonry","0","0","","","","","","NO_MAPPED_VENDOR","Source candidates and check existing vendors for explicit coverage"
"warren","pohatcong","Pohatcong","landscaping","0","0","","","","","","NO_MAPPED_VENDOR","Source candidates and check existing vendors for explicit coverage"
"warren","pohatcong","Pohatcong","painting","0","0","","","","","","NO_MAPPED_VENDOR","Source candidates and check existing vendors for explicit coverage"
"warren","pohatcong","Pohatcong","drywall","0","0","","","","","","NO_MAPPED_VENDOR","Source candidates and check existing vendors for explicit coverage"
"warren","pohatcong","Pohatcong","tile","0","0","","","","","","NO_MAPPED_VENDOR","Source candidates and check existing vendors for explicit coverage"
"warren","pohatcong","Pohatcong","plumbing","0","0","","","","","","NO_MAPPED_VENDOR","Source candidates and check existing vendors for explicit coverage"
"warren","pohatcong","Pohatcong","electrical","0","0","","","","","","NO_MAPPED_VENDOR","Source candidates and check existing vendors for explicit coverage"
"warren","washington-borough","Washington Borough","handyman","0","0","","","","","","NO_MAPPED_VENDOR","Source candidates and check existing vendors for explicit coverage"
"warren","washington-borough","Washington Borough","masonry","0","0","","","","","","NO_MAPPED_VENDOR","Source candidates and check existing vendors for explicit coverage"
"warren","washington-borough","Washington Borough","landscaping","0","0","","","","","","NO_MAPPED_VENDOR","Source candidates and check existing vendors for explicit coverage"
"warren","washington-borough","Washington Borough","painting","0","0","","","","","","NO_MAPPED_VENDOR","Source candidates and check existing vendors for explicit coverage"
"warren","washington-borough","Washington Borough","drywall","0","0","","","","","","NO_MAPPED_VENDOR","Source candidates and check existing vendors for explicit coverage"
"warren","washington-borough","Washington Borough","tile","0","0","","","","","","NO_MAPPED_VENDOR","Source candidates and check existing vendors for explicit coverage"
"warren","washington-borough","Washington Borough","plumbing","0","0","","","","","","NO_MAPPED_VENDOR","Source candidates and check existing vendors for explicit coverage"
"warren","washington-borough","Washington Borough","electrical","0","0","","","","","","NO_MAPPED_VENDOR","Source candidates and check existing vendors for explicit coverage"
"warren","washington-township-warren","Washington Township","handyman","0","0","","","","","","NO_MAPPED_VENDOR","Source candidates and check existing vendors for explicit coverage"
"warren","washington-township-warren","Washington Township","masonry","0","0","","","","","","NO_MAPPED_VENDOR","Source candidates and check existing vendors for explicit coverage"
"warren","washington-township-warren","Washington Township","landscaping","0","0","","","","","","NO_MAPPED_VENDOR","Source candidates and check existing vendors for explicit coverage"
"warren","washington-township-warren","Washington Township","painting","0","0","","","","","","NO_MAPPED_VENDOR","Source candidates and check existing vendors for explicit coverage"
"warren","washington-township-warren","Washington Township","drywall","0","0","","","","","","NO_MAPPED_VENDOR","Source candidates and check existing vendors for explicit coverage"
"warren","washington-township-warren","Washington Township","tile","0","0","","","","","","NO_MAPPED_VENDOR","Source candidates and check existing vendors for explicit coverage"
"warren","washington-township-warren","Washington Township","plumbing","0","0","","","","","","NO_MAPPED_VENDOR","Source candidates and check existing vendors for explicit coverage"
"warren","washington-township-warren","Washington Township","electrical","0","0","","","","","","NO_MAPPED_VENDOR","Source candidates and check existing vendors for explicit coverage"
"warren","white-township","White Township","handyman","0","0","","","","","","NO_MAPPED_VENDOR","Source candidates and check existing vendors for explicit coverage"
"warren","white-township","White Township","masonry","0","0","","","","","","NO_MAPPED_VENDOR","Source candidates and check existing vendors for explicit coverage"
"warren","white-township","White Township","landscaping","0","0","","","","","","NO_MAPPED_VENDOR","Source candidates and check existing vendors for explicit coverage"
"warren","white-township","White Township","painting","0","0","","","","","","NO_MAPPED_VENDOR","Source candidates and check existing vendors for explicit coverage"
"warren","white-township","White Township","drywall","0","0","","","","","","NO_MAPPED_VENDOR","Source candidates and check existing vendors for explicit coverage"
"warren","white-township","White Township","tile","0","0","","","","","","NO_MAPPED_VENDOR","Source candidates and check existing vendors for explicit coverage"
"warren","white-township","White Township","plumbing","0","0","","","","","","NO_MAPPED_VENDOR","Source candidates and check existing vendors for explicit coverage"
"warren","white-township","White Township","electrical","0","0","","","","","","NO_MAPPED_VENDOR","Source candidates and check existing vendors for explicit coverage"
