county,town,service,email_assignable,minimum_gap,target_gap
morris,florham-park,handyman,15,0,0
morris,florham-park,masonry,18,0,0
morris,florham-park,landscaping,16,0,0
morris,florham-park,painting,21,0,0
morris,florham-park,drywall,17,0,0
morris,florham-park,tile,16,0,0
morris,florham-park,plumbing,16,0,0
morris,florham-park,electrical,15,0,0
morris,florham-park,hvac,10,0,0
morris,florham-park,roofing,12,0,0
morris,florham-park,house-cleaning,9,0,1
morris,florham-park,gutters,9,0,1
morris,florham-park,pest-control,11,0,0
morris,florham-park,junk-removal,8,0,2
morris,florham-park,tree-services,8,0,2
morris,florham-park,appliance-repair,10,0,0
morris,madison,handyman,15,0,0
morris,madison,masonry,19,0,0
morris,madison,landscaping,17,0,0
morris,madison,painting,21,0,0
morris,madison,drywall,18,0,0
morris,madison,tile,16,0,0
morris,madison,plumbing,17,0,0
morris,madison,electrical,15,0,0
morris,madison,hvac,10,0,0
morris,madison,roofing,12,0,0
morris,madison,house-cleaning,9,0,1
morris,madison,gutters,9,0,1
morris,madison,pest-control,11,0,0
morris,madison,junk-removal,8,0,2
morris,madison,tree-services,8,0,2
morris,madison,appliance-repair,10,0,0
morris,morris-township,handyman,14,0,0
morris,morris-township,masonry,17,0,0
morris,morris-township,landscaping,14,0,0
morris,morris-township,painting,17,0,0
morris,morris-township,drywall,15,0,0
morris,morris-township,tile,15,0,0
morris,morris-township,plumbing,14,0,0
morris,morris-township,electrical,11,0,0
morris,morris-township,hvac,10,0,0
morris,morris-township,roofing,12,0,0
morris,morris-township,house-cleaning,9,0,1
morris,morris-township,gutters,9,0,1
morris,morris-township,pest-control,11,0,0
morris,morris-township,junk-removal,8,0,2
morris,morris-township,tree-services,8,0,2
morris,morris-township,appliance-repair,10,0,0
morris,morristown,handyman,15,0,0
morris,morristown,masonry,19,0,0
morris,morristown,landscaping,15,0,0
morris,morristown,painting,20,0,0
morris,morristown,drywall,16,0,0
morris,morristown,tile,16,0,0
morris,morristown,plumbing,15,0,0
morris,morristown,electrical,15,0,0
morris,morristown,hvac,10,0,0
morris,morristown,roofing,12,0,0
morris,morristown,house-cleaning,9,0,1
morris,morristown,gutters,9,0,1
morris,morristown,pest-control,11,0,0
morris,morristown,junk-removal,8,0,2
morris,morristown,tree-services,8,0,2
morris,morristown,appliance-repair,10,0,0
morris,east-hanover,handyman,14,0,0
morris,east-hanover,masonry,16,0,0
morris,east-hanover,landscaping,15,0,0
morris,east-hanover,painting,17,0,0
morris,east-hanover,drywall,14,0,0
morris,east-hanover,tile,15,0,0
morris,east-hanover,plumbing,14,0,0
morris,east-hanover,electrical,15,0,0
morris,east-hanover,hvac,10,0,0
morris,east-hanover,roofing,12,0,0
morris,east-hanover,house-cleaning,9,0,1
morris,east-hanover,gutters,9,0,1
morris,east-hanover,pest-control,11,0,0
morris,east-hanover,junk-removal,8,0,2
morris,east-hanover,tree-services,8,0,2
morris,east-hanover,appliance-repair,10,0,0
essex,livingston,handyman,9,0,1
essex,livingston,masonry,13,0,0
essex,livingston,landscaping,12,0,0
essex,livingston,painting,14,0,0
essex,livingston,drywall,10,0,0
essex,livingston,tile,11,0,0
essex,livingston,plumbing,11,0,0
essex,livingston,electrical,9,0,1
essex,livingston,hvac,10,0,0
essex,livingston,roofing,12,0,0
essex,livingston,house-cleaning,9,0,1
essex,livingston,gutters,9,0,1
essex,livingston,pest-control,8,0,2
essex,livingston,junk-removal,8,0,2
essex,livingston,tree-services,8,0,2
essex,livingston,appliance-repair,8,0,2
union,summit,handyman,8,0,2
union,summit,masonry,11,0,0
union,summit,landscaping,10,0,0
union,summit,painting,11,0,0
union,summit,drywall,10,0,0
union,summit,tile,10,0,0
union,summit,plumbing,9,0,1
union,summit,electrical,9,0,1
union,summit,hvac,10,0,0
union,summit,roofing,13,0,0
union,summit,house-cleaning,9,0,1
union,summit,gutters,10,0,0
union,summit,pest-control,8,0,2
union,summit,junk-removal,8,0,2
union,summit,tree-services,8,0,2
union,summit,appliance-repair,9,0,1
morris,hanover-township,handyman,12,0,0
morris,hanover-township,masonry,15,0,0
morris,hanover-township,landscaping,13,0,0
morris,hanover-township,painting,15,0,0
morris,hanover-township,drywall,12,0,0
morris,hanover-township,tile,14,0,0
morris,hanover-township,plumbing,12,0,0
morris,hanover-township,electrical,10,0,0
morris,hanover-township,hvac,10,0,0
morris,hanover-township,roofing,12,0,0
morris,hanover-township,house-cleaning,9,0,1
morris,hanover-township,gutters,9,0,1
morris,hanover-township,pest-control,11,0,0
morris,hanover-township,junk-removal,8,0,2
morris,hanover-township,tree-services,8,0,2
morris,hanover-township,appliance-repair,10,0,0
bergen,allendale,handyman,10,0,0
bergen,allendale,masonry,14,0,0
bergen,allendale,landscaping,11,0,0
bergen,allendale,painting,13,0,0
bergen,allendale,drywall,10,0,0
bergen,allendale,tile,11,0,0
bergen,allendale,plumbing,12,0,0
bergen,allendale,electrical,9,0,1
bergen,allendale,hvac,10,0,0
bergen,allendale,roofing,12,0,0
bergen,allendale,house-cleaning,9,0,1
bergen,allendale,gutters,9,0,1
bergen,allendale,pest-control,8,0,2
bergen,allendale,junk-removal,8,0,2
bergen,allendale,tree-services,8,0,2
bergen,allendale,appliance-repair,9,0,1
bergen,alpine,handyman,9,0,1
bergen,alpine,masonry,14,0,0
bergen,alpine,landscaping,11,0,0
bergen,alpine,painting,13,0,0
bergen,alpine,drywall,10,0,0
bergen,alpine,tile,11,0,0
bergen,alpine,plumbing,12,0,0
bergen,alpine,electrical,9,0,1
bergen,alpine,hvac,10,0,0
bergen,alpine,roofing,12,0,0
bergen,alpine,house-cleaning,9,0,1
bergen,alpine,gutters,9,0,1
bergen,alpine,pest-control,8,0,2
bergen,alpine,junk-removal,8,0,2
bergen,alpine,tree-services,8,0,2
bergen,alpine,appliance-repair,9,0,1
bergen,bergenfield,handyman,9,0,1
bergen,bergenfield,masonry,14,0,0
bergen,bergenfield,landscaping,11,0,0
bergen,bergenfield,painting,13,0,0
bergen,bergenfield,drywall,10,0,0
bergen,bergenfield,tile,11,0,0
bergen,bergenfield,plumbing,12,0,0
bergen,bergenfield,electrical,9,0,1
bergen,bergenfield,hvac,10,0,0
bergen,bergenfield,roofing,12,0,0
bergen,bergenfield,house-cleaning,9,0,1
bergen,bergenfield,gutters,9,0,1
bergen,bergenfield,pest-control,8,0,2
bergen,bergenfield,junk-removal,8,0,2
bergen,bergenfield,tree-services,8,0,2
bergen,bergenfield,appliance-repair,9,0,1
bergen,bogota,handyman,9,0,1
bergen,bogota,masonry,14,0,0
bergen,bogota,landscaping,11,0,0
bergen,bogota,painting,13,0,0
bergen,bogota,drywall,10,0,0
bergen,bogota,tile,11,0,0
bergen,bogota,plumbing,12,0,0
bergen,bogota,electrical,9,0,1
bergen,bogota,hvac,10,0,0
bergen,bogota,roofing,12,0,0
bergen,bogota,house-cleaning,9,0,1
bergen,bogota,gutters,9,0,1
bergen,bogota,pest-control,8,0,2
bergen,bogota,junk-removal,8,0,2
bergen,bogota,tree-services,8,0,2
bergen,bogota,appliance-repair,9,0,1
bergen,carlstadt,handyman,9,0,1
bergen,carlstadt,masonry,14,0,0
bergen,carlstadt,landscaping,11,0,0
bergen,carlstadt,painting,13,0,0
bergen,carlstadt,drywall,10,0,0
bergen,carlstadt,tile,11,0,0
bergen,carlstadt,plumbing,12,0,0
bergen,carlstadt,electrical,9,0,1
bergen,carlstadt,hvac,10,0,0
bergen,carlstadt,roofing,12,0,0
bergen,carlstadt,house-cleaning,9,0,1
bergen,carlstadt,gutters,9,0,1
bergen,carlstadt,pest-control,8,0,2
bergen,carlstadt,junk-removal,8,0,2
bergen,carlstadt,tree-services,8,0,2
bergen,carlstadt,appliance-repair,9,0,1
bergen,cliffside-park,handyman,9,0,1
bergen,cliffside-park,masonry,14,0,0
bergen,cliffside-park,landscaping,11,0,0
bergen,cliffside-park,painting,13,0,0
bergen,cliffside-park,drywall,10,0,0
bergen,cliffside-park,tile,11,0,0
bergen,cliffside-park,plumbing,12,0,0
bergen,cliffside-park,electrical,9,0,1
bergen,cliffside-park,hvac,10,0,0
bergen,cliffside-park,roofing,12,0,0
bergen,cliffside-park,house-cleaning,9,0,1
bergen,cliffside-park,gutters,9,0,1
bergen,cliffside-park,pest-control,8,0,2
bergen,cliffside-park,junk-removal,8,0,2
bergen,cliffside-park,tree-services,8,0,2
bergen,cliffside-park,appliance-repair,9,0,1
bergen,closter,handyman,9,0,1
bergen,closter,masonry,14,0,0
bergen,closter,landscaping,11,0,0
bergen,closter,painting,13,0,0
bergen,closter,drywall,10,0,0
bergen,closter,tile,11,0,0
bergen,closter,plumbing,12,0,0
bergen,closter,electrical,9,0,1
bergen,closter,hvac,10,0,0
bergen,closter,roofing,12,0,0
bergen,closter,house-cleaning,9,0,1
bergen,closter,gutters,9,0,1
bergen,closter,pest-control,8,0,2
bergen,closter,junk-removal,8,0,2
bergen,closter,tree-services,8,0,2
bergen,closter,appliance-repair,9,0,1
bergen,cresskill,handyman,9,0,1
bergen,cresskill,masonry,14,0,0
bergen,cresskill,landscaping,11,0,0
bergen,cresskill,painting,13,0,0
bergen,cresskill,drywall,10,0,0
bergen,cresskill,tile,11,0,0
bergen,cresskill,plumbing,12,0,0
bergen,cresskill,electrical,9,0,1
bergen,cresskill,hvac,10,0,0
bergen,cresskill,roofing,12,0,0
bergen,cresskill,house-cleaning,9,0,1
bergen,cresskill,gutters,9,0,1
bergen,cresskill,pest-control,8,0,2
bergen,cresskill,junk-removal,8,0,2
bergen,cresskill,tree-services,8,0,2
bergen,cresskill,appliance-repair,9,0,1
bergen,demarest,handyman,9,0,1
bergen,demarest,masonry,14,0,0
bergen,demarest,landscaping,11,0,0
bergen,demarest,painting,13,0,0
bergen,demarest,drywall,10,0,0
bergen,demarest,tile,11,0,0
bergen,demarest,plumbing,12,0,0
bergen,demarest,electrical,9,0,1
bergen,demarest,hvac,10,0,0
bergen,demarest,roofing,12,0,0
bergen,demarest,house-cleaning,9,0,1
bergen,demarest,gutters,9,0,1
bergen,demarest,pest-control,8,0,2
bergen,demarest,junk-removal,8,0,2
bergen,demarest,tree-services,8,0,2
bergen,demarest,appliance-repair,9,0,1
bergen,dumont,handyman,9,0,1
bergen,dumont,masonry,14,0,0
bergen,dumont,landscaping,11,0,0
bergen,dumont,painting,13,0,0
bergen,dumont,drywall,10,0,0
bergen,dumont,tile,11,0,0
bergen,dumont,plumbing,12,0,0
bergen,dumont,electrical,9,0,1
bergen,dumont,hvac,10,0,0
bergen,dumont,roofing,12,0,0
bergen,dumont,house-cleaning,9,0,1
bergen,dumont,gutters,9,0,1
bergen,dumont,pest-control,8,0,2
bergen,dumont,junk-removal,8,0,2
bergen,dumont,tree-services,8,0,2
bergen,dumont,appliance-repair,9,0,1
bergen,east-rutherford,handyman,9,0,1
bergen,east-rutherford,masonry,14,0,0
bergen,east-rutherford,landscaping,11,0,0
bergen,east-rutherford,painting,13,0,0
bergen,east-rutherford,drywall,10,0,0
bergen,east-rutherford,tile,11,0,0
bergen,east-rutherford,plumbing,12,0,0
bergen,east-rutherford,electrical,9,0,1
bergen,east-rutherford,hvac,10,0,0
bergen,east-rutherford,roofing,12,0,0
bergen,east-rutherford,house-cleaning,9,0,1
bergen,east-rutherford,gutters,9,0,1
bergen,east-rutherford,pest-control,8,0,2
bergen,east-rutherford,junk-removal,8,0,2
bergen,east-rutherford,tree-services,8,0,2
bergen,east-rutherford,appliance-repair,9,0,1
bergen,edgewater,handyman,9,0,1
bergen,edgewater,masonry,14,0,0
bergen,edgewater,landscaping,11,0,0
bergen,edgewater,painting,13,0,0
bergen,edgewater,drywall,10,0,0
bergen,edgewater,tile,11,0,0
bergen,edgewater,plumbing,12,0,0
bergen,edgewater,electrical,9,0,1
bergen,edgewater,hvac,10,0,0
bergen,edgewater,roofing,12,0,0
bergen,edgewater,house-cleaning,9,0,1
bergen,edgewater,gutters,9,0,1
bergen,edgewater,pest-control,8,0,2
bergen,edgewater,junk-removal,8,0,2
bergen,edgewater,tree-services,8,0,2
bergen,edgewater,appliance-repair,9,0,1
bergen,elmwood-park,handyman,9,0,1
bergen,elmwood-park,masonry,14,0,0
bergen,elmwood-park,landscaping,11,0,0
bergen,elmwood-park,painting,13,0,0
bergen,elmwood-park,drywall,10,0,0
bergen,elmwood-park,tile,11,0,0
bergen,elmwood-park,plumbing,12,0,0
bergen,elmwood-park,electrical,9,0,1
bergen,elmwood-park,hvac,10,0,0
bergen,elmwood-park,roofing,12,0,0
bergen,elmwood-park,house-cleaning,9,0,1
bergen,elmwood-park,gutters,9,0,1
bergen,elmwood-park,pest-control,8,0,2
bergen,elmwood-park,junk-removal,8,0,2
bergen,elmwood-park,tree-services,8,0,2
bergen,elmwood-park,appliance-repair,9,0,1
bergen,emerson,handyman,9,0,1
bergen,emerson,masonry,14,0,0
bergen,emerson,landscaping,11,0,0
bergen,emerson,painting,13,0,0
bergen,emerson,drywall,10,0,0
bergen,emerson,tile,11,0,0
bergen,emerson,plumbing,12,0,0
bergen,emerson,electrical,9,0,1
bergen,emerson,hvac,10,0,0
bergen,emerson,roofing,12,0,0
bergen,emerson,house-cleaning,9,0,1
bergen,emerson,gutters,9,0,1
bergen,emerson,pest-control,8,0,2
bergen,emerson,junk-removal,8,0,2
bergen,emerson,tree-services,8,0,2
bergen,emerson,appliance-repair,9,0,1
bergen,englewood,handyman,9,0,1
bergen,englewood,masonry,14,0,0
bergen,englewood,landscaping,11,0,0
bergen,englewood,painting,13,0,0
bergen,englewood,drywall,10,0,0
bergen,englewood,tile,11,0,0
bergen,englewood,plumbing,12,0,0
bergen,englewood,electrical,9,0,1
bergen,englewood,hvac,10,0,0
bergen,englewood,roofing,12,0,0
bergen,englewood,house-cleaning,9,0,1
bergen,englewood,gutters,9,0,1
bergen,englewood,pest-control,8,0,2
bergen,englewood,junk-removal,8,0,2
bergen,englewood,tree-services,8,0,2
bergen,englewood,appliance-repair,9,0,1
bergen,englewood-cliffs,handyman,9,0,1
bergen,englewood-cliffs,masonry,14,0,0
bergen,englewood-cliffs,landscaping,11,0,0
bergen,englewood-cliffs,painting,13,0,0
bergen,englewood-cliffs,drywall,10,0,0
bergen,englewood-cliffs,tile,11,0,0
bergen,englewood-cliffs,plumbing,12,0,0
bergen,englewood-cliffs,electrical,9,0,1
bergen,englewood-cliffs,hvac,10,0,0
bergen,englewood-cliffs,roofing,12,0,0
bergen,englewood-cliffs,house-cleaning,9,0,1
bergen,englewood-cliffs,gutters,9,0,1
bergen,englewood-cliffs,pest-control,8,0,2
bergen,englewood-cliffs,junk-removal,8,0,2
bergen,englewood-cliffs,tree-services,8,0,2
bergen,englewood-cliffs,appliance-repair,9,0,1
bergen,fair-lawn,handyman,10,0,0
bergen,fair-lawn,masonry,14,0,0
bergen,fair-lawn,landscaping,11,0,0
bergen,fair-lawn,painting,13,0,0
bergen,fair-lawn,drywall,10,0,0
bergen,fair-lawn,tile,11,0,0
bergen,fair-lawn,plumbing,12,0,0
bergen,fair-lawn,electrical,9,0,1
bergen,fair-lawn,hvac,10,0,0
bergen,fair-lawn,roofing,12,0,0
bergen,fair-lawn,house-cleaning,9,0,1
bergen,fair-lawn,gutters,9,0,1
bergen,fair-lawn,pest-control,8,0,2
bergen,fair-lawn,junk-removal,8,0,2
bergen,fair-lawn,tree-services,8,0,2
bergen,fair-lawn,appliance-repair,9,0,1
bergen,fairview,handyman,9,0,1
bergen,fairview,masonry,14,0,0
bergen,fairview,landscaping,11,0,0
bergen,fairview,painting,13,0,0
bergen,fairview,drywall,10,0,0
bergen,fairview,tile,11,0,0
bergen,fairview,plumbing,12,0,0
bergen,fairview,electrical,9,0,1
bergen,fairview,hvac,10,0,0
bergen,fairview,roofing,12,0,0
bergen,fairview,house-cleaning,9,0,1
bergen,fairview,gutters,9,0,1
bergen,fairview,pest-control,8,0,2
bergen,fairview,junk-removal,8,0,2
bergen,fairview,tree-services,8,0,2
bergen,fairview,appliance-repair,9,0,1
bergen,fort-lee,handyman,10,0,0
bergen,fort-lee,masonry,14,0,0
bergen,fort-lee,landscaping,11,0,0
bergen,fort-lee,painting,14,0,0
bergen,fort-lee,drywall,10,0,0
bergen,fort-lee,tile,11,0,0
bergen,fort-lee,plumbing,12,0,0
bergen,fort-lee,electrical,9,0,1
bergen,fort-lee,hvac,10,0,0
bergen,fort-lee,roofing,12,0,0
bergen,fort-lee,house-cleaning,9,0,1
bergen,fort-lee,gutters,9,0,1
bergen,fort-lee,pest-control,8,0,2
bergen,fort-lee,junk-removal,8,0,2
bergen,fort-lee,tree-services,8,0,2
bergen,fort-lee,appliance-repair,9,0,1
bergen,franklin-lakes,handyman,11,0,0
bergen,franklin-lakes,masonry,14,0,0
bergen,franklin-lakes,landscaping,11,0,0
bergen,franklin-lakes,painting,14,0,0
bergen,franklin-lakes,drywall,10,0,0
bergen,franklin-lakes,tile,11,0,0
bergen,franklin-lakes,plumbing,12,0,0
bergen,franklin-lakes,electrical,9,0,1
bergen,franklin-lakes,hvac,10,0,0
bergen,franklin-lakes,roofing,12,0,0
bergen,franklin-lakes,house-cleaning,9,0,1
bergen,franklin-lakes,gutters,9,0,1
bergen,franklin-lakes,pest-control,8,0,2
bergen,franklin-lakes,junk-removal,8,0,2
bergen,franklin-lakes,tree-services,8,0,2
bergen,franklin-lakes,appliance-repair,9,0,1
bergen,garfield,handyman,9,0,1
bergen,garfield,masonry,14,0,0
bergen,garfield,landscaping,11,0,0
bergen,garfield,painting,13,0,0
bergen,garfield,drywall,10,0,0
bergen,garfield,tile,11,0,0
bergen,garfield,plumbing,12,0,0
bergen,garfield,electrical,9,0,1
bergen,garfield,hvac,10,0,0
bergen,garfield,roofing,12,0,0
bergen,garfield,house-cleaning,9,0,1
bergen,garfield,gutters,9,0,1
bergen,garfield,pest-control,8,0,2
bergen,garfield,junk-removal,8,0,2
bergen,garfield,tree-services,8,0,2
bergen,garfield,appliance-repair,9,0,1
bergen,glen-rock,handyman,10,0,0
bergen,glen-rock,masonry,14,0,0
bergen,glen-rock,landscaping,11,0,0
bergen,glen-rock,painting,13,0,0
bergen,glen-rock,drywall,10,0,0
bergen,glen-rock,tile,11,0,0
bergen,glen-rock,plumbing,12,0,0
bergen,glen-rock,electrical,9,0,1
bergen,glen-rock,hvac,10,0,0
bergen,glen-rock,roofing,12,0,0
bergen,glen-rock,house-cleaning,9,0,1
bergen,glen-rock,gutters,9,0,1
bergen,glen-rock,pest-control,8,0,2
bergen,glen-rock,junk-removal,8,0,2
bergen,glen-rock,tree-services,8,0,2
bergen,glen-rock,appliance-repair,9,0,1
bergen,hackensack,handyman,9,0,1
bergen,hackensack,masonry,14,0,0
bergen,hackensack,landscaping,11,0,0
bergen,hackensack,painting,13,0,0
bergen,hackensack,drywall,10,0,0
bergen,hackensack,tile,11,0,0
bergen,hackensack,plumbing,12,0,0
bergen,hackensack,electrical,9,0,1
bergen,hackensack,hvac,10,0,0
bergen,hackensack,roofing,12,0,0
bergen,hackensack,house-cleaning,9,0,1
bergen,hackensack,gutters,9,0,1
bergen,hackensack,pest-control,8,0,2
bergen,hackensack,junk-removal,8,0,2
bergen,hackensack,tree-services,8,0,2
bergen,hackensack,appliance-repair,9,0,1
bergen,harrington-park,handyman,9,0,1
bergen,harrington-park,masonry,14,0,0
bergen,harrington-park,landscaping,11,0,0
bergen,harrington-park,painting,13,0,0
bergen,harrington-park,drywall,10,0,0
bergen,harrington-park,tile,11,0,0
bergen,harrington-park,plumbing,12,0,0
bergen,harrington-park,electrical,9,0,1
bergen,harrington-park,hvac,10,0,0
bergen,harrington-park,roofing,12,0,0
bergen,harrington-park,house-cleaning,9,0,1
bergen,harrington-park,gutters,9,0,1
bergen,harrington-park,pest-control,8,0,2
bergen,harrington-park,junk-removal,8,0,2
bergen,harrington-park,tree-services,8,0,2
bergen,harrington-park,appliance-repair,9,0,1
bergen,hasbrouck-heights,handyman,9,0,1
bergen,hasbrouck-heights,masonry,14,0,0
bergen,hasbrouck-heights,landscaping,11,0,0
bergen,hasbrouck-heights,painting,13,0,0
bergen,hasbrouck-heights,drywall,10,0,0
bergen,hasbrouck-heights,tile,11,0,0
bergen,hasbrouck-heights,plumbing,12,0,0
bergen,hasbrouck-heights,electrical,9,0,1
bergen,hasbrouck-heights,hvac,10,0,0
bergen,hasbrouck-heights,roofing,12,0,0
bergen,hasbrouck-heights,house-cleaning,9,0,1
bergen,hasbrouck-heights,gutters,9,0,1
bergen,hasbrouck-heights,pest-control,8,0,2
bergen,hasbrouck-heights,junk-removal,8,0,2
bergen,hasbrouck-heights,tree-services,8,0,2
bergen,hasbrouck-heights,appliance-repair,9,0,1
bergen,haworth,handyman,9,0,1
bergen,haworth,masonry,14,0,0
bergen,haworth,landscaping,11,0,0
bergen,haworth,painting,13,0,0
bergen,haworth,drywall,10,0,0
bergen,haworth,tile,11,0,0
bergen,haworth,plumbing,12,0,0
bergen,haworth,electrical,9,0,1
bergen,haworth,hvac,10,0,0
bergen,haworth,roofing,12,0,0
bergen,haworth,house-cleaning,9,0,1
bergen,haworth,gutters,9,0,1
bergen,haworth,pest-control,8,0,2
bergen,haworth,junk-removal,8,0,2
bergen,haworth,tree-services,8,0,2
bergen,haworth,appliance-repair,9,0,1
bergen,hillsdale,handyman,9,0,1
bergen,hillsdale,masonry,14,0,0
bergen,hillsdale,landscaping,11,0,0
bergen,hillsdale,painting,13,0,0
bergen,hillsdale,drywall,10,0,0
bergen,hillsdale,tile,11,0,0
bergen,hillsdale,plumbing,12,0,0
bergen,hillsdale,electrical,9,0,1
bergen,hillsdale,hvac,10,0,0
bergen,hillsdale,roofing,12,0,0
bergen,hillsdale,house-cleaning,9,0,1
bergen,hillsdale,gutters,9,0,1
bergen,hillsdale,pest-control,8,0,2
bergen,hillsdale,junk-removal,8,0,2
bergen,hillsdale,tree-services,8,0,2
bergen,hillsdale,appliance-repair,9,0,1
bergen,ho-ho-kus,handyman,10,0,0
bergen,ho-ho-kus,masonry,14,0,0
bergen,ho-ho-kus,landscaping,11,0,0
bergen,ho-ho-kus,painting,13,0,0
bergen,ho-ho-kus,drywall,10,0,0
bergen,ho-ho-kus,tile,11,0,0
bergen,ho-ho-kus,plumbing,12,0,0
bergen,ho-ho-kus,electrical,9,0,1
bergen,ho-ho-kus,hvac,10,0,0
bergen,ho-ho-kus,roofing,12,0,0
bergen,ho-ho-kus,house-cleaning,9,0,1
bergen,ho-ho-kus,gutters,9,0,1
bergen,ho-ho-kus,pest-control,8,0,2
bergen,ho-ho-kus,junk-removal,8,0,2
bergen,ho-ho-kus,tree-services,8,0,2
bergen,ho-ho-kus,appliance-repair,9,0,1
bergen,leonia,handyman,9,0,1
bergen,leonia,masonry,14,0,0
bergen,leonia,landscaping,11,0,0
bergen,leonia,painting,13,0,0
bergen,leonia,drywall,10,0,0
bergen,leonia,tile,11,0,0
bergen,leonia,plumbing,12,0,0
bergen,leonia,electrical,9,0,1
bergen,leonia,hvac,10,0,0
bergen,leonia,roofing,12,0,0
bergen,leonia,house-cleaning,9,0,1
bergen,leonia,gutters,9,0,1
bergen,leonia,pest-control,8,0,2
bergen,leonia,junk-removal,8,0,2
bergen,leonia,tree-services,8,0,2
bergen,leonia,appliance-repair,9,0,1
bergen,little-ferry,handyman,9,0,1
bergen,little-ferry,masonry,14,0,0
bergen,little-ferry,landscaping,11,0,0
bergen,little-ferry,painting,13,0,0
bergen,little-ferry,drywall,10,0,0
bergen,little-ferry,tile,11,0,0
bergen,little-ferry,plumbing,12,0,0
bergen,little-ferry,electrical,9,0,1
bergen,little-ferry,hvac,10,0,0
bergen,little-ferry,roofing,12,0,0
bergen,little-ferry,house-cleaning,9,0,1
bergen,little-ferry,gutters,9,0,1
bergen,little-ferry,pest-control,8,0,2
bergen,little-ferry,junk-removal,8,0,2
bergen,little-ferry,tree-services,8,0,2
bergen,little-ferry,appliance-repair,9,0,1
bergen,lodi,handyman,9,0,1
bergen,lodi,masonry,14,0,0
bergen,lodi,landscaping,11,0,0
bergen,lodi,painting,13,0,0
bergen,lodi,drywall,10,0,0
bergen,lodi,tile,11,0,0
bergen,lodi,plumbing,12,0,0
bergen,lodi,electrical,9,0,1
bergen,lodi,hvac,10,0,0
bergen,lodi,roofing,12,0,0
bergen,lodi,house-cleaning,9,0,1
bergen,lodi,gutters,9,0,1
bergen,lodi,pest-control,8,0,2
bergen,lodi,junk-removal,8,0,2
bergen,lodi,tree-services,8,0,2
bergen,lodi,appliance-repair,9,0,1
bergen,lyndhurst,handyman,9,0,1
bergen,lyndhurst,masonry,14,0,0
bergen,lyndhurst,landscaping,11,0,0
bergen,lyndhurst,painting,13,0,0
bergen,lyndhurst,drywall,10,0,0
bergen,lyndhurst,tile,11,0,0
bergen,lyndhurst,plumbing,12,0,0
bergen,lyndhurst,electrical,9,0,1
bergen,lyndhurst,hvac,10,0,0
bergen,lyndhurst,roofing,12,0,0
bergen,lyndhurst,house-cleaning,9,0,1
bergen,lyndhurst,gutters,9,0,1
bergen,lyndhurst,pest-control,8,0,2
bergen,lyndhurst,junk-removal,8,0,2
bergen,lyndhurst,tree-services,8,0,2
bergen,lyndhurst,appliance-repair,9,0,1
bergen,mahwah,handyman,10,0,0
bergen,mahwah,masonry,14,0,0
bergen,mahwah,landscaping,11,0,0
bergen,mahwah,painting,13,0,0
bergen,mahwah,drywall,10,0,0
bergen,mahwah,tile,11,0,0
bergen,mahwah,plumbing,12,0,0
bergen,mahwah,electrical,9,0,1
bergen,mahwah,hvac,10,0,0
bergen,mahwah,roofing,12,0,0
bergen,mahwah,house-cleaning,9,0,1
bergen,mahwah,gutters,9,0,1
bergen,mahwah,pest-control,8,0,2
bergen,mahwah,junk-removal,8,0,2
bergen,mahwah,tree-services,8,0,2
bergen,mahwah,appliance-repair,9,0,1
bergen,maywood,handyman,9,0,1
bergen,maywood,masonry,14,0,0
bergen,maywood,landscaping,11,0,0
bergen,maywood,painting,13,0,0
bergen,maywood,drywall,10,0,0
bergen,maywood,tile,11,0,0
bergen,maywood,plumbing,12,0,0
bergen,maywood,electrical,9,0,1
bergen,maywood,hvac,10,0,0
bergen,maywood,roofing,12,0,0
bergen,maywood,house-cleaning,9,0,1
bergen,maywood,gutters,9,0,1
bergen,maywood,pest-control,8,0,2
bergen,maywood,junk-removal,8,0,2
bergen,maywood,tree-services,8,0,2
bergen,maywood,appliance-repair,9,0,1
bergen,midland-park,handyman,10,0,0
bergen,midland-park,masonry,14,0,0
bergen,midland-park,landscaping,11,0,0
bergen,midland-park,painting,13,0,0
bergen,midland-park,drywall,10,0,0
bergen,midland-park,tile,11,0,0
bergen,midland-park,plumbing,12,0,0
bergen,midland-park,electrical,9,0,1
bergen,midland-park,hvac,10,0,0
bergen,midland-park,roofing,12,0,0
bergen,midland-park,house-cleaning,9,0,1
bergen,midland-park,gutters,9,0,1
bergen,midland-park,pest-control,8,0,2
bergen,midland-park,junk-removal,8,0,2
bergen,midland-park,tree-services,8,0,2
bergen,midland-park,appliance-repair,9,0,1
bergen,montvale,handyman,9,0,1
bergen,montvale,masonry,14,0,0
bergen,montvale,landscaping,11,0,0
bergen,montvale,painting,13,0,0
bergen,montvale,drywall,10,0,0
bergen,montvale,tile,11,0,0
bergen,montvale,plumbing,12,0,0
bergen,montvale,electrical,9,0,1
bergen,montvale,hvac,10,0,0
bergen,montvale,roofing,12,0,0
bergen,montvale,house-cleaning,9,0,1
bergen,montvale,gutters,9,0,1
bergen,montvale,pest-control,8,0,2
bergen,montvale,junk-removal,8,0,2
bergen,montvale,tree-services,8,0,2
bergen,montvale,appliance-repair,9,0,1
bergen,moonachie,handyman,9,0,1
bergen,moonachie,masonry,14,0,0
bergen,moonachie,landscaping,11,0,0
bergen,moonachie,painting,13,0,0
bergen,moonachie,drywall,10,0,0
bergen,moonachie,tile,11,0,0
bergen,moonachie,plumbing,12,0,0
bergen,moonachie,electrical,9,0,1
bergen,moonachie,hvac,10,0,0
bergen,moonachie,roofing,12,0,0
bergen,moonachie,house-cleaning,9,0,1
bergen,moonachie,gutters,9,0,1
bergen,moonachie,pest-control,8,0,2
bergen,moonachie,junk-removal,8,0,2
bergen,moonachie,tree-services,8,0,2
bergen,moonachie,appliance-repair,9,0,1
bergen,new-milford,handyman,9,0,1
bergen,new-milford,masonry,14,0,0
bergen,new-milford,landscaping,11,0,0
bergen,new-milford,painting,13,0,0
bergen,new-milford,drywall,10,0,0
bergen,new-milford,tile,11,0,0
bergen,new-milford,plumbing,12,0,0
bergen,new-milford,electrical,9,0,1
bergen,new-milford,hvac,10,0,0
bergen,new-milford,roofing,12,0,0
bergen,new-milford,house-cleaning,9,0,1
bergen,new-milford,gutters,9,0,1
bergen,new-milford,pest-control,8,0,2
bergen,new-milford,junk-removal,8,0,2
bergen,new-milford,tree-services,8,0,2
bergen,new-milford,appliance-repair,9,0,1
bergen,north-arlington,handyman,9,0,1
bergen,north-arlington,masonry,14,0,0
bergen,north-arlington,landscaping,11,0,0
bergen,north-arlington,painting,13,0,0
bergen,north-arlington,drywall,10,0,0
bergen,north-arlington,tile,11,0,0
bergen,north-arlington,plumbing,12,0,0
bergen,north-arlington,electrical,9,0,1
bergen,north-arlington,hvac,10,0,0
bergen,north-arlington,roofing,12,0,0
bergen,north-arlington,house-cleaning,9,0,1
bergen,north-arlington,gutters,9,0,1
bergen,north-arlington,pest-control,8,0,2
bergen,north-arlington,junk-removal,8,0,2
bergen,north-arlington,tree-services,8,0,2
bergen,north-arlington,appliance-repair,9,0,1
bergen,northvale,handyman,9,0,1
bergen,northvale,masonry,14,0,0
bergen,northvale,landscaping,11,0,0
bergen,northvale,painting,13,0,0
bergen,northvale,drywall,10,0,0
bergen,northvale,tile,11,0,0
bergen,northvale,plumbing,12,0,0
bergen,northvale,electrical,9,0,1
bergen,northvale,hvac,10,0,0
bergen,northvale,roofing,12,0,0
bergen,northvale,house-cleaning,9,0,1
bergen,northvale,gutters,9,0,1
bergen,northvale,pest-control,8,0,2
bergen,northvale,junk-removal,8,0,2
bergen,northvale,tree-services,8,0,2
bergen,northvale,appliance-repair,9,0,1
bergen,norwood,handyman,9,0,1
bergen,norwood,masonry,14,0,0
bergen,norwood,landscaping,11,0,0
bergen,norwood,painting,13,0,0
bergen,norwood,drywall,10,0,0
bergen,norwood,tile,11,0,0
bergen,norwood,plumbing,12,0,0
bergen,norwood,electrical,9,0,1
bergen,norwood,hvac,10,0,0
bergen,norwood,roofing,12,0,0
bergen,norwood,house-cleaning,9,0,1
bergen,norwood,gutters,9,0,1
bergen,norwood,pest-control,8,0,2
bergen,norwood,junk-removal,8,0,2
bergen,norwood,tree-services,8,0,2
bergen,norwood,appliance-repair,9,0,1
bergen,oakland,handyman,9,0,1
bergen,oakland,masonry,14,0,0
bergen,oakland,landscaping,11,0,0
bergen,oakland,painting,13,0,0
bergen,oakland,drywall,10,0,0
bergen,oakland,tile,11,0,0
bergen,oakland,plumbing,12,0,0
bergen,oakland,electrical,9,0,1
bergen,oakland,hvac,10,0,0
bergen,oakland,roofing,12,0,0
bergen,oakland,house-cleaning,9,0,1
bergen,oakland,gutters,9,0,1
bergen,oakland,pest-control,8,0,2
bergen,oakland,junk-removal,8,0,2
bergen,oakland,tree-services,8,0,2
bergen,oakland,appliance-repair,9,0,1
bergen,old-tappan,handyman,9,0,1
bergen,old-tappan,masonry,14,0,0
bergen,old-tappan,landscaping,11,0,0
bergen,old-tappan,painting,13,0,0
bergen,old-tappan,drywall,10,0,0
bergen,old-tappan,tile,11,0,0
bergen,old-tappan,plumbing,12,0,0
bergen,old-tappan,electrical,9,0,1
bergen,old-tappan,hvac,10,0,0
bergen,old-tappan,roofing,12,0,0
bergen,old-tappan,house-cleaning,9,0,1
bergen,old-tappan,gutters,9,0,1
bergen,old-tappan,pest-control,8,0,2
bergen,old-tappan,junk-removal,8,0,2
bergen,old-tappan,tree-services,8,0,2
bergen,old-tappan,appliance-repair,9,0,1
bergen,oradell,handyman,9,0,1
bergen,oradell,masonry,14,0,0
bergen,oradell,landscaping,11,0,0
bergen,oradell,painting,13,0,0
bergen,oradell,drywall,10,0,0
bergen,oradell,tile,11,0,0
bergen,oradell,plumbing,12,0,0
bergen,oradell,electrical,9,0,1
bergen,oradell,hvac,10,0,0
bergen,oradell,roofing,12,0,0
bergen,oradell,house-cleaning,9,0,1
bergen,oradell,gutters,9,0,1
bergen,oradell,pest-control,8,0,2
bergen,oradell,junk-removal,8,0,2
bergen,oradell,tree-services,8,0,2
bergen,oradell,appliance-repair,9,0,1
bergen,palisades-park,handyman,9,0,1
bergen,palisades-park,masonry,14,0,0
bergen,palisades-park,landscaping,11,0,0
bergen,palisades-park,painting,13,0,0
bergen,palisades-park,drywall,10,0,0
bergen,palisades-park,tile,11,0,0
bergen,palisades-park,plumbing,12,0,0
bergen,palisades-park,electrical,9,0,1
bergen,palisades-park,hvac,10,0,0
bergen,palisades-park,roofing,12,0,0
bergen,palisades-park,house-cleaning,9,0,1
bergen,palisades-park,gutters,9,0,1
bergen,palisades-park,pest-control,8,0,2
bergen,palisades-park,junk-removal,8,0,2
bergen,palisades-park,tree-services,8,0,2
bergen,palisades-park,appliance-repair,9,0,1
bergen,paramus,handyman,11,0,0
bergen,paramus,masonry,14,0,0
bergen,paramus,landscaping,11,0,0
bergen,paramus,painting,14,0,0
bergen,paramus,drywall,10,0,0
bergen,paramus,tile,11,0,0
bergen,paramus,plumbing,12,0,0
bergen,paramus,electrical,9,0,1
bergen,paramus,hvac,10,0,0
bergen,paramus,roofing,12,0,0
bergen,paramus,house-cleaning,9,0,1
bergen,paramus,gutters,9,0,1
bergen,paramus,pest-control,8,0,2
bergen,paramus,junk-removal,8,0,2
bergen,paramus,tree-services,8,0,2
bergen,paramus,appliance-repair,9,0,1
bergen,park-ridge,handyman,10,0,0
bergen,park-ridge,masonry,14,0,0
bergen,park-ridge,landscaping,11,0,0
bergen,park-ridge,painting,13,0,0
bergen,park-ridge,drywall,10,0,0
bergen,park-ridge,tile,11,0,0
bergen,park-ridge,plumbing,12,0,0
bergen,park-ridge,electrical,9,0,1
bergen,park-ridge,hvac,10,0,0
bergen,park-ridge,roofing,12,0,0
bergen,park-ridge,house-cleaning,9,0,1
bergen,park-ridge,gutters,9,0,1
bergen,park-ridge,pest-control,8,0,2
bergen,park-ridge,junk-removal,8,0,2
bergen,park-ridge,tree-services,8,0,2
bergen,park-ridge,appliance-repair,9,0,1
bergen,ramsey,handyman,11,0,0
bergen,ramsey,masonry,14,0,0
bergen,ramsey,landscaping,11,0,0
bergen,ramsey,painting,14,0,0
bergen,ramsey,drywall,10,0,0
bergen,ramsey,tile,11,0,0
bergen,ramsey,plumbing,12,0,0
bergen,ramsey,electrical,9,0,1
bergen,ramsey,hvac,10,0,0
bergen,ramsey,roofing,12,0,0
bergen,ramsey,house-cleaning,9,0,1
bergen,ramsey,gutters,9,0,1
bergen,ramsey,pest-control,8,0,2
bergen,ramsey,junk-removal,8,0,2
bergen,ramsey,tree-services,8,0,2
bergen,ramsey,appliance-repair,9,0,1
bergen,ridgefield,handyman,9,0,1
bergen,ridgefield,masonry,14,0,0
bergen,ridgefield,landscaping,11,0,0
bergen,ridgefield,painting,13,0,0
bergen,ridgefield,drywall,10,0,0
bergen,ridgefield,tile,11,0,0
bergen,ridgefield,plumbing,12,0,0
bergen,ridgefield,electrical,9,0,1
bergen,ridgefield,hvac,10,0,0
bergen,ridgefield,roofing,12,0,0
bergen,ridgefield,house-cleaning,9,0,1
bergen,ridgefield,gutters,9,0,1
bergen,ridgefield,pest-control,8,0,2
bergen,ridgefield,junk-removal,8,0,2
bergen,ridgefield,tree-services,8,0,2
bergen,ridgefield,appliance-repair,9,0,1
bergen,ridgefield-park,handyman,9,0,1
bergen,ridgefield-park,masonry,14,0,0
bergen,ridgefield-park,landscaping,11,0,0
bergen,ridgefield-park,painting,13,0,0
bergen,ridgefield-park,drywall,10,0,0
bergen,ridgefield-park,tile,11,0,0
bergen,ridgefield-park,plumbing,12,0,0
bergen,ridgefield-park,electrical,9,0,1
bergen,ridgefield-park,hvac,10,0,0
bergen,ridgefield-park,roofing,12,0,0
bergen,ridgefield-park,house-cleaning,9,0,1
bergen,ridgefield-park,gutters,9,0,1
bergen,ridgefield-park,pest-control,8,0,2
bergen,ridgefield-park,junk-removal,8,0,2
bergen,ridgefield-park,tree-services,8,0,2
bergen,ridgefield-park,appliance-repair,9,0,1
bergen,ridgewood,handyman,10,0,0
bergen,ridgewood,masonry,14,0,0
bergen,ridgewood,landscaping,11,0,0
bergen,ridgewood,painting,13,0,0
bergen,ridgewood,drywall,10,0,0
bergen,ridgewood,tile,11,0,0
bergen,ridgewood,plumbing,12,0,0
bergen,ridgewood,electrical,9,0,1
bergen,ridgewood,hvac,10,0,0
bergen,ridgewood,roofing,12,0,0
bergen,ridgewood,house-cleaning,9,0,1
bergen,ridgewood,gutters,9,0,1
bergen,ridgewood,pest-control,8,0,2
bergen,ridgewood,junk-removal,8,0,2
bergen,ridgewood,tree-services,8,0,2
bergen,ridgewood,appliance-repair,9,0,1
bergen,river-edge,handyman,9,0,1
bergen,river-edge,masonry,14,0,0
bergen,river-edge,landscaping,11,0,0
bergen,river-edge,painting,13,0,0
bergen,river-edge,drywall,10,0,0
bergen,river-edge,tile,11,0,0
bergen,river-edge,plumbing,12,0,0
bergen,river-edge,electrical,9,0,1
bergen,river-edge,hvac,10,0,0
bergen,river-edge,roofing,12,0,0
bergen,river-edge,house-cleaning,9,0,1
bergen,river-edge,gutters,9,0,1
bergen,river-edge,pest-control,8,0,2
bergen,river-edge,junk-removal,8,0,2
bergen,river-edge,tree-services,8,0,2
bergen,river-edge,appliance-repair,9,0,1
bergen,river-vale,handyman,9,0,1
bergen,river-vale,masonry,14,0,0
bergen,river-vale,landscaping,11,0,0
bergen,river-vale,painting,13,0,0
bergen,river-vale,drywall,10,0,0
bergen,river-vale,tile,11,0,0
bergen,river-vale,plumbing,12,0,0
bergen,river-vale,electrical,9,0,1
bergen,river-vale,hvac,10,0,0
bergen,river-vale,roofing,12,0,0
bergen,river-vale,house-cleaning,9,0,1
bergen,river-vale,gutters,9,0,1
bergen,river-vale,pest-control,8,0,2
bergen,river-vale,junk-removal,8,0,2
bergen,river-vale,tree-services,8,0,2
bergen,river-vale,appliance-repair,9,0,1
bergen,rochelle-park,handyman,9,0,1
bergen,rochelle-park,masonry,14,0,0
bergen,rochelle-park,landscaping,11,0,0
bergen,rochelle-park,painting,13,0,0
bergen,rochelle-park,drywall,10,0,0
bergen,rochelle-park,tile,11,0,0
bergen,rochelle-park,plumbing,12,0,0
bergen,rochelle-park,electrical,9,0,1
bergen,rochelle-park,hvac,10,0,0
bergen,rochelle-park,roofing,12,0,0
bergen,rochelle-park,house-cleaning,9,0,1
bergen,rochelle-park,gutters,9,0,1
bergen,rochelle-park,pest-control,8,0,2
bergen,rochelle-park,junk-removal,8,0,2
bergen,rochelle-park,tree-services,8,0,2
bergen,rochelle-park,appliance-repair,9,0,1
bergen,rockleigh,handyman,9,0,1
bergen,rockleigh,masonry,14,0,0
bergen,rockleigh,landscaping,11,0,0
bergen,rockleigh,painting,13,0,0
bergen,rockleigh,drywall,10,0,0
bergen,rockleigh,tile,11,0,0
bergen,rockleigh,plumbing,12,0,0
bergen,rockleigh,electrical,9,0,1
bergen,rockleigh,hvac,10,0,0
bergen,rockleigh,roofing,12,0,0
bergen,rockleigh,house-cleaning,9,0,1
bergen,rockleigh,gutters,9,0,1
bergen,rockleigh,pest-control,8,0,2
bergen,rockleigh,junk-removal,8,0,2
bergen,rockleigh,tree-services,8,0,2
bergen,rockleigh,appliance-repair,9,0,1
bergen,rutherford,handyman,9,0,1
bergen,rutherford,masonry,14,0,0
bergen,rutherford,landscaping,11,0,0
bergen,rutherford,painting,13,0,0
bergen,rutherford,drywall,10,0,0
bergen,rutherford,tile,11,0,0
bergen,rutherford,plumbing,12,0,0
bergen,rutherford,electrical,9,0,1
bergen,rutherford,hvac,10,0,0
bergen,rutherford,roofing,12,0,0
bergen,rutherford,house-cleaning,9,0,1
bergen,rutherford,gutters,9,0,1
bergen,rutherford,pest-control,8,0,2
bergen,rutherford,junk-removal,8,0,2
bergen,rutherford,tree-services,8,0,2
bergen,rutherford,appliance-repair,9,0,1
bergen,saddle-brook,handyman,9,0,1
bergen,saddle-brook,masonry,14,0,0
bergen,saddle-brook,landscaping,11,0,0
bergen,saddle-brook,painting,13,0,0
bergen,saddle-brook,drywall,10,0,0
bergen,saddle-brook,tile,11,0,0
bergen,saddle-brook,plumbing,12,0,0
bergen,saddle-brook,electrical,9,0,1
bergen,saddle-brook,hvac,10,0,0
bergen,saddle-brook,roofing,12,0,0
bergen,saddle-brook,house-cleaning,9,0,1
bergen,saddle-brook,gutters,9,0,1
bergen,saddle-brook,pest-control,8,0,2
bergen,saddle-brook,junk-removal,8,0,2
bergen,saddle-brook,tree-services,8,0,2
bergen,saddle-brook,appliance-repair,9,0,1
bergen,saddle-river,handyman,9,0,1
bergen,saddle-river,masonry,14,0,0
bergen,saddle-river,landscaping,11,0,0
bergen,saddle-river,painting,13,0,0
bergen,saddle-river,drywall,10,0,0
bergen,saddle-river,tile,11,0,0
bergen,saddle-river,plumbing,12,0,0
bergen,saddle-river,electrical,9,0,1
bergen,saddle-river,hvac,10,0,0
bergen,saddle-river,roofing,12,0,0
bergen,saddle-river,house-cleaning,9,0,1
bergen,saddle-river,gutters,9,0,1
bergen,saddle-river,pest-control,8,0,2
bergen,saddle-river,junk-removal,8,0,2
bergen,saddle-river,tree-services,8,0,2
bergen,saddle-river,appliance-repair,9,0,1
bergen,south-hackensack,handyman,9,0,1
bergen,south-hackensack,masonry,14,0,0
bergen,south-hackensack,landscaping,11,0,0
bergen,south-hackensack,painting,13,0,0
bergen,south-hackensack,drywall,10,0,0
bergen,south-hackensack,tile,11,0,0
bergen,south-hackensack,plumbing,12,0,0
bergen,south-hackensack,electrical,9,0,1
bergen,south-hackensack,hvac,10,0,0
bergen,south-hackensack,roofing,12,0,0
bergen,south-hackensack,house-cleaning,9,0,1
bergen,south-hackensack,gutters,9,0,1
bergen,south-hackensack,pest-control,8,0,2
bergen,south-hackensack,junk-removal,8,0,2
bergen,south-hackensack,tree-services,8,0,2
bergen,south-hackensack,appliance-repair,9,0,1
bergen,teaneck,handyman,9,0,1
bergen,teaneck,masonry,14,0,0
bergen,teaneck,landscaping,11,0,0
bergen,teaneck,painting,13,0,0
bergen,teaneck,drywall,10,0,0
bergen,teaneck,tile,11,0,0
bergen,teaneck,plumbing,12,0,0
bergen,teaneck,electrical,9,0,1
bergen,teaneck,hvac,10,0,0
bergen,teaneck,roofing,12,0,0
bergen,teaneck,house-cleaning,9,0,1
bergen,teaneck,gutters,9,0,1
bergen,teaneck,pest-control,8,0,2
bergen,teaneck,junk-removal,8,0,2
bergen,teaneck,tree-services,8,0,2
bergen,teaneck,appliance-repair,9,0,1
bergen,tenafly,handyman,9,0,1
bergen,tenafly,masonry,14,0,0
bergen,tenafly,landscaping,11,0,0
bergen,tenafly,painting,13,0,0
bergen,tenafly,drywall,10,0,0
bergen,tenafly,tile,11,0,0
bergen,tenafly,plumbing,12,0,0
bergen,tenafly,electrical,9,0,1
bergen,tenafly,hvac,10,0,0
bergen,tenafly,roofing,12,0,0
bergen,tenafly,house-cleaning,9,0,1
bergen,tenafly,gutters,9,0,1
bergen,tenafly,pest-control,8,0,2
bergen,tenafly,junk-removal,8,0,2
bergen,tenafly,tree-services,8,0,2
bergen,tenafly,appliance-repair,9,0,1
bergen,teterboro,handyman,9,0,1
bergen,teterboro,masonry,14,0,0
bergen,teterboro,landscaping,11,0,0
bergen,teterboro,painting,13,0,0
bergen,teterboro,drywall,10,0,0
bergen,teterboro,tile,11,0,0
bergen,teterboro,plumbing,12,0,0
bergen,teterboro,electrical,9,0,1
bergen,teterboro,hvac,10,0,0
bergen,teterboro,roofing,12,0,0
bergen,teterboro,house-cleaning,9,0,1
bergen,teterboro,gutters,9,0,1
bergen,teterboro,pest-control,8,0,2
bergen,teterboro,junk-removal,8,0,2
bergen,teterboro,tree-services,8,0,2
bergen,teterboro,appliance-repair,9,0,1
bergen,upper-saddle-river,handyman,9,0,1
bergen,upper-saddle-river,masonry,14,0,0
bergen,upper-saddle-river,landscaping,11,0,0
bergen,upper-saddle-river,painting,13,0,0
bergen,upper-saddle-river,drywall,10,0,0
bergen,upper-saddle-river,tile,11,0,0
bergen,upper-saddle-river,plumbing,12,0,0
bergen,upper-saddle-river,electrical,9,0,1
bergen,upper-saddle-river,hvac,10,0,0
bergen,upper-saddle-river,roofing,12,0,0
bergen,upper-saddle-river,house-cleaning,9,0,1
bergen,upper-saddle-river,gutters,9,0,1
bergen,upper-saddle-river,pest-control,8,0,2
bergen,upper-saddle-river,junk-removal,8,0,2
bergen,upper-saddle-river,tree-services,8,0,2
bergen,upper-saddle-river,appliance-repair,9,0,1
bergen,waldwick,handyman,10,0,0
bergen,waldwick,masonry,14,0,0
bergen,waldwick,landscaping,11,0,0
bergen,waldwick,painting,13,0,0
bergen,waldwick,drywall,10,0,0
bergen,waldwick,tile,11,0,0
bergen,waldwick,plumbing,12,0,0
bergen,waldwick,electrical,9,0,1
bergen,waldwick,hvac,10,0,0
bergen,waldwick,roofing,12,0,0
bergen,waldwick,house-cleaning,9,0,1
bergen,waldwick,gutters,9,0,1
bergen,waldwick,pest-control,8,0,2
bergen,waldwick,junk-removal,8,0,2
bergen,waldwick,tree-services,8,0,2
bergen,waldwick,appliance-repair,9,0,1
bergen,wallington,handyman,9,0,1
bergen,wallington,masonry,14,0,0
bergen,wallington,landscaping,11,0,0
bergen,wallington,painting,13,0,0
bergen,wallington,drywall,10,0,0
bergen,wallington,tile,11,0,0
bergen,wallington,plumbing,12,0,0
bergen,wallington,electrical,9,0,1
bergen,wallington,hvac,10,0,0
bergen,wallington,roofing,12,0,0
bergen,wallington,house-cleaning,9,0,1
bergen,wallington,gutters,9,0,1
bergen,wallington,pest-control,8,0,2
bergen,wallington,junk-removal,8,0,2
bergen,wallington,tree-services,8,0,2
bergen,wallington,appliance-repair,9,0,1
bergen,washington-township-bergen,handyman,9,0,1
bergen,washington-township-bergen,masonry,14,0,0
bergen,washington-township-bergen,landscaping,11,0,0
bergen,washington-township-bergen,painting,13,0,0
bergen,washington-township-bergen,drywall,10,0,0
bergen,washington-township-bergen,tile,11,0,0
bergen,washington-township-bergen,plumbing,12,0,0
bergen,washington-township-bergen,electrical,9,0,1
bergen,washington-township-bergen,hvac,10,0,0
bergen,washington-township-bergen,roofing,12,0,0
bergen,washington-township-bergen,house-cleaning,9,0,1
bergen,washington-township-bergen,gutters,9,0,1
bergen,washington-township-bergen,pest-control,8,0,2
bergen,washington-township-bergen,junk-removal,8,0,2
bergen,washington-township-bergen,tree-services,8,0,2
bergen,washington-township-bergen,appliance-repair,9,0,1
bergen,westwood,handyman,11,0,0
bergen,westwood,masonry,14,0,0
bergen,westwood,landscaping,11,0,0
bergen,westwood,painting,14,0,0
bergen,westwood,drywall,10,0,0
bergen,westwood,tile,11,0,0
bergen,westwood,plumbing,12,0,0
bergen,westwood,electrical,9,0,1
bergen,westwood,hvac,10,0,0
bergen,westwood,roofing,12,0,0
bergen,westwood,house-cleaning,9,0,1
bergen,westwood,gutters,9,0,1
bergen,westwood,pest-control,8,0,2
bergen,westwood,junk-removal,8,0,2
bergen,westwood,tree-services,8,0,2
bergen,westwood,appliance-repair,9,0,1
bergen,woodcliff-lake,handyman,9,0,1
bergen,woodcliff-lake,masonry,14,0,0
bergen,woodcliff-lake,landscaping,11,0,0
bergen,woodcliff-lake,painting,13,0,0
bergen,woodcliff-lake,drywall,10,0,0
bergen,woodcliff-lake,tile,11,0,0
bergen,woodcliff-lake,plumbing,12,0,0
bergen,woodcliff-lake,electrical,9,0,1
bergen,woodcliff-lake,hvac,10,0,0
bergen,woodcliff-lake,roofing,12,0,0
bergen,woodcliff-lake,house-cleaning,9,0,1
bergen,woodcliff-lake,gutters,9,0,1
bergen,woodcliff-lake,pest-control,8,0,2
bergen,woodcliff-lake,junk-removal,8,0,2
bergen,woodcliff-lake,tree-services,8,0,2
bergen,woodcliff-lake,appliance-repair,9,0,1
bergen,wood-ridge,handyman,9,0,1
bergen,wood-ridge,masonry,14,0,0
bergen,wood-ridge,landscaping,11,0,0
bergen,wood-ridge,painting,13,0,0
bergen,wood-ridge,drywall,10,0,0
bergen,wood-ridge,tile,11,0,0
bergen,wood-ridge,plumbing,12,0,0
bergen,wood-ridge,electrical,9,0,1
bergen,wood-ridge,hvac,10,0,0
bergen,wood-ridge,roofing,12,0,0
bergen,wood-ridge,house-cleaning,9,0,1
bergen,wood-ridge,gutters,9,0,1
bergen,wood-ridge,pest-control,8,0,2
bergen,wood-ridge,junk-removal,8,0,2
bergen,wood-ridge,tree-services,8,0,2
bergen,wood-ridge,appliance-repair,9,0,1
bergen,wyckoff,handyman,10,0,0
bergen,wyckoff,masonry,14,0,0
bergen,wyckoff,landscaping,11,0,0
bergen,wyckoff,painting,13,0,0
bergen,wyckoff,drywall,10,0,0
bergen,wyckoff,tile,11,0,0
bergen,wyckoff,plumbing,12,0,0
bergen,wyckoff,electrical,9,0,1
bergen,wyckoff,hvac,10,0,0
bergen,wyckoff,roofing,12,0,0
bergen,wyckoff,house-cleaning,9,0,1
bergen,wyckoff,gutters,9,0,1
bergen,wyckoff,pest-control,8,0,2
bergen,wyckoff,junk-removal,8,0,2
bergen,wyckoff,tree-services,8,0,2
bergen,wyckoff,appliance-repair,9,0,1
essex,belleville,handyman,8,0,2
essex,belleville,masonry,13,0,0
essex,belleville,landscaping,12,0,0
essex,belleville,painting,13,0,0
essex,belleville,drywall,10,0,0
essex,belleville,tile,11,0,0
essex,belleville,plumbing,11,0,0
essex,belleville,electrical,9,0,1
essex,belleville,hvac,10,0,0
essex,belleville,roofing,12,0,0
essex,belleville,house-cleaning,9,0,1
essex,belleville,gutters,9,0,1
essex,belleville,pest-control,8,0,2
essex,belleville,junk-removal,8,0,2
essex,belleville,tree-services,8,0,2
essex,belleville,appliance-repair,8,0,2
essex,bloomfield,handyman,8,0,2
essex,bloomfield,masonry,13,0,0
essex,bloomfield,landscaping,12,0,0
essex,bloomfield,painting,13,0,0
essex,bloomfield,drywall,10,0,0
essex,bloomfield,tile,11,0,0
essex,bloomfield,plumbing,11,0,0
essex,bloomfield,electrical,9,0,1
essex,bloomfield,hvac,10,0,0
essex,bloomfield,roofing,12,0,0
essex,bloomfield,house-cleaning,9,0,1
essex,bloomfield,gutters,9,0,1
essex,bloomfield,pest-control,8,0,2
essex,bloomfield,junk-removal,8,0,2
essex,bloomfield,tree-services,8,0,2
essex,bloomfield,appliance-repair,8,0,2
essex,caldwell,handyman,8,0,2
essex,caldwell,masonry,13,0,0
essex,caldwell,landscaping,12,0,0
essex,caldwell,painting,13,0,0
essex,caldwell,drywall,10,0,0
essex,caldwell,tile,11,0,0
essex,caldwell,plumbing,11,0,0
essex,caldwell,electrical,9,0,1
essex,caldwell,hvac,10,0,0
essex,caldwell,roofing,12,0,0
essex,caldwell,house-cleaning,9,0,1
essex,caldwell,gutters,9,0,1
essex,caldwell,pest-control,8,0,2
essex,caldwell,junk-removal,8,0,2
essex,caldwell,tree-services,8,0,2
essex,caldwell,appliance-repair,8,0,2
essex,cedar-grove,handyman,8,0,2
essex,cedar-grove,masonry,13,0,0
essex,cedar-grove,landscaping,12,0,0
essex,cedar-grove,painting,13,0,0
essex,cedar-grove,drywall,10,0,0
essex,cedar-grove,tile,11,0,0
essex,cedar-grove,plumbing,11,0,0
essex,cedar-grove,electrical,9,0,1
essex,cedar-grove,hvac,10,0,0
essex,cedar-grove,roofing,12,0,0
essex,cedar-grove,house-cleaning,9,0,1
essex,cedar-grove,gutters,9,0,1
essex,cedar-grove,pest-control,8,0,2
essex,cedar-grove,junk-removal,8,0,2
essex,cedar-grove,tree-services,8,0,2
essex,cedar-grove,appliance-repair,8,0,2
essex,east-orange,handyman,8,0,2
essex,east-orange,masonry,13,0,0
essex,east-orange,landscaping,12,0,0
essex,east-orange,painting,13,0,0
essex,east-orange,drywall,10,0,0
essex,east-orange,tile,11,0,0
essex,east-orange,plumbing,11,0,0
essex,east-orange,electrical,9,0,1
essex,east-orange,hvac,10,0,0
essex,east-orange,roofing,12,0,0
essex,east-orange,house-cleaning,9,0,1
essex,east-orange,gutters,9,0,1
essex,east-orange,pest-control,8,0,2
essex,east-orange,junk-removal,8,0,2
essex,east-orange,tree-services,8,0,2
essex,east-orange,appliance-repair,8,0,2
essex,essex-fells,handyman,8,0,2
essex,essex-fells,masonry,13,0,0
essex,essex-fells,landscaping,12,0,0
essex,essex-fells,painting,13,0,0
essex,essex-fells,drywall,10,0,0
essex,essex-fells,tile,11,0,0
essex,essex-fells,plumbing,11,0,0
essex,essex-fells,electrical,9,0,1
essex,essex-fells,hvac,10,0,0
essex,essex-fells,roofing,12,0,0
essex,essex-fells,house-cleaning,9,0,1
essex,essex-fells,gutters,9,0,1
essex,essex-fells,pest-control,8,0,2
essex,essex-fells,junk-removal,8,0,2
essex,essex-fells,tree-services,8,0,2
essex,essex-fells,appliance-repair,8,0,2
essex,fairfield,handyman,8,0,2
essex,fairfield,masonry,13,0,0
essex,fairfield,landscaping,12,0,0
essex,fairfield,painting,13,0,0
essex,fairfield,drywall,10,0,0
essex,fairfield,tile,11,0,0
essex,fairfield,plumbing,11,0,0
essex,fairfield,electrical,9,0,1
essex,fairfield,hvac,10,0,0
essex,fairfield,roofing,12,0,0
essex,fairfield,house-cleaning,9,0,1
essex,fairfield,gutters,9,0,1
essex,fairfield,pest-control,8,0,2
essex,fairfield,junk-removal,8,0,2
essex,fairfield,tree-services,8,0,2
essex,fairfield,appliance-repair,8,0,2
essex,glen-ridge,handyman,8,0,2
essex,glen-ridge,masonry,13,0,0
essex,glen-ridge,landscaping,12,0,0
essex,glen-ridge,painting,13,0,0
essex,glen-ridge,drywall,10,0,0
essex,glen-ridge,tile,11,0,0
essex,glen-ridge,plumbing,11,0,0
essex,glen-ridge,electrical,9,0,1
essex,glen-ridge,hvac,10,0,0
essex,glen-ridge,roofing,12,0,0
essex,glen-ridge,house-cleaning,9,0,1
essex,glen-ridge,gutters,9,0,1
essex,glen-ridge,pest-control,8,0,2
essex,glen-ridge,junk-removal,8,0,2
essex,glen-ridge,tree-services,8,0,2
essex,glen-ridge,appliance-repair,8,0,2
essex,irvington,handyman,8,0,2
essex,irvington,masonry,13,0,0
essex,irvington,landscaping,12,0,0
essex,irvington,painting,13,0,0
essex,irvington,drywall,10,0,0
essex,irvington,tile,11,0,0
essex,irvington,plumbing,11,0,0
essex,irvington,electrical,9,0,1
essex,irvington,hvac,10,0,0
essex,irvington,roofing,12,0,0
essex,irvington,house-cleaning,9,0,1
essex,irvington,gutters,9,0,1
essex,irvington,pest-control,8,0,2
essex,irvington,junk-removal,8,0,2
essex,irvington,tree-services,8,0,2
essex,irvington,appliance-repair,8,0,2
essex,maplewood,handyman,9,0,1
essex,maplewood,masonry,13,0,0
essex,maplewood,landscaping,12,0,0
essex,maplewood,painting,14,0,0
essex,maplewood,drywall,10,0,0
essex,maplewood,tile,11,0,0
essex,maplewood,plumbing,11,0,0
essex,maplewood,electrical,9,0,1
essex,maplewood,hvac,10,0,0
essex,maplewood,roofing,12,0,0
essex,maplewood,house-cleaning,9,0,1
essex,maplewood,gutters,9,0,1
essex,maplewood,pest-control,8,0,2
essex,maplewood,junk-removal,8,0,2
essex,maplewood,tree-services,8,0,2
essex,maplewood,appliance-repair,8,0,2
essex,millburn,handyman,8,0,2
essex,millburn,masonry,13,0,0
essex,millburn,landscaping,12,0,0
essex,millburn,painting,13,0,0
essex,millburn,drywall,10,0,0
essex,millburn,tile,11,0,0
essex,millburn,plumbing,11,0,0
essex,millburn,electrical,9,0,1
essex,millburn,hvac,10,0,0
essex,millburn,roofing,12,0,0
essex,millburn,house-cleaning,9,0,1
essex,millburn,gutters,9,0,1
essex,millburn,pest-control,8,0,2
essex,millburn,junk-removal,8,0,2
essex,millburn,tree-services,8,0,2
essex,millburn,appliance-repair,8,0,2
essex,montclair,handyman,8,0,2
essex,montclair,masonry,13,0,0
essex,montclair,landscaping,12,0,0
essex,montclair,painting,13,0,0
essex,montclair,drywall,10,0,0
essex,montclair,tile,11,0,0
essex,montclair,plumbing,11,0,0
essex,montclair,electrical,9,0,1
essex,montclair,hvac,10,0,0
essex,montclair,roofing,12,0,0
essex,montclair,house-cleaning,9,0,1
essex,montclair,gutters,9,0,1
essex,montclair,pest-control,8,0,2
essex,montclair,junk-removal,8,0,2
essex,montclair,tree-services,8,0,2
essex,montclair,appliance-repair,8,0,2
essex,newark,handyman,9,0,1
essex,newark,masonry,13,0,0
essex,newark,landscaping,12,0,0
essex,newark,painting,14,0,0
essex,newark,drywall,10,0,0
essex,newark,tile,11,0,0
essex,newark,plumbing,11,0,0
essex,newark,electrical,9,0,1
essex,newark,hvac,10,0,0
essex,newark,roofing,12,0,0
essex,newark,house-cleaning,9,0,1
essex,newark,gutters,9,0,1
essex,newark,pest-control,8,0,2
essex,newark,junk-removal,8,0,2
essex,newark,tree-services,8,0,2
essex,newark,appliance-repair,8,0,2
essex,north-caldwell,handyman,8,0,2
essex,north-caldwell,masonry,13,0,0
essex,north-caldwell,landscaping,12,0,0
essex,north-caldwell,painting,13,0,0
essex,north-caldwell,drywall,10,0,0
essex,north-caldwell,tile,11,0,0
essex,north-caldwell,plumbing,11,0,0
essex,north-caldwell,electrical,9,0,1
essex,north-caldwell,hvac,10,0,0
essex,north-caldwell,roofing,12,0,0
essex,north-caldwell,house-cleaning,9,0,1
essex,north-caldwell,gutters,9,0,1
essex,north-caldwell,pest-control,8,0,2
essex,north-caldwell,junk-removal,8,0,2
essex,north-caldwell,tree-services,8,0,2
essex,north-caldwell,appliance-repair,8,0,2
essex,nutley,handyman,9,0,1
essex,nutley,masonry,13,0,0
essex,nutley,landscaping,12,0,0
essex,nutley,painting,14,0,0
essex,nutley,drywall,10,0,0
essex,nutley,tile,11,0,0
essex,nutley,plumbing,11,0,0
essex,nutley,electrical,9,0,1
essex,nutley,hvac,10,0,0
essex,nutley,roofing,12,0,0
essex,nutley,house-cleaning,9,0,1
essex,nutley,gutters,9,0,1
essex,nutley,pest-control,8,0,2
essex,nutley,junk-removal,8,0,2
essex,nutley,tree-services,8,0,2
essex,nutley,appliance-repair,8,0,2
essex,orange,handyman,8,0,2
essex,orange,masonry,13,0,0
essex,orange,landscaping,12,0,0
essex,orange,painting,13,0,0
essex,orange,drywall,10,0,0
essex,orange,tile,11,0,0
essex,orange,plumbing,11,0,0
essex,orange,electrical,9,0,1
essex,orange,hvac,10,0,0
essex,orange,roofing,12,0,0
essex,orange,house-cleaning,9,0,1
essex,orange,gutters,9,0,1
essex,orange,pest-control,8,0,2
essex,orange,junk-removal,8,0,2
essex,orange,tree-services,8,0,2
essex,orange,appliance-repair,8,0,2
essex,roseland,handyman,8,0,2
essex,roseland,masonry,13,0,0
essex,roseland,landscaping,12,0,0
essex,roseland,painting,13,0,0
essex,roseland,drywall,10,0,0
essex,roseland,tile,11,0,0
essex,roseland,plumbing,11,0,0
essex,roseland,electrical,9,0,1
essex,roseland,hvac,10,0,0
essex,roseland,roofing,12,0,0
essex,roseland,house-cleaning,9,0,1
essex,roseland,gutters,9,0,1
essex,roseland,pest-control,8,0,2
essex,roseland,junk-removal,8,0,2
essex,roseland,tree-services,8,0,2
essex,roseland,appliance-repair,8,0,2
essex,south-orange,handyman,8,0,2
essex,south-orange,masonry,13,0,0
essex,south-orange,landscaping,12,0,0
essex,south-orange,painting,13,0,0
essex,south-orange,drywall,10,0,0
essex,south-orange,tile,11,0,0
essex,south-orange,plumbing,11,0,0
essex,south-orange,electrical,9,0,1
essex,south-orange,hvac,10,0,0
essex,south-orange,roofing,12,0,0
essex,south-orange,house-cleaning,9,0,1
essex,south-orange,gutters,9,0,1
essex,south-orange,pest-control,8,0,2
essex,south-orange,junk-removal,8,0,2
essex,south-orange,tree-services,8,0,2
essex,south-orange,appliance-repair,8,0,2
essex,verona,handyman,8,0,2
essex,verona,masonry,13,0,0
essex,verona,landscaping,12,0,0
essex,verona,painting,13,0,0
essex,verona,drywall,10,0,0
essex,verona,tile,11,0,0
essex,verona,plumbing,11,0,0
essex,verona,electrical,9,0,1
essex,verona,hvac,10,0,0
essex,verona,roofing,12,0,0
essex,verona,house-cleaning,9,0,1
essex,verona,gutters,9,0,1
essex,verona,pest-control,8,0,2
essex,verona,junk-removal,8,0,2
essex,verona,tree-services,8,0,2
essex,verona,appliance-repair,8,0,2
essex,west-caldwell,handyman,8,0,2
essex,west-caldwell,masonry,13,0,0
essex,west-caldwell,landscaping,12,0,0
essex,west-caldwell,painting,13,0,0
essex,west-caldwell,drywall,10,0,0
essex,west-caldwell,tile,11,0,0
essex,west-caldwell,plumbing,11,0,0
essex,west-caldwell,electrical,9,0,1
essex,west-caldwell,hvac,10,0,0
essex,west-caldwell,roofing,12,0,0
essex,west-caldwell,house-cleaning,9,0,1
essex,west-caldwell,gutters,9,0,1
essex,west-caldwell,pest-control,8,0,2
essex,west-caldwell,junk-removal,8,0,2
essex,west-caldwell,tree-services,8,0,2
essex,west-caldwell,appliance-repair,8,0,2
essex,west-orange,handyman,8,0,2
essex,west-orange,masonry,13,0,0
essex,west-orange,landscaping,12,0,0
essex,west-orange,painting,13,0,0
essex,west-orange,drywall,10,0,0
essex,west-orange,tile,11,0,0
essex,west-orange,plumbing,11,0,0
essex,west-orange,electrical,9,0,1
essex,west-orange,hvac,10,0,0
essex,west-orange,roofing,12,0,0
essex,west-orange,house-cleaning,9,0,1
essex,west-orange,gutters,9,0,1
essex,west-orange,pest-control,8,0,2
essex,west-orange,junk-removal,8,0,2
essex,west-orange,tree-services,8,0,2
essex,west-orange,appliance-repair,8,0,2
hudson,bayonne,handyman,8,0,2
hudson,bayonne,masonry,12,0,0
hudson,bayonne,landscaping,10,0,0
hudson,bayonne,painting,12,0,0
hudson,bayonne,drywall,10,0,0
hudson,bayonne,tile,11,0,0
hudson,bayonne,plumbing,11,0,0
hudson,bayonne,electrical,8,0,2
hudson,bayonne,hvac,10,0,0
hudson,bayonne,roofing,12,0,0
hudson,bayonne,house-cleaning,9,0,1
hudson,bayonne,gutters,9,0,1
hudson,bayonne,pest-control,8,0,2
hudson,bayonne,junk-removal,8,0,2
hudson,bayonne,tree-services,8,0,2
hudson,bayonne,appliance-repair,9,0,1
hudson,east-newark,handyman,8,0,2
hudson,east-newark,masonry,12,0,0
hudson,east-newark,landscaping,10,0,0
hudson,east-newark,painting,12,0,0
hudson,east-newark,drywall,10,0,0
hudson,east-newark,tile,11,0,0
hudson,east-newark,plumbing,11,0,0
hudson,east-newark,electrical,8,0,2
hudson,east-newark,hvac,10,0,0
hudson,east-newark,roofing,12,0,0
hudson,east-newark,house-cleaning,9,0,1
hudson,east-newark,gutters,9,0,1
hudson,east-newark,pest-control,8,0,2
hudson,east-newark,junk-removal,8,0,2
hudson,east-newark,tree-services,8,0,2
hudson,east-newark,appliance-repair,9,0,1
hudson,guttenberg,handyman,8,0,2
hudson,guttenberg,masonry,12,0,0
hudson,guttenberg,landscaping,10,0,0
hudson,guttenberg,painting,12,0,0
hudson,guttenberg,drywall,10,0,0
hudson,guttenberg,tile,11,0,0
hudson,guttenberg,plumbing,11,0,0
hudson,guttenberg,electrical,8,0,2
hudson,guttenberg,hvac,10,0,0
hudson,guttenberg,roofing,12,0,0
hudson,guttenberg,house-cleaning,9,0,1
hudson,guttenberg,gutters,9,0,1
hudson,guttenberg,pest-control,8,0,2
hudson,guttenberg,junk-removal,8,0,2
hudson,guttenberg,tree-services,8,0,2
hudson,guttenberg,appliance-repair,9,0,1
hudson,harrison,handyman,8,0,2
hudson,harrison,masonry,12,0,0
hudson,harrison,landscaping,10,0,0
hudson,harrison,painting,12,0,0
hudson,harrison,drywall,10,0,0
hudson,harrison,tile,11,0,0
hudson,harrison,plumbing,11,0,0
hudson,harrison,electrical,8,0,2
hudson,harrison,hvac,10,0,0
hudson,harrison,roofing,12,0,0
hudson,harrison,house-cleaning,9,0,1
hudson,harrison,gutters,9,0,1
hudson,harrison,pest-control,8,0,2
hudson,harrison,junk-removal,8,0,2
hudson,harrison,tree-services,8,0,2
hudson,harrison,appliance-repair,9,0,1
hudson,hoboken,handyman,9,0,1
hudson,hoboken,masonry,12,0,0
hudson,hoboken,landscaping,10,0,0
hudson,hoboken,painting,12,0,0
hudson,hoboken,drywall,11,0,0
hudson,hoboken,tile,11,0,0
hudson,hoboken,plumbing,11,0,0
hudson,hoboken,electrical,8,0,2
hudson,hoboken,hvac,10,0,0
hudson,hoboken,roofing,12,0,0
hudson,hoboken,house-cleaning,9,0,1
hudson,hoboken,gutters,9,0,1
hudson,hoboken,pest-control,8,0,2
hudson,hoboken,junk-removal,8,0,2
hudson,hoboken,tree-services,8,0,2
hudson,hoboken,appliance-repair,9,0,1
hudson,jersey-city,handyman,10,0,0
hudson,jersey-city,masonry,12,0,0
hudson,jersey-city,landscaping,10,0,0
hudson,jersey-city,painting,13,0,0
hudson,jersey-city,drywall,11,0,0
hudson,jersey-city,tile,11,0,0
hudson,jersey-city,plumbing,11,0,0
hudson,jersey-city,electrical,8,0,2
hudson,jersey-city,hvac,10,0,0
hudson,jersey-city,roofing,12,0,0
hudson,jersey-city,house-cleaning,9,0,1
hudson,jersey-city,gutters,9,0,1
hudson,jersey-city,pest-control,8,0,2
hudson,jersey-city,junk-removal,8,0,2
hudson,jersey-city,tree-services,8,0,2
hudson,jersey-city,appliance-repair,9,0,1
hudson,kearny,handyman,8,0,2
hudson,kearny,masonry,12,0,0
hudson,kearny,landscaping,10,0,0
hudson,kearny,painting,12,0,0
hudson,kearny,drywall,10,0,0
hudson,kearny,tile,11,0,0
hudson,kearny,plumbing,11,0,0
hudson,kearny,electrical,8,0,2
hudson,kearny,hvac,10,0,0
hudson,kearny,roofing,12,0,0
hudson,kearny,house-cleaning,9,0,1
hudson,kearny,gutters,9,0,1
hudson,kearny,pest-control,8,0,2
hudson,kearny,junk-removal,8,0,2
hudson,kearny,tree-services,8,0,2
hudson,kearny,appliance-repair,9,0,1
hudson,north-bergen,handyman,8,0,2
hudson,north-bergen,masonry,12,0,0
hudson,north-bergen,landscaping,10,0,0
hudson,north-bergen,painting,12,0,0
hudson,north-bergen,drywall,10,0,0
hudson,north-bergen,tile,11,0,0
hudson,north-bergen,plumbing,11,0,0
hudson,north-bergen,electrical,8,0,2
hudson,north-bergen,hvac,10,0,0
hudson,north-bergen,roofing,12,0,0
hudson,north-bergen,house-cleaning,9,0,1
hudson,north-bergen,gutters,9,0,1
hudson,north-bergen,pest-control,8,0,2
hudson,north-bergen,junk-removal,8,0,2
hudson,north-bergen,tree-services,8,0,2
hudson,north-bergen,appliance-repair,9,0,1
hudson,secaucus,handyman,8,0,2
hudson,secaucus,masonry,12,0,0
hudson,secaucus,landscaping,10,0,0
hudson,secaucus,painting,12,0,0
hudson,secaucus,drywall,10,0,0
hudson,secaucus,tile,11,0,0
hudson,secaucus,plumbing,11,0,0
hudson,secaucus,electrical,8,0,2
hudson,secaucus,hvac,10,0,0
hudson,secaucus,roofing,12,0,0
hudson,secaucus,house-cleaning,9,0,1
hudson,secaucus,gutters,9,0,1
hudson,secaucus,pest-control,8,0,2
hudson,secaucus,junk-removal,8,0,2
hudson,secaucus,tree-services,8,0,2
hudson,secaucus,appliance-repair,9,0,1
hudson,union-city,handyman,8,0,2
hudson,union-city,masonry,12,0,0
hudson,union-city,landscaping,10,0,0
hudson,union-city,painting,12,0,0
hudson,union-city,drywall,10,0,0
hudson,union-city,tile,11,0,0
hudson,union-city,plumbing,11,0,0
hudson,union-city,electrical,8,0,2
hudson,union-city,hvac,10,0,0
hudson,union-city,roofing,12,0,0
hudson,union-city,house-cleaning,9,0,1
hudson,union-city,gutters,9,0,1
hudson,union-city,pest-control,8,0,2
hudson,union-city,junk-removal,8,0,2
hudson,union-city,tree-services,8,0,2
hudson,union-city,appliance-repair,9,0,1
hudson,weehawken,handyman,8,0,2
hudson,weehawken,masonry,12,0,0
hudson,weehawken,landscaping,10,0,0
hudson,weehawken,painting,12,0,0
hudson,weehawken,drywall,10,0,0
hudson,weehawken,tile,11,0,0
hudson,weehawken,plumbing,11,0,0
hudson,weehawken,electrical,8,0,2
hudson,weehawken,hvac,10,0,0
hudson,weehawken,roofing,12,0,0
hudson,weehawken,house-cleaning,9,0,1
hudson,weehawken,gutters,9,0,1
hudson,weehawken,pest-control,8,0,2
hudson,weehawken,junk-removal,8,0,2
hudson,weehawken,tree-services,8,0,2
hudson,weehawken,appliance-repair,9,0,1
hudson,west-new-york,handyman,8,0,2
hudson,west-new-york,masonry,12,0,0
hudson,west-new-york,landscaping,10,0,0
hudson,west-new-york,painting,12,0,0
hudson,west-new-york,drywall,10,0,0
hudson,west-new-york,tile,11,0,0
hudson,west-new-york,plumbing,11,0,0
hudson,west-new-york,electrical,8,0,2
hudson,west-new-york,hvac,10,0,0
hudson,west-new-york,roofing,12,0,0
hudson,west-new-york,house-cleaning,9,0,1
hudson,west-new-york,gutters,9,0,1
hudson,west-new-york,pest-control,8,0,2
hudson,west-new-york,junk-removal,8,0,2
hudson,west-new-york,tree-services,8,0,2
hudson,west-new-york,appliance-repair,9,0,1
morris,boonton,handyman,12,0,0
morris,boonton,masonry,15,0,0
morris,boonton,landscaping,13,0,0
morris,boonton,painting,15,0,0
morris,boonton,drywall,12,0,0
morris,boonton,tile,14,0,0
morris,boonton,plumbing,12,0,0
morris,boonton,electrical,10,0,0
morris,boonton,hvac,10,0,0
morris,boonton,roofing,12,0,0
morris,boonton,house-cleaning,9,0,1
morris,boonton,gutters,9,0,1
morris,boonton,pest-control,11,0,0
morris,boonton,junk-removal,8,0,2
morris,boonton,tree-services,8,0,2
morris,boonton,appliance-repair,10,0,0
morris,boonton-township,handyman,12,0,0
morris,boonton-township,masonry,15,0,0
morris,boonton-township,landscaping,13,0,0
morris,boonton-township,painting,15,0,0
morris,boonton-township,drywall,12,0,0
morris,boonton-township,tile,14,0,0
morris,boonton-township,plumbing,12,0,0
morris,boonton-township,electrical,10,0,0
morris,boonton-township,hvac,10,0,0
morris,boonton-township,roofing,12,0,0
morris,boonton-township,house-cleaning,9,0,1
morris,boonton-township,gutters,9,0,1
morris,boonton-township,pest-control,11,0,0
morris,boonton-township,junk-removal,8,0,2
morris,boonton-township,tree-services,8,0,2
morris,boonton-township,appliance-repair,10,0,0
morris,butler,handyman,12,0,0
morris,butler,masonry,15,0,0
morris,butler,landscaping,13,0,0
morris,butler,painting,15,0,0
morris,butler,drywall,12,0,0
morris,butler,tile,14,0,0
morris,butler,plumbing,12,0,0
morris,butler,electrical,10,0,0
morris,butler,hvac,10,0,0
morris,butler,roofing,12,0,0
morris,butler,house-cleaning,9,0,1
morris,butler,gutters,9,0,1
morris,butler,pest-control,11,0,0
morris,butler,junk-removal,8,0,2
morris,butler,tree-services,8,0,2
morris,butler,appliance-repair,10,0,0
morris,chatham-borough,handyman,12,0,0
morris,chatham-borough,masonry,15,0,0
morris,chatham-borough,landscaping,13,0,0
morris,chatham-borough,painting,15,0,0
morris,chatham-borough,drywall,12,0,0
morris,chatham-borough,tile,14,0,0
morris,chatham-borough,plumbing,12,0,0
morris,chatham-borough,electrical,10,0,0
morris,chatham-borough,hvac,10,0,0
morris,chatham-borough,roofing,12,0,0
morris,chatham-borough,house-cleaning,9,0,1
morris,chatham-borough,gutters,9,0,1
morris,chatham-borough,pest-control,11,0,0
morris,chatham-borough,junk-removal,8,0,2
morris,chatham-borough,tree-services,8,0,2
morris,chatham-borough,appliance-repair,10,0,0
morris,chatham-township,handyman,12,0,0
morris,chatham-township,masonry,15,0,0
morris,chatham-township,landscaping,13,0,0
morris,chatham-township,painting,15,0,0
morris,chatham-township,drywall,12,0,0
morris,chatham-township,tile,14,0,0
morris,chatham-township,plumbing,12,0,0
morris,chatham-township,electrical,10,0,0
morris,chatham-township,hvac,10,0,0
morris,chatham-township,roofing,12,0,0
morris,chatham-township,house-cleaning,9,0,1
morris,chatham-township,gutters,9,0,1
morris,chatham-township,pest-control,11,0,0
morris,chatham-township,junk-removal,8,0,2
morris,chatham-township,tree-services,8,0,2
morris,chatham-township,appliance-repair,10,0,0
morris,chester-borough,handyman,12,0,0
morris,chester-borough,masonry,15,0,0
morris,chester-borough,landscaping,13,0,0
morris,chester-borough,painting,15,0,0
morris,chester-borough,drywall,12,0,0
morris,chester-borough,tile,14,0,0
morris,chester-borough,plumbing,12,0,0
morris,chester-borough,electrical,10,0,0
morris,chester-borough,hvac,10,0,0
morris,chester-borough,roofing,12,0,0
morris,chester-borough,house-cleaning,9,0,1
morris,chester-borough,gutters,9,0,1
morris,chester-borough,pest-control,11,0,0
morris,chester-borough,junk-removal,8,0,2
morris,chester-borough,tree-services,8,0,2
morris,chester-borough,appliance-repair,10,0,0
morris,chester-township,handyman,12,0,0
morris,chester-township,masonry,15,0,0
morris,chester-township,landscaping,13,0,0
morris,chester-township,painting,15,0,0
morris,chester-township,drywall,12,0,0
morris,chester-township,tile,14,0,0
morris,chester-township,plumbing,12,0,0
morris,chester-township,electrical,10,0,0
morris,chester-township,hvac,10,0,0
morris,chester-township,roofing,12,0,0
morris,chester-township,house-cleaning,9,0,1
morris,chester-township,gutters,9,0,1
morris,chester-township,pest-control,11,0,0
morris,chester-township,junk-removal,8,0,2
morris,chester-township,tree-services,8,0,2
morris,chester-township,appliance-repair,10,0,0
morris,denville,handyman,12,0,0
morris,denville,masonry,15,0,0
morris,denville,landscaping,13,0,0
morris,denville,painting,15,0,0
morris,denville,drywall,12,0,0
morris,denville,tile,14,0,0
morris,denville,plumbing,12,0,0
morris,denville,electrical,10,0,0
morris,denville,hvac,10,0,0
morris,denville,roofing,12,0,0
morris,denville,house-cleaning,9,0,1
morris,denville,gutters,9,0,1
morris,denville,pest-control,11,0,0
morris,denville,junk-removal,8,0,2
morris,denville,tree-services,8,0,2
morris,denville,appliance-repair,10,0,0
morris,dover,handyman,12,0,0
morris,dover,masonry,15,0,0
morris,dover,landscaping,13,0,0
morris,dover,painting,15,0,0
morris,dover,drywall,12,0,0
morris,dover,tile,14,0,0
morris,dover,plumbing,12,0,0
morris,dover,electrical,10,0,0
morris,dover,hvac,10,0,0
morris,dover,roofing,12,0,0
morris,dover,house-cleaning,9,0,1
morris,dover,gutters,9,0,1
morris,dover,pest-control,11,0,0
morris,dover,junk-removal,8,0,2
morris,dover,tree-services,8,0,2
morris,dover,appliance-repair,10,0,0
morris,harding,handyman,12,0,0
morris,harding,masonry,15,0,0
morris,harding,landscaping,13,0,0
morris,harding,painting,15,0,0
morris,harding,drywall,12,0,0
morris,harding,tile,14,0,0
morris,harding,plumbing,12,0,0
morris,harding,electrical,10,0,0
morris,harding,hvac,10,0,0
morris,harding,roofing,12,0,0
morris,harding,house-cleaning,9,0,1
morris,harding,gutters,9,0,1
morris,harding,pest-control,11,0,0
morris,harding,junk-removal,8,0,2
morris,harding,tree-services,8,0,2
morris,harding,appliance-repair,10,0,0
morris,jefferson-township,handyman,12,0,0
morris,jefferson-township,masonry,15,0,0
morris,jefferson-township,landscaping,13,0,0
morris,jefferson-township,painting,15,0,0
morris,jefferson-township,drywall,12,0,0
morris,jefferson-township,tile,14,0,0
morris,jefferson-township,plumbing,12,0,0
morris,jefferson-township,electrical,10,0,0
morris,jefferson-township,hvac,10,0,0
morris,jefferson-township,roofing,12,0,0
morris,jefferson-township,house-cleaning,9,0,1
morris,jefferson-township,gutters,9,0,1
morris,jefferson-township,pest-control,11,0,0
morris,jefferson-township,junk-removal,8,0,2
morris,jefferson-township,tree-services,8,0,2
morris,jefferson-township,appliance-repair,10,0,0
morris,kinnelon,handyman,12,0,0
morris,kinnelon,masonry,15,0,0
morris,kinnelon,landscaping,13,0,0
morris,kinnelon,painting,15,0,0
morris,kinnelon,drywall,12,0,0
morris,kinnelon,tile,14,0,0
morris,kinnelon,plumbing,12,0,0
morris,kinnelon,electrical,10,0,0
morris,kinnelon,hvac,10,0,0
morris,kinnelon,roofing,12,0,0
morris,kinnelon,house-cleaning,9,0,1
morris,kinnelon,gutters,9,0,1
morris,kinnelon,pest-control,11,0,0
morris,kinnelon,junk-removal,8,0,2
morris,kinnelon,tree-services,8,0,2
morris,kinnelon,appliance-repair,10,0,0
morris,lincoln-park,handyman,12,0,0
morris,lincoln-park,masonry,15,0,0
morris,lincoln-park,landscaping,13,0,0
morris,lincoln-park,painting,15,0,0
morris,lincoln-park,drywall,12,0,0
morris,lincoln-park,tile,14,0,0
morris,lincoln-park,plumbing,12,0,0
morris,lincoln-park,electrical,10,0,0
morris,lincoln-park,hvac,10,0,0
morris,lincoln-park,roofing,12,0,0
morris,lincoln-park,house-cleaning,9,0,1
morris,lincoln-park,gutters,9,0,1
morris,lincoln-park,pest-control,11,0,0
morris,lincoln-park,junk-removal,8,0,2
morris,lincoln-park,tree-services,8,0,2
morris,lincoln-park,appliance-repair,10,0,0
morris,long-hill-township,handyman,12,0,0
morris,long-hill-township,masonry,15,0,0
morris,long-hill-township,landscaping,13,0,0
morris,long-hill-township,painting,15,0,0
morris,long-hill-township,drywall,12,0,0
morris,long-hill-township,tile,14,0,0
morris,long-hill-township,plumbing,12,0,0
morris,long-hill-township,electrical,10,0,0
morris,long-hill-township,hvac,10,0,0
morris,long-hill-township,roofing,12,0,0
morris,long-hill-township,house-cleaning,9,0,1
morris,long-hill-township,gutters,9,0,1
morris,long-hill-township,pest-control,11,0,0
morris,long-hill-township,junk-removal,8,0,2
morris,long-hill-township,tree-services,8,0,2
morris,long-hill-township,appliance-repair,10,0,0
morris,mendham-borough,handyman,12,0,0
morris,mendham-borough,masonry,15,0,0
morris,mendham-borough,landscaping,13,0,0
morris,mendham-borough,painting,15,0,0
morris,mendham-borough,drywall,12,0,0
morris,mendham-borough,tile,14,0,0
morris,mendham-borough,plumbing,12,0,0
morris,mendham-borough,electrical,10,0,0
morris,mendham-borough,hvac,10,0,0
morris,mendham-borough,roofing,12,0,0
morris,mendham-borough,house-cleaning,9,0,1
morris,mendham-borough,gutters,9,0,1
morris,mendham-borough,pest-control,11,0,0
morris,mendham-borough,junk-removal,8,0,2
morris,mendham-borough,tree-services,8,0,2
morris,mendham-borough,appliance-repair,10,0,0
morris,mendham-township,handyman,12,0,0
morris,mendham-township,masonry,15,0,0
morris,mendham-township,landscaping,13,0,0
morris,mendham-township,painting,15,0,0
morris,mendham-township,drywall,12,0,0
morris,mendham-township,tile,14,0,0
morris,mendham-township,plumbing,12,0,0
morris,mendham-township,electrical,10,0,0
morris,mendham-township,hvac,10,0,0
morris,mendham-township,roofing,12,0,0
morris,mendham-township,house-cleaning,9,0,1
morris,mendham-township,gutters,9,0,1
morris,mendham-township,pest-control,11,0,0
morris,mendham-township,junk-removal,8,0,2
morris,mendham-township,tree-services,8,0,2
morris,mendham-township,appliance-repair,10,0,0
morris,mine-hill,handyman,12,0,0
morris,mine-hill,masonry,15,0,0
morris,mine-hill,landscaping,13,0,0
morris,mine-hill,painting,15,0,0
morris,mine-hill,drywall,12,0,0
morris,mine-hill,tile,14,0,0
morris,mine-hill,plumbing,12,0,0
morris,mine-hill,electrical,10,0,0
morris,mine-hill,hvac,10,0,0
morris,mine-hill,roofing,12,0,0
morris,mine-hill,house-cleaning,9,0,1
morris,mine-hill,gutters,9,0,1
morris,mine-hill,pest-control,11,0,0
morris,mine-hill,junk-removal,8,0,2
morris,mine-hill,tree-services,8,0,2
morris,mine-hill,appliance-repair,10,0,0
morris,montville,handyman,12,0,0
morris,montville,masonry,15,0,0
morris,montville,landscaping,13,0,0
morris,montville,painting,15,0,0
morris,montville,drywall,12,0,0
morris,montville,tile,14,0,0
morris,montville,plumbing,12,0,0
morris,montville,electrical,10,0,0
morris,montville,hvac,10,0,0
morris,montville,roofing,12,0,0
morris,montville,house-cleaning,9,0,1
morris,montville,gutters,9,0,1
morris,montville,pest-control,11,0,0
morris,montville,junk-removal,8,0,2
morris,montville,tree-services,8,0,2
morris,montville,appliance-repair,10,0,0
morris,morris-plains,handyman,12,0,0
morris,morris-plains,masonry,15,0,0
morris,morris-plains,landscaping,13,0,0
morris,morris-plains,painting,15,0,0
morris,morris-plains,drywall,12,0,0
morris,morris-plains,tile,14,0,0
morris,morris-plains,plumbing,12,0,0
morris,morris-plains,electrical,10,0,0
morris,morris-plains,hvac,10,0,0
morris,morris-plains,roofing,12,0,0
morris,morris-plains,house-cleaning,9,0,1
morris,morris-plains,gutters,9,0,1
morris,morris-plains,pest-control,11,0,0
morris,morris-plains,junk-removal,8,0,2
morris,morris-plains,tree-services,8,0,2
morris,morris-plains,appliance-repair,10,0,0
morris,mount-arlington,handyman,12,0,0
morris,mount-arlington,masonry,15,0,0
morris,mount-arlington,landscaping,13,0,0
morris,mount-arlington,painting,15,0,0
morris,mount-arlington,drywall,12,0,0
morris,mount-arlington,tile,14,0,0
morris,mount-arlington,plumbing,12,0,0
morris,mount-arlington,electrical,10,0,0
morris,mount-arlington,hvac,10,0,0
morris,mount-arlington,roofing,12,0,0
morris,mount-arlington,house-cleaning,9,0,1
morris,mount-arlington,gutters,9,0,1
morris,mount-arlington,pest-control,11,0,0
morris,mount-arlington,junk-removal,8,0,2
morris,mount-arlington,tree-services,8,0,2
morris,mount-arlington,appliance-repair,10,0,0
morris,mount-olive,handyman,12,0,0
morris,mount-olive,masonry,15,0,0
morris,mount-olive,landscaping,13,0,0
morris,mount-olive,painting,15,0,0
morris,mount-olive,drywall,12,0,0
morris,mount-olive,tile,14,0,0
morris,mount-olive,plumbing,12,0,0
morris,mount-olive,electrical,10,0,0
morris,mount-olive,hvac,10,0,0
morris,mount-olive,roofing,12,0,0
morris,mount-olive,house-cleaning,9,0,1
morris,mount-olive,gutters,9,0,1
morris,mount-olive,pest-control,11,0,0
morris,mount-olive,junk-removal,8,0,2
morris,mount-olive,tree-services,8,0,2
morris,mount-olive,appliance-repair,10,0,0
morris,mountain-lakes,handyman,12,0,0
morris,mountain-lakes,masonry,15,0,0
morris,mountain-lakes,landscaping,13,0,0
morris,mountain-lakes,painting,15,0,0
morris,mountain-lakes,drywall,12,0,0
morris,mountain-lakes,tile,14,0,0
morris,mountain-lakes,plumbing,12,0,0
morris,mountain-lakes,electrical,10,0,0
morris,mountain-lakes,hvac,10,0,0
morris,mountain-lakes,roofing,12,0,0
morris,mountain-lakes,house-cleaning,9,0,1
morris,mountain-lakes,gutters,9,0,1
morris,mountain-lakes,pest-control,11,0,0
morris,mountain-lakes,junk-removal,8,0,2
morris,mountain-lakes,tree-services,8,0,2
morris,mountain-lakes,appliance-repair,10,0,0
morris,netcong,handyman,12,0,0
morris,netcong,masonry,15,0,0
morris,netcong,landscaping,13,0,0
morris,netcong,painting,15,0,0
morris,netcong,drywall,12,0,0
morris,netcong,tile,14,0,0
morris,netcong,plumbing,12,0,0
morris,netcong,electrical,10,0,0
morris,netcong,hvac,10,0,0
morris,netcong,roofing,12,0,0
morris,netcong,house-cleaning,9,0,1
morris,netcong,gutters,9,0,1
morris,netcong,pest-control,11,0,0
morris,netcong,junk-removal,8,0,2
morris,netcong,tree-services,8,0,2
morris,netcong,appliance-repair,10,0,0
morris,parsippany-troy-hills,handyman,13,0,0
morris,parsippany-troy-hills,masonry,15,0,0
morris,parsippany-troy-hills,landscaping,13,0,0
morris,parsippany-troy-hills,painting,16,0,0
morris,parsippany-troy-hills,drywall,12,0,0
morris,parsippany-troy-hills,tile,14,0,0
morris,parsippany-troy-hills,plumbing,12,0,0
morris,parsippany-troy-hills,electrical,10,0,0
morris,parsippany-troy-hills,hvac,10,0,0
morris,parsippany-troy-hills,roofing,12,0,0
morris,parsippany-troy-hills,house-cleaning,9,0,1
morris,parsippany-troy-hills,gutters,9,0,1
morris,parsippany-troy-hills,pest-control,11,0,0
morris,parsippany-troy-hills,junk-removal,8,0,2
morris,parsippany-troy-hills,tree-services,8,0,2
morris,parsippany-troy-hills,appliance-repair,10,0,0
morris,pequannock,handyman,12,0,0
morris,pequannock,masonry,15,0,0
morris,pequannock,landscaping,13,0,0
morris,pequannock,painting,15,0,0
morris,pequannock,drywall,12,0,0
morris,pequannock,tile,14,0,0
morris,pequannock,plumbing,12,0,0
morris,pequannock,electrical,10,0,0
morris,pequannock,hvac,10,0,0
morris,pequannock,roofing,12,0,0
morris,pequannock,house-cleaning,9,0,1
morris,pequannock,gutters,9,0,1
morris,pequannock,pest-control,11,0,0
morris,pequannock,junk-removal,8,0,2
morris,pequannock,tree-services,8,0,2
morris,pequannock,appliance-repair,10,0,0
morris,randolph,handyman,12,0,0
morris,randolph,masonry,15,0,0
morris,randolph,landscaping,13,0,0
morris,randolph,painting,15,0,0
morris,randolph,drywall,12,0,0
morris,randolph,tile,14,0,0
morris,randolph,plumbing,12,0,0
morris,randolph,electrical,10,0,0
morris,randolph,hvac,10,0,0
morris,randolph,roofing,12,0,0
morris,randolph,house-cleaning,9,0,1
morris,randolph,gutters,9,0,1
morris,randolph,pest-control,11,0,0
morris,randolph,junk-removal,8,0,2
morris,randolph,tree-services,8,0,2
morris,randolph,appliance-repair,10,0,0
morris,riverdale,handyman,12,0,0
morris,riverdale,masonry,15,0,0
morris,riverdale,landscaping,13,0,0
morris,riverdale,painting,15,0,0
morris,riverdale,drywall,12,0,0
morris,riverdale,tile,14,0,0
morris,riverdale,plumbing,12,0,0
morris,riverdale,electrical,10,0,0
morris,riverdale,hvac,10,0,0
morris,riverdale,roofing,12,0,0
morris,riverdale,house-cleaning,9,0,1
morris,riverdale,gutters,9,0,1
morris,riverdale,pest-control,11,0,0
morris,riverdale,junk-removal,8,0,2
morris,riverdale,tree-services,8,0,2
morris,riverdale,appliance-repair,10,0,0
morris,rockaway-borough,handyman,12,0,0
morris,rockaway-borough,masonry,15,0,0
morris,rockaway-borough,landscaping,13,0,0
morris,rockaway-borough,painting,15,0,0
morris,rockaway-borough,drywall,12,0,0
morris,rockaway-borough,tile,14,0,0
morris,rockaway-borough,plumbing,12,0,0
morris,rockaway-borough,electrical,10,0,0
morris,rockaway-borough,hvac,10,0,0
morris,rockaway-borough,roofing,12,0,0
morris,rockaway-borough,house-cleaning,9,0,1
morris,rockaway-borough,gutters,9,0,1
morris,rockaway-borough,pest-control,11,0,0
morris,rockaway-borough,junk-removal,8,0,2
morris,rockaway-borough,tree-services,8,0,2
morris,rockaway-borough,appliance-repair,10,0,0
morris,rockaway-township,handyman,12,0,0
morris,rockaway-township,masonry,15,0,0
morris,rockaway-township,landscaping,13,0,0
morris,rockaway-township,painting,15,0,0
morris,rockaway-township,drywall,12,0,0
morris,rockaway-township,tile,14,0,0
morris,rockaway-township,plumbing,12,0,0
morris,rockaway-township,electrical,10,0,0
morris,rockaway-township,hvac,10,0,0
morris,rockaway-township,roofing,12,0,0
morris,rockaway-township,house-cleaning,9,0,1
morris,rockaway-township,gutters,9,0,1
morris,rockaway-township,pest-control,11,0,0
morris,rockaway-township,junk-removal,8,0,2
morris,rockaway-township,tree-services,8,0,2
morris,rockaway-township,appliance-repair,10,0,0
morris,roxbury,handyman,12,0,0
morris,roxbury,masonry,15,0,0
morris,roxbury,landscaping,13,0,0
morris,roxbury,painting,15,0,0
morris,roxbury,drywall,12,0,0
morris,roxbury,tile,14,0,0
morris,roxbury,plumbing,12,0,0
morris,roxbury,electrical,10,0,0
morris,roxbury,hvac,10,0,0
morris,roxbury,roofing,12,0,0
morris,roxbury,house-cleaning,9,0,1
morris,roxbury,gutters,9,0,1
morris,roxbury,pest-control,11,0,0
morris,roxbury,junk-removal,8,0,2
morris,roxbury,tree-services,8,0,2
morris,roxbury,appliance-repair,10,0,0
morris,victory-gardens,handyman,12,0,0
morris,victory-gardens,masonry,15,0,0
morris,victory-gardens,landscaping,13,0,0
morris,victory-gardens,painting,15,0,0
morris,victory-gardens,drywall,12,0,0
morris,victory-gardens,tile,14,0,0
morris,victory-gardens,plumbing,12,0,0
morris,victory-gardens,electrical,10,0,0
morris,victory-gardens,hvac,10,0,0
morris,victory-gardens,roofing,12,0,0
morris,victory-gardens,house-cleaning,9,0,1
morris,victory-gardens,gutters,9,0,1
morris,victory-gardens,pest-control,11,0,0
morris,victory-gardens,junk-removal,8,0,2
morris,victory-gardens,tree-services,8,0,2
morris,victory-gardens,appliance-repair,10,0,0
morris,washington-township-morris,handyman,12,0,0
morris,washington-township-morris,masonry,15,0,0
morris,washington-township-morris,landscaping,13,0,0
morris,washington-township-morris,painting,15,0,0
morris,washington-township-morris,drywall,12,0,0
morris,washington-township-morris,tile,14,0,0
morris,washington-township-morris,plumbing,12,0,0
morris,washington-township-morris,electrical,10,0,0
morris,washington-township-morris,hvac,10,0,0
morris,washington-township-morris,roofing,12,0,0
morris,washington-township-morris,house-cleaning,9,0,1
morris,washington-township-morris,gutters,9,0,1
morris,washington-township-morris,pest-control,11,0,0
morris,washington-township-morris,junk-removal,8,0,2
morris,washington-township-morris,tree-services,8,0,2
morris,washington-township-morris,appliance-repair,10,0,0
morris,wharton,handyman,12,0,0
morris,wharton,masonry,15,0,0
morris,wharton,landscaping,13,0,0
morris,wharton,painting,15,0,0
morris,wharton,drywall,12,0,0
morris,wharton,tile,14,0,0
morris,wharton,plumbing,12,0,0
morris,wharton,electrical,10,0,0
morris,wharton,hvac,10,0,0
morris,wharton,roofing,12,0,0
morris,wharton,house-cleaning,9,0,1
morris,wharton,gutters,9,0,1
morris,wharton,pest-control,11,0,0
morris,wharton,junk-removal,8,0,2
morris,wharton,tree-services,8,0,2
morris,wharton,appliance-repair,10,0,0
passaic,bloomingdale,handyman,8,0,2
passaic,bloomingdale,masonry,13,0,0
passaic,bloomingdale,landscaping,10,0,0
passaic,bloomingdale,painting,13,0,0
passaic,bloomingdale,drywall,10,0,0
passaic,bloomingdale,tile,11,0,0
passaic,bloomingdale,plumbing,10,0,0
passaic,bloomingdale,electrical,9,0,1
passaic,bloomingdale,hvac,11,0,0
passaic,bloomingdale,roofing,12,0,0
passaic,bloomingdale,house-cleaning,9,0,1
passaic,bloomingdale,gutters,9,0,1
passaic,bloomingdale,pest-control,8,0,2
passaic,bloomingdale,junk-removal,8,0,2
passaic,bloomingdale,tree-services,8,0,2
passaic,bloomingdale,appliance-repair,8,0,2
passaic,clifton,handyman,9,0,1
passaic,clifton,masonry,13,0,0
passaic,clifton,landscaping,10,0,0
passaic,clifton,painting,14,0,0
passaic,clifton,drywall,10,0,0
passaic,clifton,tile,11,0,0
passaic,clifton,plumbing,10,0,0
passaic,clifton,electrical,9,0,1
passaic,clifton,hvac,11,0,0
passaic,clifton,roofing,12,0,0
passaic,clifton,house-cleaning,9,0,1
passaic,clifton,gutters,9,0,1
passaic,clifton,pest-control,8,0,2
passaic,clifton,junk-removal,8,0,2
passaic,clifton,tree-services,8,0,2
passaic,clifton,appliance-repair,8,0,2
passaic,haledon,handyman,8,0,2
passaic,haledon,masonry,13,0,0
passaic,haledon,landscaping,10,0,0
passaic,haledon,painting,13,0,0
passaic,haledon,drywall,10,0,0
passaic,haledon,tile,11,0,0
passaic,haledon,plumbing,10,0,0
passaic,haledon,electrical,9,0,1
passaic,haledon,hvac,11,0,0
passaic,haledon,roofing,12,0,0
passaic,haledon,house-cleaning,9,0,1
passaic,haledon,gutters,9,0,1
passaic,haledon,pest-control,8,0,2
passaic,haledon,junk-removal,8,0,2
passaic,haledon,tree-services,8,0,2
passaic,haledon,appliance-repair,8,0,2
passaic,hawthorne,handyman,9,0,1
passaic,hawthorne,masonry,13,0,0
passaic,hawthorne,landscaping,10,0,0
passaic,hawthorne,painting,13,0,0
passaic,hawthorne,drywall,10,0,0
passaic,hawthorne,tile,11,0,0
passaic,hawthorne,plumbing,10,0,0
passaic,hawthorne,electrical,9,0,1
passaic,hawthorne,hvac,11,0,0
passaic,hawthorne,roofing,12,0,0
passaic,hawthorne,house-cleaning,9,0,1
passaic,hawthorne,gutters,9,0,1
passaic,hawthorne,pest-control,8,0,2
passaic,hawthorne,junk-removal,8,0,2
passaic,hawthorne,tree-services,8,0,2
passaic,hawthorne,appliance-repair,8,0,2
passaic,little-falls,handyman,8,0,2
passaic,little-falls,masonry,13,0,0
passaic,little-falls,landscaping,10,0,0
passaic,little-falls,painting,13,0,0
passaic,little-falls,drywall,10,0,0
passaic,little-falls,tile,11,0,0
passaic,little-falls,plumbing,10,0,0
passaic,little-falls,electrical,9,0,1
passaic,little-falls,hvac,11,0,0
passaic,little-falls,roofing,12,0,0
passaic,little-falls,house-cleaning,9,0,1
passaic,little-falls,gutters,9,0,1
passaic,little-falls,pest-control,8,0,2
passaic,little-falls,junk-removal,8,0,2
passaic,little-falls,tree-services,8,0,2
passaic,little-falls,appliance-repair,8,0,2
passaic,north-haledon,handyman,8,0,2
passaic,north-haledon,masonry,13,0,0
passaic,north-haledon,landscaping,10,0,0
passaic,north-haledon,painting,13,0,0
passaic,north-haledon,drywall,10,0,0
passaic,north-haledon,tile,11,0,0
passaic,north-haledon,plumbing,10,0,0
passaic,north-haledon,electrical,9,0,1
passaic,north-haledon,hvac,11,0,0
passaic,north-haledon,roofing,12,0,0
passaic,north-haledon,house-cleaning,9,0,1
passaic,north-haledon,gutters,9,0,1
passaic,north-haledon,pest-control,8,0,2
passaic,north-haledon,junk-removal,8,0,2
passaic,north-haledon,tree-services,8,0,2
passaic,north-haledon,appliance-repair,8,0,2
passaic,passaic,handyman,8,0,2
passaic,passaic,masonry,13,0,0
passaic,passaic,landscaping,10,0,0
passaic,passaic,painting,13,0,0
passaic,passaic,drywall,10,0,0
passaic,passaic,tile,11,0,0
passaic,passaic,plumbing,10,0,0
passaic,passaic,electrical,9,0,1
passaic,passaic,hvac,11,0,0
passaic,passaic,roofing,12,0,0
passaic,passaic,house-cleaning,9,0,1
passaic,passaic,gutters,9,0,1
passaic,passaic,pest-control,8,0,2
passaic,passaic,junk-removal,8,0,2
passaic,passaic,tree-services,8,0,2
passaic,passaic,appliance-repair,8,0,2
passaic,paterson,handyman,8,0,2
passaic,paterson,masonry,13,0,0
passaic,paterson,landscaping,10,0,0
passaic,paterson,painting,13,0,0
passaic,paterson,drywall,10,0,0
passaic,paterson,tile,11,0,0
passaic,paterson,plumbing,10,0,0
passaic,paterson,electrical,9,0,1
passaic,paterson,hvac,11,0,0
passaic,paterson,roofing,12,0,0
passaic,paterson,house-cleaning,9,0,1
passaic,paterson,gutters,9,0,1
passaic,paterson,pest-control,8,0,2
passaic,paterson,junk-removal,8,0,2
passaic,paterson,tree-services,8,0,2
passaic,paterson,appliance-repair,8,0,2
passaic,pompton-lakes,handyman,8,0,2
passaic,pompton-lakes,masonry,13,0,0
passaic,pompton-lakes,landscaping,10,0,0
passaic,pompton-lakes,painting,13,0,0
passaic,pompton-lakes,drywall,10,0,0
passaic,pompton-lakes,tile,11,0,0
passaic,pompton-lakes,plumbing,10,0,0
passaic,pompton-lakes,electrical,9,0,1
passaic,pompton-lakes,hvac,11,0,0
passaic,pompton-lakes,roofing,12,0,0
passaic,pompton-lakes,house-cleaning,9,0,1
passaic,pompton-lakes,gutters,9,0,1
passaic,pompton-lakes,pest-control,8,0,2
passaic,pompton-lakes,junk-removal,8,0,2
passaic,pompton-lakes,tree-services,8,0,2
passaic,pompton-lakes,appliance-repair,8,0,2
passaic,prospect-park,handyman,8,0,2
passaic,prospect-park,masonry,13,0,0
passaic,prospect-park,landscaping,10,0,0
passaic,prospect-park,painting,13,0,0
passaic,prospect-park,drywall,10,0,0
passaic,prospect-park,tile,11,0,0
passaic,prospect-park,plumbing,10,0,0
passaic,prospect-park,electrical,9,0,1
passaic,prospect-park,hvac,11,0,0
passaic,prospect-park,roofing,12,0,0
passaic,prospect-park,house-cleaning,9,0,1
passaic,prospect-park,gutters,9,0,1
passaic,prospect-park,pest-control,8,0,2
passaic,prospect-park,junk-removal,8,0,2
passaic,prospect-park,tree-services,8,0,2
passaic,prospect-park,appliance-repair,8,0,2
passaic,ringwood,handyman,8,0,2
passaic,ringwood,masonry,13,0,0
passaic,ringwood,landscaping,10,0,0
passaic,ringwood,painting,13,0,0
passaic,ringwood,drywall,10,0,0
passaic,ringwood,tile,11,0,0
passaic,ringwood,plumbing,10,0,0
passaic,ringwood,electrical,9,0,1
passaic,ringwood,hvac,11,0,0
passaic,ringwood,roofing,12,0,0
passaic,ringwood,house-cleaning,9,0,1
passaic,ringwood,gutters,9,0,1
passaic,ringwood,pest-control,8,0,2
passaic,ringwood,junk-removal,8,0,2
passaic,ringwood,tree-services,8,0,2
passaic,ringwood,appliance-repair,8,0,2
passaic,totowa,handyman,8,0,2
passaic,totowa,masonry,13,0,0
passaic,totowa,landscaping,10,0,0
passaic,totowa,painting,13,0,0
passaic,totowa,drywall,10,0,0
passaic,totowa,tile,11,0,0
passaic,totowa,plumbing,10,0,0
passaic,totowa,electrical,9,0,1
passaic,totowa,hvac,11,0,0
passaic,totowa,roofing,12,0,0
passaic,totowa,house-cleaning,9,0,1
passaic,totowa,gutters,9,0,1
passaic,totowa,pest-control,8,0,2
passaic,totowa,junk-removal,8,0,2
passaic,totowa,tree-services,8,0,2
passaic,totowa,appliance-repair,8,0,2
passaic,wanaque,handyman,8,0,2
passaic,wanaque,masonry,13,0,0
passaic,wanaque,landscaping,10,0,0
passaic,wanaque,painting,13,0,0
passaic,wanaque,drywall,10,0,0
passaic,wanaque,tile,11,0,0
passaic,wanaque,plumbing,10,0,0
passaic,wanaque,electrical,9,0,1
passaic,wanaque,hvac,11,0,0
passaic,wanaque,roofing,12,0,0
passaic,wanaque,house-cleaning,9,0,1
passaic,wanaque,gutters,9,0,1
passaic,wanaque,pest-control,8,0,2
passaic,wanaque,junk-removal,8,0,2
passaic,wanaque,tree-services,8,0,2
passaic,wanaque,appliance-repair,8,0,2
passaic,wayne,handyman,9,0,1
passaic,wayne,masonry,13,0,0
passaic,wayne,landscaping,10,0,0
passaic,wayne,painting,14,0,0
passaic,wayne,drywall,10,0,0
passaic,wayne,tile,11,0,0
passaic,wayne,plumbing,10,0,0
passaic,wayne,electrical,9,0,1
passaic,wayne,hvac,11,0,0
passaic,wayne,roofing,12,0,0
passaic,wayne,house-cleaning,9,0,1
passaic,wayne,gutters,9,0,1
passaic,wayne,pest-control,8,0,2
passaic,wayne,junk-removal,8,0,2
passaic,wayne,tree-services,8,0,2
passaic,wayne,appliance-repair,8,0,2
passaic,west-milford,handyman,8,0,2
passaic,west-milford,masonry,13,0,0
passaic,west-milford,landscaping,10,0,0
passaic,west-milford,painting,13,0,0
passaic,west-milford,drywall,10,0,0
passaic,west-milford,tile,11,0,0
passaic,west-milford,plumbing,10,0,0
passaic,west-milford,electrical,9,0,1
passaic,west-milford,hvac,11,0,0
passaic,west-milford,roofing,12,0,0
passaic,west-milford,house-cleaning,9,0,1
passaic,west-milford,gutters,9,0,1
passaic,west-milford,pest-control,8,0,2
passaic,west-milford,junk-removal,8,0,2
passaic,west-milford,tree-services,8,0,2
passaic,west-milford,appliance-repair,8,0,2
passaic,woodland-park,handyman,8,0,2
passaic,woodland-park,masonry,13,0,0
passaic,woodland-park,landscaping,10,0,0
passaic,woodland-park,painting,13,0,0
passaic,woodland-park,drywall,10,0,0
passaic,woodland-park,tile,11,0,0
passaic,woodland-park,plumbing,10,0,0
passaic,woodland-park,electrical,9,0,1
passaic,woodland-park,hvac,11,0,0
passaic,woodland-park,roofing,12,0,0
passaic,woodland-park,house-cleaning,9,0,1
passaic,woodland-park,gutters,9,0,1
passaic,woodland-park,pest-control,8,0,2
passaic,woodland-park,junk-removal,8,0,2
passaic,woodland-park,tree-services,8,0,2
passaic,woodland-park,appliance-repair,8,0,2
sussex,andover-borough,handyman,10,0,0
sussex,andover-borough,masonry,15,0,0
sussex,andover-borough,landscaping,11,0,0
sussex,andover-borough,painting,13,0,0
sussex,andover-borough,drywall,10,0,0
sussex,andover-borough,tile,13,0,0
sussex,andover-borough,plumbing,10,0,0
sussex,andover-borough,electrical,9,0,1
sussex,andover-borough,hvac,10,0,0
sussex,andover-borough,roofing,12,0,0
sussex,andover-borough,house-cleaning,8,0,2
sussex,andover-borough,gutters,9,0,1
sussex,andover-borough,pest-control,10,0,0
sussex,andover-borough,junk-removal,8,0,2
sussex,andover-borough,tree-services,8,0,2
sussex,andover-borough,appliance-repair,10,0,0
sussex,andover-township,handyman,10,0,0
sussex,andover-township,masonry,15,0,0
sussex,andover-township,landscaping,11,0,0
sussex,andover-township,painting,13,0,0
sussex,andover-township,drywall,10,0,0
sussex,andover-township,tile,13,0,0
sussex,andover-township,plumbing,10,0,0
sussex,andover-township,electrical,9,0,1
sussex,andover-township,hvac,10,0,0
sussex,andover-township,roofing,12,0,0
sussex,andover-township,house-cleaning,8,0,2
sussex,andover-township,gutters,9,0,1
sussex,andover-township,pest-control,10,0,0
sussex,andover-township,junk-removal,8,0,2
sussex,andover-township,tree-services,8,0,2
sussex,andover-township,appliance-repair,10,0,0
sussex,branchville,handyman,10,0,0
sussex,branchville,masonry,15,0,0
sussex,branchville,landscaping,11,0,0
sussex,branchville,painting,13,0,0
sussex,branchville,drywall,10,0,0
sussex,branchville,tile,13,0,0
sussex,branchville,plumbing,10,0,0
sussex,branchville,electrical,9,0,1
sussex,branchville,hvac,10,0,0
sussex,branchville,roofing,12,0,0
sussex,branchville,house-cleaning,8,0,2
sussex,branchville,gutters,9,0,1
sussex,branchville,pest-control,10,0,0
sussex,branchville,junk-removal,8,0,2
sussex,branchville,tree-services,8,0,2
sussex,branchville,appliance-repair,10,0,0
sussex,byram,handyman,10,0,0
sussex,byram,masonry,15,0,0
sussex,byram,landscaping,11,0,0
sussex,byram,painting,13,0,0
sussex,byram,drywall,10,0,0
sussex,byram,tile,13,0,0
sussex,byram,plumbing,10,0,0
sussex,byram,electrical,9,0,1
sussex,byram,hvac,10,0,0
sussex,byram,roofing,12,0,0
sussex,byram,house-cleaning,8,0,2
sussex,byram,gutters,9,0,1
sussex,byram,pest-control,10,0,0
sussex,byram,junk-removal,8,0,2
sussex,byram,tree-services,8,0,2
sussex,byram,appliance-repair,10,0,0
sussex,frankford,handyman,10,0,0
sussex,frankford,masonry,15,0,0
sussex,frankford,landscaping,11,0,0
sussex,frankford,painting,13,0,0
sussex,frankford,drywall,10,0,0
sussex,frankford,tile,13,0,0
sussex,frankford,plumbing,10,0,0
sussex,frankford,electrical,9,0,1
sussex,frankford,hvac,10,0,0
sussex,frankford,roofing,12,0,0
sussex,frankford,house-cleaning,8,0,2
sussex,frankford,gutters,9,0,1
sussex,frankford,pest-control,10,0,0
sussex,frankford,junk-removal,8,0,2
sussex,frankford,tree-services,8,0,2
sussex,frankford,appliance-repair,10,0,0
sussex,franklin-borough,handyman,10,0,0
sussex,franklin-borough,masonry,15,0,0
sussex,franklin-borough,landscaping,11,0,0
sussex,franklin-borough,painting,13,0,0
sussex,franklin-borough,drywall,10,0,0
sussex,franklin-borough,tile,13,0,0
sussex,franklin-borough,plumbing,10,0,0
sussex,franklin-borough,electrical,9,0,1
sussex,franklin-borough,hvac,10,0,0
sussex,franklin-borough,roofing,12,0,0
sussex,franklin-borough,house-cleaning,8,0,2
sussex,franklin-borough,gutters,9,0,1
sussex,franklin-borough,pest-control,10,0,0
sussex,franklin-borough,junk-removal,8,0,2
sussex,franklin-borough,tree-services,8,0,2
sussex,franklin-borough,appliance-repair,10,0,0
sussex,fredon,handyman,10,0,0
sussex,fredon,masonry,15,0,0
sussex,fredon,landscaping,11,0,0
sussex,fredon,painting,13,0,0
sussex,fredon,drywall,10,0,0
sussex,fredon,tile,13,0,0
sussex,fredon,plumbing,10,0,0
sussex,fredon,electrical,9,0,1
sussex,fredon,hvac,10,0,0
sussex,fredon,roofing,12,0,0
sussex,fredon,house-cleaning,8,0,2
sussex,fredon,gutters,9,0,1
sussex,fredon,pest-control,10,0,0
sussex,fredon,junk-removal,8,0,2
sussex,fredon,tree-services,8,0,2
sussex,fredon,appliance-repair,10,0,0
sussex,green-township,handyman,10,0,0
sussex,green-township,masonry,15,0,0
sussex,green-township,landscaping,11,0,0
sussex,green-township,painting,13,0,0
sussex,green-township,drywall,10,0,0
sussex,green-township,tile,13,0,0
sussex,green-township,plumbing,10,0,0
sussex,green-township,electrical,9,0,1
sussex,green-township,hvac,10,0,0
sussex,green-township,roofing,12,0,0
sussex,green-township,house-cleaning,8,0,2
sussex,green-township,gutters,9,0,1
sussex,green-township,pest-control,10,0,0
sussex,green-township,junk-removal,8,0,2
sussex,green-township,tree-services,8,0,2
sussex,green-township,appliance-repair,10,0,0
sussex,hamburg,handyman,10,0,0
sussex,hamburg,masonry,15,0,0
sussex,hamburg,landscaping,11,0,0
sussex,hamburg,painting,13,0,0
sussex,hamburg,drywall,10,0,0
sussex,hamburg,tile,13,0,0
sussex,hamburg,plumbing,10,0,0
sussex,hamburg,electrical,9,0,1
sussex,hamburg,hvac,10,0,0
sussex,hamburg,roofing,12,0,0
sussex,hamburg,house-cleaning,8,0,2
sussex,hamburg,gutters,9,0,1
sussex,hamburg,pest-control,10,0,0
sussex,hamburg,junk-removal,8,0,2
sussex,hamburg,tree-services,8,0,2
sussex,hamburg,appliance-repair,10,0,0
sussex,hampton-township,handyman,10,0,0
sussex,hampton-township,masonry,15,0,0
sussex,hampton-township,landscaping,11,0,0
sussex,hampton-township,painting,13,0,0
sussex,hampton-township,drywall,10,0,0
sussex,hampton-township,tile,13,0,0
sussex,hampton-township,plumbing,10,0,0
sussex,hampton-township,electrical,9,0,1
sussex,hampton-township,hvac,10,0,0
sussex,hampton-township,roofing,12,0,0
sussex,hampton-township,house-cleaning,8,0,2
sussex,hampton-township,gutters,9,0,1
sussex,hampton-township,pest-control,10,0,0
sussex,hampton-township,junk-removal,8,0,2
sussex,hampton-township,tree-services,8,0,2
sussex,hampton-township,appliance-repair,10,0,0
sussex,hardyston,handyman,10,0,0
sussex,hardyston,masonry,15,0,0
sussex,hardyston,landscaping,11,0,0
sussex,hardyston,painting,13,0,0
sussex,hardyston,drywall,10,0,0
sussex,hardyston,tile,13,0,0
sussex,hardyston,plumbing,10,0,0
sussex,hardyston,electrical,9,0,1
sussex,hardyston,hvac,10,0,0
sussex,hardyston,roofing,12,0,0
sussex,hardyston,house-cleaning,8,0,2
sussex,hardyston,gutters,9,0,1
sussex,hardyston,pest-control,10,0,0
sussex,hardyston,junk-removal,8,0,2
sussex,hardyston,tree-services,8,0,2
sussex,hardyston,appliance-repair,10,0,0
sussex,hopatcong,handyman,10,0,0
sussex,hopatcong,masonry,15,0,0
sussex,hopatcong,landscaping,11,0,0
sussex,hopatcong,painting,13,0,0
sussex,hopatcong,drywall,10,0,0
sussex,hopatcong,tile,13,0,0
sussex,hopatcong,plumbing,10,0,0
sussex,hopatcong,electrical,9,0,1
sussex,hopatcong,hvac,10,0,0
sussex,hopatcong,roofing,12,0,0
sussex,hopatcong,house-cleaning,8,0,2
sussex,hopatcong,gutters,9,0,1
sussex,hopatcong,pest-control,10,0,0
sussex,hopatcong,junk-removal,8,0,2
sussex,hopatcong,tree-services,8,0,2
sussex,hopatcong,appliance-repair,10,0,0
sussex,lafayette,handyman,10,0,0
sussex,lafayette,masonry,15,0,0
sussex,lafayette,landscaping,11,0,0
sussex,lafayette,painting,13,0,0
sussex,lafayette,drywall,10,0,0
sussex,lafayette,tile,13,0,0
sussex,lafayette,plumbing,10,0,0
sussex,lafayette,electrical,9,0,1
sussex,lafayette,hvac,10,0,0
sussex,lafayette,roofing,12,0,0
sussex,lafayette,house-cleaning,8,0,2
sussex,lafayette,gutters,9,0,1
sussex,lafayette,pest-control,10,0,0
sussex,lafayette,junk-removal,8,0,2
sussex,lafayette,tree-services,8,0,2
sussex,lafayette,appliance-repair,10,0,0
sussex,montague,handyman,10,0,0
sussex,montague,masonry,15,0,0
sussex,montague,landscaping,11,0,0
sussex,montague,painting,13,0,0
sussex,montague,drywall,10,0,0
sussex,montague,tile,13,0,0
sussex,montague,plumbing,10,0,0
sussex,montague,electrical,9,0,1
sussex,montague,hvac,10,0,0
sussex,montague,roofing,12,0,0
sussex,montague,house-cleaning,8,0,2
sussex,montague,gutters,9,0,1
sussex,montague,pest-control,10,0,0
sussex,montague,junk-removal,8,0,2
sussex,montague,tree-services,8,0,2
sussex,montague,appliance-repair,10,0,0
sussex,newton,handyman,10,0,0
sussex,newton,masonry,15,0,0
sussex,newton,landscaping,11,0,0
sussex,newton,painting,13,0,0
sussex,newton,drywall,10,0,0
sussex,newton,tile,13,0,0
sussex,newton,plumbing,10,0,0
sussex,newton,electrical,9,0,1
sussex,newton,hvac,10,0,0
sussex,newton,roofing,12,0,0
sussex,newton,house-cleaning,8,0,2
sussex,newton,gutters,9,0,1
sussex,newton,pest-control,10,0,0
sussex,newton,junk-removal,8,0,2
sussex,newton,tree-services,8,0,2
sussex,newton,appliance-repair,10,0,0
sussex,ogdensburg,handyman,10,0,0
sussex,ogdensburg,masonry,15,0,0
sussex,ogdensburg,landscaping,11,0,0
sussex,ogdensburg,painting,13,0,0
sussex,ogdensburg,drywall,10,0,0
sussex,ogdensburg,tile,13,0,0
sussex,ogdensburg,plumbing,10,0,0
sussex,ogdensburg,electrical,9,0,1
sussex,ogdensburg,hvac,10,0,0
sussex,ogdensburg,roofing,12,0,0
sussex,ogdensburg,house-cleaning,8,0,2
sussex,ogdensburg,gutters,9,0,1
sussex,ogdensburg,pest-control,10,0,0
sussex,ogdensburg,junk-removal,8,0,2
sussex,ogdensburg,tree-services,8,0,2
sussex,ogdensburg,appliance-repair,10,0,0
sussex,sandyston,handyman,10,0,0
sussex,sandyston,masonry,15,0,0
sussex,sandyston,landscaping,11,0,0
sussex,sandyston,painting,13,0,0
sussex,sandyston,drywall,10,0,0
sussex,sandyston,tile,13,0,0
sussex,sandyston,plumbing,10,0,0
sussex,sandyston,electrical,9,0,1
sussex,sandyston,hvac,10,0,0
sussex,sandyston,roofing,12,0,0
sussex,sandyston,house-cleaning,8,0,2
sussex,sandyston,gutters,9,0,1
sussex,sandyston,pest-control,10,0,0
sussex,sandyston,junk-removal,8,0,2
sussex,sandyston,tree-services,8,0,2
sussex,sandyston,appliance-repair,10,0,0
sussex,sparta,handyman,10,0,0
sussex,sparta,masonry,15,0,0
sussex,sparta,landscaping,11,0,0
sussex,sparta,painting,13,0,0
sussex,sparta,drywall,10,0,0
sussex,sparta,tile,13,0,0
sussex,sparta,plumbing,10,0,0
sussex,sparta,electrical,9,0,1
sussex,sparta,hvac,10,0,0
sussex,sparta,roofing,12,0,0
sussex,sparta,house-cleaning,8,0,2
sussex,sparta,gutters,9,0,1
sussex,sparta,pest-control,10,0,0
sussex,sparta,junk-removal,8,0,2
sussex,sparta,tree-services,8,0,2
sussex,sparta,appliance-repair,10,0,0
sussex,stanhope,handyman,10,0,0
sussex,stanhope,masonry,15,0,0
sussex,stanhope,landscaping,11,0,0
sussex,stanhope,painting,13,0,0
sussex,stanhope,drywall,10,0,0
sussex,stanhope,tile,13,0,0
sussex,stanhope,plumbing,10,0,0
sussex,stanhope,electrical,9,0,1
sussex,stanhope,hvac,10,0,0
sussex,stanhope,roofing,12,0,0
sussex,stanhope,house-cleaning,8,0,2
sussex,stanhope,gutters,9,0,1
sussex,stanhope,pest-control,10,0,0
sussex,stanhope,junk-removal,8,0,2
sussex,stanhope,tree-services,8,0,2
sussex,stanhope,appliance-repair,10,0,0
sussex,stillwater,handyman,10,0,0
sussex,stillwater,masonry,15,0,0
sussex,stillwater,landscaping,11,0,0
sussex,stillwater,painting,13,0,0
sussex,stillwater,drywall,10,0,0
sussex,stillwater,tile,13,0,0
sussex,stillwater,plumbing,10,0,0
sussex,stillwater,electrical,9,0,1
sussex,stillwater,hvac,10,0,0
sussex,stillwater,roofing,12,0,0
sussex,stillwater,house-cleaning,8,0,2
sussex,stillwater,gutters,9,0,1
sussex,stillwater,pest-control,10,0,0
sussex,stillwater,junk-removal,8,0,2
sussex,stillwater,tree-services,8,0,2
sussex,stillwater,appliance-repair,10,0,0
sussex,sussex,handyman,10,0,0
sussex,sussex,masonry,15,0,0
sussex,sussex,landscaping,11,0,0
sussex,sussex,painting,13,0,0
sussex,sussex,drywall,10,0,0
sussex,sussex,tile,13,0,0
sussex,sussex,plumbing,10,0,0
sussex,sussex,electrical,9,0,1
sussex,sussex,hvac,10,0,0
sussex,sussex,roofing,12,0,0
sussex,sussex,house-cleaning,8,0,2
sussex,sussex,gutters,9,0,1
sussex,sussex,pest-control,10,0,0
sussex,sussex,junk-removal,8,0,2
sussex,sussex,tree-services,8,0,2
sussex,sussex,appliance-repair,10,0,0
sussex,vernon,handyman,10,0,0
sussex,vernon,masonry,15,0,0
sussex,vernon,landscaping,11,0,0
sussex,vernon,painting,13,0,0
sussex,vernon,drywall,10,0,0
sussex,vernon,tile,13,0,0
sussex,vernon,plumbing,10,0,0
sussex,vernon,electrical,9,0,1
sussex,vernon,hvac,10,0,0
sussex,vernon,roofing,12,0,0
sussex,vernon,house-cleaning,8,0,2
sussex,vernon,gutters,9,0,1
sussex,vernon,pest-control,10,0,0
sussex,vernon,junk-removal,8,0,2
sussex,vernon,tree-services,8,0,2
sussex,vernon,appliance-repair,10,0,0
sussex,walpack,handyman,10,0,0
sussex,walpack,masonry,15,0,0
sussex,walpack,landscaping,11,0,0
sussex,walpack,painting,13,0,0
sussex,walpack,drywall,10,0,0
sussex,walpack,tile,13,0,0
sussex,walpack,plumbing,10,0,0
sussex,walpack,electrical,9,0,1
sussex,walpack,hvac,10,0,0
sussex,walpack,roofing,12,0,0
sussex,walpack,house-cleaning,8,0,2
sussex,walpack,gutters,9,0,1
sussex,walpack,pest-control,10,0,0
sussex,walpack,junk-removal,8,0,2
sussex,walpack,tree-services,8,0,2
sussex,walpack,appliance-repair,10,0,0
sussex,wantage,handyman,10,0,0
sussex,wantage,masonry,15,0,0
sussex,wantage,landscaping,11,0,0
sussex,wantage,painting,13,0,0
sussex,wantage,drywall,10,0,0
sussex,wantage,tile,13,0,0
sussex,wantage,plumbing,10,0,0
sussex,wantage,electrical,9,0,1
sussex,wantage,hvac,10,0,0
sussex,wantage,roofing,12,0,0
sussex,wantage,house-cleaning,8,0,2
sussex,wantage,gutters,9,0,1
sussex,wantage,pest-control,10,0,0
sussex,wantage,junk-removal,8,0,2
sussex,wantage,tree-services,8,0,2
sussex,wantage,appliance-repair,10,0,0
union,berkeley-heights,handyman,8,0,2
union,berkeley-heights,masonry,11,0,0
union,berkeley-heights,landscaping,10,0,0
union,berkeley-heights,painting,11,0,0
union,berkeley-heights,drywall,10,0,0
union,berkeley-heights,tile,10,0,0
union,berkeley-heights,plumbing,9,0,1
union,berkeley-heights,electrical,9,0,1
union,berkeley-heights,hvac,10,0,0
union,berkeley-heights,roofing,13,0,0
union,berkeley-heights,house-cleaning,9,0,1
union,berkeley-heights,gutters,10,0,0
union,berkeley-heights,pest-control,8,0,2
union,berkeley-heights,junk-removal,8,0,2
union,berkeley-heights,tree-services,8,0,2
union,berkeley-heights,appliance-repair,9,0,1
union,clark,handyman,8,0,2
union,clark,masonry,11,0,0
union,clark,landscaping,10,0,0
union,clark,painting,11,0,0
union,clark,drywall,10,0,0
union,clark,tile,10,0,0
union,clark,plumbing,9,0,1
union,clark,electrical,9,0,1
union,clark,hvac,10,0,0
union,clark,roofing,13,0,0
union,clark,house-cleaning,9,0,1
union,clark,gutters,10,0,0
union,clark,pest-control,8,0,2
union,clark,junk-removal,8,0,2
union,clark,tree-services,8,0,2
union,clark,appliance-repair,9,0,1
union,cranford,handyman,8,0,2
union,cranford,masonry,11,0,0
union,cranford,landscaping,10,0,0
union,cranford,painting,11,0,0
union,cranford,drywall,10,0,0
union,cranford,tile,10,0,0
union,cranford,plumbing,9,0,1
union,cranford,electrical,9,0,1
union,cranford,hvac,10,0,0
union,cranford,roofing,13,0,0
union,cranford,house-cleaning,9,0,1
union,cranford,gutters,10,0,0
union,cranford,pest-control,8,0,2
union,cranford,junk-removal,8,0,2
union,cranford,tree-services,8,0,2
union,cranford,appliance-repair,9,0,1
union,elizabeth,handyman,8,0,2
union,elizabeth,masonry,11,0,0
union,elizabeth,landscaping,10,0,0
union,elizabeth,painting,11,0,0
union,elizabeth,drywall,10,0,0
union,elizabeth,tile,10,0,0
union,elizabeth,plumbing,9,0,1
union,elizabeth,electrical,9,0,1
union,elizabeth,hvac,10,0,0
union,elizabeth,roofing,13,0,0
union,elizabeth,house-cleaning,9,0,1
union,elizabeth,gutters,10,0,0
union,elizabeth,pest-control,8,0,2
union,elizabeth,junk-removal,8,0,2
union,elizabeth,tree-services,8,0,2
union,elizabeth,appliance-repair,9,0,1
union,fanwood,handyman,8,0,2
union,fanwood,masonry,11,0,0
union,fanwood,landscaping,10,0,0
union,fanwood,painting,11,0,0
union,fanwood,drywall,10,0,0
union,fanwood,tile,10,0,0
union,fanwood,plumbing,9,0,1
union,fanwood,electrical,9,0,1
union,fanwood,hvac,10,0,0
union,fanwood,roofing,13,0,0
union,fanwood,house-cleaning,9,0,1
union,fanwood,gutters,10,0,0
union,fanwood,pest-control,8,0,2
union,fanwood,junk-removal,8,0,2
union,fanwood,tree-services,8,0,2
union,fanwood,appliance-repair,9,0,1
union,garwood,handyman,8,0,2
union,garwood,masonry,11,0,0
union,garwood,landscaping,10,0,0
union,garwood,painting,11,0,0
union,garwood,drywall,10,0,0
union,garwood,tile,10,0,0
union,garwood,plumbing,9,0,1
union,garwood,electrical,9,0,1
union,garwood,hvac,10,0,0
union,garwood,roofing,13,0,0
union,garwood,house-cleaning,9,0,1
union,garwood,gutters,10,0,0
union,garwood,pest-control,8,0,2
union,garwood,junk-removal,8,0,2
union,garwood,tree-services,8,0,2
union,garwood,appliance-repair,9,0,1
union,hillside,handyman,8,0,2
union,hillside,masonry,11,0,0
union,hillside,landscaping,10,0,0
union,hillside,painting,11,0,0
union,hillside,drywall,10,0,0
union,hillside,tile,10,0,0
union,hillside,plumbing,9,0,1
union,hillside,electrical,9,0,1
union,hillside,hvac,10,0,0
union,hillside,roofing,13,0,0
union,hillside,house-cleaning,9,0,1
union,hillside,gutters,10,0,0
union,hillside,pest-control,8,0,2
union,hillside,junk-removal,8,0,2
union,hillside,tree-services,8,0,2
union,hillside,appliance-repair,9,0,1
union,kenilworth,handyman,8,0,2
union,kenilworth,masonry,11,0,0
union,kenilworth,landscaping,10,0,0
union,kenilworth,painting,11,0,0
union,kenilworth,drywall,10,0,0
union,kenilworth,tile,10,0,0
union,kenilworth,plumbing,9,0,1
union,kenilworth,electrical,9,0,1
union,kenilworth,hvac,10,0,0
union,kenilworth,roofing,13,0,0
union,kenilworth,house-cleaning,9,0,1
union,kenilworth,gutters,10,0,0
union,kenilworth,pest-control,8,0,2
union,kenilworth,junk-removal,8,0,2
union,kenilworth,tree-services,8,0,2
union,kenilworth,appliance-repair,9,0,1
union,linden,handyman,9,0,1
union,linden,masonry,11,0,0
union,linden,landscaping,10,0,0
union,linden,painting,12,0,0
union,linden,drywall,10,0,0
union,linden,tile,10,0,0
union,linden,plumbing,9,0,1
union,linden,electrical,9,0,1
union,linden,hvac,10,0,0
union,linden,roofing,13,0,0
union,linden,house-cleaning,9,0,1
union,linden,gutters,10,0,0
union,linden,pest-control,8,0,2
union,linden,junk-removal,8,0,2
union,linden,tree-services,8,0,2
union,linden,appliance-repair,9,0,1
union,mountainside,handyman,8,0,2
union,mountainside,masonry,11,0,0
union,mountainside,landscaping,10,0,0
union,mountainside,painting,11,0,0
union,mountainside,drywall,10,0,0
union,mountainside,tile,10,0,0
union,mountainside,plumbing,9,0,1
union,mountainside,electrical,9,0,1
union,mountainside,hvac,10,0,0
union,mountainside,roofing,13,0,0
union,mountainside,house-cleaning,9,0,1
union,mountainside,gutters,10,0,0
union,mountainside,pest-control,8,0,2
union,mountainside,junk-removal,8,0,2
union,mountainside,tree-services,8,0,2
union,mountainside,appliance-repair,9,0,1
union,new-providence,handyman,8,0,2
union,new-providence,masonry,11,0,0
union,new-providence,landscaping,10,0,0
union,new-providence,painting,11,0,0
union,new-providence,drywall,10,0,0
union,new-providence,tile,10,0,0
union,new-providence,plumbing,9,0,1
union,new-providence,electrical,9,0,1
union,new-providence,hvac,10,0,0
union,new-providence,roofing,13,0,0
union,new-providence,house-cleaning,9,0,1
union,new-providence,gutters,10,0,0
union,new-providence,pest-control,8,0,2
union,new-providence,junk-removal,8,0,2
union,new-providence,tree-services,8,0,2
union,new-providence,appliance-repair,9,0,1
union,plainfield,handyman,8,0,2
union,plainfield,masonry,11,0,0
union,plainfield,landscaping,10,0,0
union,plainfield,painting,11,0,0
union,plainfield,drywall,10,0,0
union,plainfield,tile,10,0,0
union,plainfield,plumbing,9,0,1
union,plainfield,electrical,9,0,1
union,plainfield,hvac,10,0,0
union,plainfield,roofing,13,0,0
union,plainfield,house-cleaning,9,0,1
union,plainfield,gutters,10,0,0
union,plainfield,pest-control,8,0,2
union,plainfield,junk-removal,8,0,2
union,plainfield,tree-services,8,0,2
union,plainfield,appliance-repair,9,0,1
union,rahway,handyman,8,0,2
union,rahway,masonry,11,0,0
union,rahway,landscaping,10,0,0
union,rahway,painting,11,0,0
union,rahway,drywall,10,0,0
union,rahway,tile,10,0,0
union,rahway,plumbing,9,0,1
union,rahway,electrical,9,0,1
union,rahway,hvac,10,0,0
union,rahway,roofing,13,0,0
union,rahway,house-cleaning,9,0,1
union,rahway,gutters,10,0,0
union,rahway,pest-control,8,0,2
union,rahway,junk-removal,8,0,2
union,rahway,tree-services,8,0,2
union,rahway,appliance-repair,9,0,1
union,roselle,handyman,8,0,2
union,roselle,masonry,11,0,0
union,roselle,landscaping,10,0,0
union,roselle,painting,11,0,0
union,roselle,drywall,10,0,0
union,roselle,tile,10,0,0
union,roselle,plumbing,9,0,1
union,roselle,electrical,9,0,1
union,roselle,hvac,10,0,0
union,roselle,roofing,13,0,0
union,roselle,house-cleaning,9,0,1
union,roselle,gutters,10,0,0
union,roselle,pest-control,8,0,2
union,roselle,junk-removal,8,0,2
union,roselle,tree-services,8,0,2
union,roselle,appliance-repair,9,0,1
union,roselle-park,handyman,8,0,2
union,roselle-park,masonry,11,0,0
union,roselle-park,landscaping,10,0,0
union,roselle-park,painting,11,0,0
union,roselle-park,drywall,10,0,0
union,roselle-park,tile,10,0,0
union,roselle-park,plumbing,9,0,1
union,roselle-park,electrical,9,0,1
union,roselle-park,hvac,10,0,0
union,roselle-park,roofing,13,0,0
union,roselle-park,house-cleaning,9,0,1
union,roselle-park,gutters,10,0,0
union,roselle-park,pest-control,8,0,2
union,roselle-park,junk-removal,8,0,2
union,roselle-park,tree-services,8,0,2
union,roselle-park,appliance-repair,9,0,1
union,scotch-plains,handyman,8,0,2
union,scotch-plains,masonry,11,0,0
union,scotch-plains,landscaping,10,0,0
union,scotch-plains,painting,11,0,0
union,scotch-plains,drywall,10,0,0
union,scotch-plains,tile,10,0,0
union,scotch-plains,plumbing,9,0,1
union,scotch-plains,electrical,9,0,1
union,scotch-plains,hvac,10,0,0
union,scotch-plains,roofing,13,0,0
union,scotch-plains,house-cleaning,9,0,1
union,scotch-plains,gutters,10,0,0
union,scotch-plains,pest-control,8,0,2
union,scotch-plains,junk-removal,8,0,2
union,scotch-plains,tree-services,8,0,2
union,scotch-plains,appliance-repair,9,0,1
union,springfield,handyman,8,0,2
union,springfield,masonry,11,0,0
union,springfield,landscaping,10,0,0
union,springfield,painting,11,0,0
union,springfield,drywall,10,0,0
union,springfield,tile,10,0,0
union,springfield,plumbing,9,0,1
union,springfield,electrical,9,0,1
union,springfield,hvac,10,0,0
union,springfield,roofing,13,0,0
union,springfield,house-cleaning,9,0,1
union,springfield,gutters,10,0,0
union,springfield,pest-control,8,0,2
union,springfield,junk-removal,8,0,2
union,springfield,tree-services,8,0,2
union,springfield,appliance-repair,9,0,1
union,union-township,handyman,8,0,2
union,union-township,masonry,11,0,0
union,union-township,landscaping,10,0,0
union,union-township,painting,11,0,0
union,union-township,drywall,10,0,0
union,union-township,tile,10,0,0
union,union-township,plumbing,9,0,1
union,union-township,electrical,9,0,1
union,union-township,hvac,10,0,0
union,union-township,roofing,13,0,0
union,union-township,house-cleaning,9,0,1
union,union-township,gutters,10,0,0
union,union-township,pest-control,8,0,2
union,union-township,junk-removal,8,0,2
union,union-township,tree-services,8,0,2
union,union-township,appliance-repair,9,0,1
union,westfield,handyman,8,0,2
union,westfield,masonry,11,0,0
union,westfield,landscaping,10,0,0
union,westfield,painting,11,0,0
union,westfield,drywall,10,0,0
union,westfield,tile,10,0,0
union,westfield,plumbing,9,0,1
union,westfield,electrical,9,0,1
union,westfield,hvac,10,0,0
union,westfield,roofing,13,0,0
union,westfield,house-cleaning,9,0,1
union,westfield,gutters,10,0,0
union,westfield,pest-control,8,0,2
union,westfield,junk-removal,8,0,2
union,westfield,tree-services,8,0,2
union,westfield,appliance-repair,9,0,1
union,winfield,handyman,8,0,2
union,winfield,masonry,11,0,0
union,winfield,landscaping,10,0,0
union,winfield,painting,11,0,0
union,winfield,drywall,10,0,0
union,winfield,tile,10,0,0
union,winfield,plumbing,9,0,1
union,winfield,electrical,9,0,1
union,winfield,hvac,10,0,0
union,winfield,roofing,13,0,0
union,winfield,house-cleaning,9,0,1
union,winfield,gutters,10,0,0
union,winfield,pest-control,8,0,2
union,winfield,junk-removal,8,0,2
union,winfield,tree-services,8,0,2
union,winfield,appliance-repair,9,0,1
warren,allamuchy,handyman,10,0,0
warren,allamuchy,masonry,13,0,0
warren,allamuchy,landscaping,11,0,0
warren,allamuchy,painting,12,0,0
warren,allamuchy,drywall,9,0,1
warren,allamuchy,tile,12,0,0
warren,allamuchy,plumbing,9,0,1
warren,allamuchy,electrical,9,0,1
warren,allamuchy,hvac,9,0,1
warren,allamuchy,roofing,12,0,0
warren,allamuchy,house-cleaning,8,0,2
warren,allamuchy,gutters,9,0,1
warren,allamuchy,pest-control,11,0,0
warren,allamuchy,junk-removal,8,0,2
warren,allamuchy,tree-services,8,0,2
warren,allamuchy,appliance-repair,9,0,1
warren,alpha,handyman,10,0,0
warren,alpha,masonry,13,0,0
warren,alpha,landscaping,11,0,0
warren,alpha,painting,12,0,0
warren,alpha,drywall,9,0,1
warren,alpha,tile,12,0,0
warren,alpha,plumbing,9,0,1
warren,alpha,electrical,9,0,1
warren,alpha,hvac,9,0,1
warren,alpha,roofing,12,0,0
warren,alpha,house-cleaning,8,0,2
warren,alpha,gutters,9,0,1
warren,alpha,pest-control,11,0,0
warren,alpha,junk-removal,8,0,2
warren,alpha,tree-services,8,0,2
warren,alpha,appliance-repair,9,0,1
warren,belvidere,handyman,10,0,0
warren,belvidere,masonry,13,0,0
warren,belvidere,landscaping,11,0,0
warren,belvidere,painting,12,0,0
warren,belvidere,drywall,9,0,1
warren,belvidere,tile,12,0,0
warren,belvidere,plumbing,9,0,1
warren,belvidere,electrical,9,0,1
warren,belvidere,hvac,9,0,1
warren,belvidere,roofing,12,0,0
warren,belvidere,house-cleaning,8,0,2
warren,belvidere,gutters,9,0,1
warren,belvidere,pest-control,11,0,0
warren,belvidere,junk-removal,8,0,2
warren,belvidere,tree-services,8,0,2
warren,belvidere,appliance-repair,9,0,1
warren,blairstown,handyman,10,0,0
warren,blairstown,masonry,13,0,0
warren,blairstown,landscaping,11,0,0
warren,blairstown,painting,12,0,0
warren,blairstown,drywall,9,0,1
warren,blairstown,tile,12,0,0
warren,blairstown,plumbing,9,0,1
warren,blairstown,electrical,9,0,1
warren,blairstown,hvac,9,0,1
warren,blairstown,roofing,12,0,0
warren,blairstown,house-cleaning,8,0,2
warren,blairstown,gutters,9,0,1
warren,blairstown,pest-control,11,0,0
warren,blairstown,junk-removal,8,0,2
warren,blairstown,tree-services,8,0,2
warren,blairstown,appliance-repair,9,0,1
warren,franklin-township,handyman,10,0,0
warren,franklin-township,masonry,13,0,0
warren,franklin-township,landscaping,11,0,0
warren,franklin-township,painting,12,0,0
warren,franklin-township,drywall,9,0,1
warren,franklin-township,tile,12,0,0
warren,franklin-township,plumbing,9,0,1
warren,franklin-township,electrical,9,0,1
warren,franklin-township,hvac,9,0,1
warren,franklin-township,roofing,12,0,0
warren,franklin-township,house-cleaning,8,0,2
warren,franklin-township,gutters,9,0,1
warren,franklin-township,pest-control,11,0,0
warren,franklin-township,junk-removal,8,0,2
warren,franklin-township,tree-services,8,0,2
warren,franklin-township,appliance-repair,9,0,1
warren,frelinghuysen,handyman,10,0,0
warren,frelinghuysen,masonry,13,0,0
warren,frelinghuysen,landscaping,11,0,0
warren,frelinghuysen,painting,12,0,0
warren,frelinghuysen,drywall,9,0,1
warren,frelinghuysen,tile,12,0,0
warren,frelinghuysen,plumbing,9,0,1
warren,frelinghuysen,electrical,9,0,1
warren,frelinghuysen,hvac,9,0,1
warren,frelinghuysen,roofing,12,0,0
warren,frelinghuysen,house-cleaning,8,0,2
warren,frelinghuysen,gutters,9,0,1
warren,frelinghuysen,pest-control,11,0,0
warren,frelinghuysen,junk-removal,8,0,2
warren,frelinghuysen,tree-services,8,0,2
warren,frelinghuysen,appliance-repair,9,0,1
warren,greenwich-township,handyman,10,0,0
warren,greenwich-township,masonry,13,0,0
warren,greenwich-township,landscaping,11,0,0
warren,greenwich-township,painting,12,0,0
warren,greenwich-township,drywall,9,0,1
warren,greenwich-township,tile,12,0,0
warren,greenwich-township,plumbing,9,0,1
warren,greenwich-township,electrical,9,0,1
warren,greenwich-township,hvac,9,0,1
warren,greenwich-township,roofing,12,0,0
warren,greenwich-township,house-cleaning,8,0,2
warren,greenwich-township,gutters,9,0,1
warren,greenwich-township,pest-control,11,0,0
warren,greenwich-township,junk-removal,8,0,2
warren,greenwich-township,tree-services,8,0,2
warren,greenwich-township,appliance-repair,9,0,1
warren,hackettstown,handyman,10,0,0
warren,hackettstown,masonry,13,0,0
warren,hackettstown,landscaping,11,0,0
warren,hackettstown,painting,12,0,0
warren,hackettstown,drywall,9,0,1
warren,hackettstown,tile,12,0,0
warren,hackettstown,plumbing,9,0,1
warren,hackettstown,electrical,9,0,1
warren,hackettstown,hvac,9,0,1
warren,hackettstown,roofing,12,0,0
warren,hackettstown,house-cleaning,8,0,2
warren,hackettstown,gutters,9,0,1
warren,hackettstown,pest-control,11,0,0
warren,hackettstown,junk-removal,8,0,2
warren,hackettstown,tree-services,8,0,2
warren,hackettstown,appliance-repair,9,0,1
warren,hardwick,handyman,10,0,0
warren,hardwick,masonry,13,0,0
warren,hardwick,landscaping,11,0,0
warren,hardwick,painting,12,0,0
warren,hardwick,drywall,9,0,1
warren,hardwick,tile,12,0,0
warren,hardwick,plumbing,9,0,1
warren,hardwick,electrical,9,0,1
warren,hardwick,hvac,9,0,1
warren,hardwick,roofing,12,0,0
warren,hardwick,house-cleaning,8,0,2
warren,hardwick,gutters,9,0,1
warren,hardwick,pest-control,11,0,0
warren,hardwick,junk-removal,8,0,2
warren,hardwick,tree-services,8,0,2
warren,hardwick,appliance-repair,9,0,1
warren,harmony,handyman,10,0,0
warren,harmony,masonry,13,0,0
warren,harmony,landscaping,11,0,0
warren,harmony,painting,12,0,0
warren,harmony,drywall,9,0,1
warren,harmony,tile,12,0,0
warren,harmony,plumbing,9,0,1
warren,harmony,electrical,9,0,1
warren,harmony,hvac,9,0,1
warren,harmony,roofing,12,0,0
warren,harmony,house-cleaning,8,0,2
warren,harmony,gutters,9,0,1
warren,harmony,pest-control,11,0,0
warren,harmony,junk-removal,8,0,2
warren,harmony,tree-services,8,0,2
warren,harmony,appliance-repair,9,0,1
warren,hope,handyman,10,0,0
warren,hope,masonry,13,0,0
warren,hope,landscaping,11,0,0
warren,hope,painting,12,0,0
warren,hope,drywall,9,0,1
warren,hope,tile,12,0,0
warren,hope,plumbing,9,0,1
warren,hope,electrical,9,0,1
warren,hope,hvac,9,0,1
warren,hope,roofing,12,0,0
warren,hope,house-cleaning,8,0,2
warren,hope,gutters,9,0,1
warren,hope,pest-control,11,0,0
warren,hope,junk-removal,8,0,2
warren,hope,tree-services,8,0,2
warren,hope,appliance-repair,9,0,1
warren,independence,handyman,10,0,0
warren,independence,masonry,13,0,0
warren,independence,landscaping,11,0,0
warren,independence,painting,12,0,0
warren,independence,drywall,9,0,1
warren,independence,tile,12,0,0
warren,independence,plumbing,9,0,1
warren,independence,electrical,9,0,1
warren,independence,hvac,9,0,1
warren,independence,roofing,12,0,0
warren,independence,house-cleaning,8,0,2
warren,independence,gutters,9,0,1
warren,independence,pest-control,11,0,0
warren,independence,junk-removal,8,0,2
warren,independence,tree-services,8,0,2
warren,independence,appliance-repair,9,0,1
warren,knowlton,handyman,10,0,0
warren,knowlton,masonry,13,0,0
warren,knowlton,landscaping,11,0,0
warren,knowlton,painting,12,0,0
warren,knowlton,drywall,9,0,1
warren,knowlton,tile,12,0,0
warren,knowlton,plumbing,9,0,1
warren,knowlton,electrical,9,0,1
warren,knowlton,hvac,9,0,1
warren,knowlton,roofing,12,0,0
warren,knowlton,house-cleaning,8,0,2
warren,knowlton,gutters,9,0,1
warren,knowlton,pest-control,11,0,0
warren,knowlton,junk-removal,8,0,2
warren,knowlton,tree-services,8,0,2
warren,knowlton,appliance-repair,9,0,1
warren,liberty-township,handyman,10,0,0
warren,liberty-township,masonry,13,0,0
warren,liberty-township,landscaping,11,0,0
warren,liberty-township,painting,12,0,0
warren,liberty-township,drywall,9,0,1
warren,liberty-township,tile,12,0,0
warren,liberty-township,plumbing,9,0,1
warren,liberty-township,electrical,9,0,1
warren,liberty-township,hvac,9,0,1
warren,liberty-township,roofing,12,0,0
warren,liberty-township,house-cleaning,8,0,2
warren,liberty-township,gutters,9,0,1
warren,liberty-township,pest-control,11,0,0
warren,liberty-township,junk-removal,8,0,2
warren,liberty-township,tree-services,8,0,2
warren,liberty-township,appliance-repair,9,0,1
warren,lopatcong,handyman,10,0,0
warren,lopatcong,masonry,13,0,0
warren,lopatcong,landscaping,11,0,0
warren,lopatcong,painting,12,0,0
warren,lopatcong,drywall,9,0,1
warren,lopatcong,tile,12,0,0
warren,lopatcong,plumbing,9,0,1
warren,lopatcong,electrical,9,0,1
warren,lopatcong,hvac,9,0,1
warren,lopatcong,roofing,12,0,0
warren,lopatcong,house-cleaning,8,0,2
warren,lopatcong,gutters,9,0,1
warren,lopatcong,pest-control,11,0,0
warren,lopatcong,junk-removal,8,0,2
warren,lopatcong,tree-services,8,0,2
warren,lopatcong,appliance-repair,9,0,1
warren,mansfield-township,handyman,10,0,0
warren,mansfield-township,masonry,13,0,0
warren,mansfield-township,landscaping,11,0,0
warren,mansfield-township,painting,12,0,0
warren,mansfield-township,drywall,9,0,1
warren,mansfield-township,tile,12,0,0
warren,mansfield-township,plumbing,9,0,1
warren,mansfield-township,electrical,9,0,1
warren,mansfield-township,hvac,9,0,1
warren,mansfield-township,roofing,12,0,0
warren,mansfield-township,house-cleaning,8,0,2
warren,mansfield-township,gutters,9,0,1
warren,mansfield-township,pest-control,11,0,0
warren,mansfield-township,junk-removal,8,0,2
warren,mansfield-township,tree-services,8,0,2
warren,mansfield-township,appliance-repair,9,0,1
warren,oxford,handyman,10,0,0
warren,oxford,masonry,13,0,0
warren,oxford,landscaping,11,0,0
warren,oxford,painting,12,0,0
warren,oxford,drywall,9,0,1
warren,oxford,tile,12,0,0
warren,oxford,plumbing,9,0,1
warren,oxford,electrical,9,0,1
warren,oxford,hvac,9,0,1
warren,oxford,roofing,12,0,0
warren,oxford,house-cleaning,8,0,2
warren,oxford,gutters,9,0,1
warren,oxford,pest-control,11,0,0
warren,oxford,junk-removal,8,0,2
warren,oxford,tree-services,8,0,2
warren,oxford,appliance-repair,9,0,1
warren,phillipsburg,handyman,10,0,0
warren,phillipsburg,masonry,13,0,0
warren,phillipsburg,landscaping,11,0,0
warren,phillipsburg,painting,12,0,0
warren,phillipsburg,drywall,9,0,1
warren,phillipsburg,tile,12,0,0
warren,phillipsburg,plumbing,9,0,1
warren,phillipsburg,electrical,9,0,1
warren,phillipsburg,hvac,9,0,1
warren,phillipsburg,roofing,12,0,0
warren,phillipsburg,house-cleaning,8,0,2
warren,phillipsburg,gutters,9,0,1
warren,phillipsburg,pest-control,11,0,0
warren,phillipsburg,junk-removal,8,0,2
warren,phillipsburg,tree-services,8,0,2
warren,phillipsburg,appliance-repair,9,0,1
warren,pohatcong,handyman,10,0,0
warren,pohatcong,masonry,13,0,0
warren,pohatcong,landscaping,11,0,0
warren,pohatcong,painting,12,0,0
warren,pohatcong,drywall,9,0,1
warren,pohatcong,tile,12,0,0
warren,pohatcong,plumbing,9,0,1
warren,pohatcong,electrical,9,0,1
warren,pohatcong,hvac,9,0,1
warren,pohatcong,roofing,12,0,0
warren,pohatcong,house-cleaning,8,0,2
warren,pohatcong,gutters,9,0,1
warren,pohatcong,pest-control,11,0,0
warren,pohatcong,junk-removal,8,0,2
warren,pohatcong,tree-services,8,0,2
warren,pohatcong,appliance-repair,9,0,1
warren,washington-borough,handyman,10,0,0
warren,washington-borough,masonry,13,0,0
warren,washington-borough,landscaping,11,0,0
warren,washington-borough,painting,12,0,0
warren,washington-borough,drywall,9,0,1
warren,washington-borough,tile,12,0,0
warren,washington-borough,plumbing,9,0,1
warren,washington-borough,electrical,9,0,1
warren,washington-borough,hvac,9,0,1
warren,washington-borough,roofing,12,0,0
warren,washington-borough,house-cleaning,8,0,2
warren,washington-borough,gutters,9,0,1
warren,washington-borough,pest-control,11,0,0
warren,washington-borough,junk-removal,8,0,2
warren,washington-borough,tree-services,8,0,2
warren,washington-borough,appliance-repair,9,0,1
warren,washington-township-warren,handyman,10,0,0
warren,washington-township-warren,masonry,13,0,0
warren,washington-township-warren,landscaping,11,0,0
warren,washington-township-warren,painting,12,0,0
warren,washington-township-warren,drywall,9,0,1
warren,washington-township-warren,tile,12,0,0
warren,washington-township-warren,plumbing,9,0,1
warren,washington-township-warren,electrical,9,0,1
warren,washington-township-warren,hvac,9,0,1
warren,washington-township-warren,roofing,12,0,0
warren,washington-township-warren,house-cleaning,8,0,2
warren,washington-township-warren,gutters,9,0,1
warren,washington-township-warren,pest-control,11,0,0
warren,washington-township-warren,junk-removal,8,0,2
warren,washington-township-warren,tree-services,8,0,2
warren,washington-township-warren,appliance-repair,9,0,1
warren,white-township,handyman,10,0,0
warren,white-township,masonry,13,0,0
warren,white-township,landscaping,11,0,0
warren,white-township,painting,12,0,0
warren,white-township,drywall,9,0,1
warren,white-township,tile,12,0,0
warren,white-township,plumbing,9,0,1
warren,white-township,electrical,9,0,1
warren,white-township,hvac,9,0,1
warren,white-township,roofing,12,0,0
warren,white-township,house-cleaning,8,0,2
warren,white-township,gutters,9,0,1
warren,white-township,pest-control,11,0,0
warren,white-township,junk-removal,8,0,2
warren,white-township,tree-services,8,0,2
warren,white-township,appliance-repair,9,0,1
