municipality,county,service,sourcedVendors,withEmail,missingEmail,workflow,vendorsWithEmail
"florham-park","morris","handyman","8","6","2","Manual assignment and free lead forwarding","Farhat Construction & Design;Griffith Handyman;JerseyBuild Contracting;Morris County Handyman Services LLC;Sentinel Handyman LLC;Silver Hammer Handyman"
"florham-park","morris","masonry","6","6","0","Manual assignment and free lead forwarding","A&E Exteriors LLC;Cardinal Landscaping;Cecala Landscape & Masonry;Griffith Handyman;Hector & Sons Landscaping LLC;Jersey Complete Construction"
"florham-park","morris","landscaping","6","6","0","Manual assignment and free lead forwarding","Cardinal Landscaping;Cecala Landscape & Masonry;Custom Clippings;Finishing Touch Landscape Construction;Hector & Sons Landscaping LLC;Hubinger Landscaping"
"florham-park","morris","painting","10","10","0","Manual assignment and free lead forwarding","Bloom Home Improvements LLC;Brush House Painting and Flooring Services of North Jersey;CertaPro Painters of Mountainside;Farhat Construction & Design;Griffith Handyman;John's Painting Contractor LLC;Morris County Handyman Services LLC;Sentinel Handyman LLC;Silver Hammer Handyman;Statewide Painting Contractors LLC"
"florham-park","morris","drywall","10","9","1","Manual assignment and free lead forwarding","Bloom Home Improvements LLC;Brush House Painting and Flooring Services of North Jersey;D.S.G.K. Drywall LLC;Farhat Construction & Design;Griffith Handyman;Morris County Handyman Services LLC;Sentinel Handyman LLC;Silver Hammer Handyman;Statewide Painting Contractors LLC"
"florham-park","morris","tile","9","5","4","Manual assignment and free lead forwarding","Brush House Painting and Flooring Services of North Jersey;Farhat Construction & Design;Griffith Handyman;Silver Hammer Handyman;VM Power Flooring"
"florham-park","morris","plumbing","7","7","0","Manual assignment and free lead forwarding","Albon Plumbing Heating & Water Conditioning;All A's Plumbing and Heating;All County Plumbing and Heating;Daibes Plumbing and Heating;Farhat Construction & Design;H.B. Service Plumbing & Heating LLC;Sidekick Plumbing"
"florham-park","morris","electrical","10","7","3","Manual assignment and free lead forwarding","Atlas Electric;Farhat Construction & Design;First Class Electric;Fralley Electric Inc;HK Electrical Group;K2 Electric;Tri Starr Electric LLC"
"madison","morris","handyman","11","6","5","Manual assignment and free lead forwarding","Farhat Construction & Design;Griffith Handyman;JerseyBuild Contracting;Morris County Handyman Services LLC;Sentinel Handyman LLC;Silver Hammer Handyman"
"madison","morris","masonry","8","7","1","Manual assignment and free lead forwarding","A&E Exteriors LLC;Cardinal Landscaping;Cecala Landscape & Masonry;Florez Landscaping and Tree Services;Griffith Handyman;Hector & Sons Landscaping LLC;Jersey Complete Construction"
"madison","morris","landscaping","8","7","1","Manual assignment and free lead forwarding","Cardinal Landscaping;Cecala Landscape & Masonry;Custom Clippings;Finishing Touch Landscape Construction;Florez Landscaping and Tree Services;Hector & Sons Landscaping LLC;Hubinger Landscaping"
"madison","morris","painting","15","10","5","Manual assignment and free lead forwarding","ABS Total Construction LLC;Brush House Painting and Flooring Services of North Jersey;CertaPro Painters of Mountainside;Farhat Construction & Design;Griffith Handyman;Morris County Handyman Services LLC;Sentinel Handyman LLC;Silver Hammer Handyman;Statewide Painting Contractors LLC;White Cloud Construction"
"madison","morris","drywall","13","10","3","Manual assignment and free lead forwarding","Brush House Painting and Flooring Services of North Jersey;D.S.G.K. Drywall LLC;Farhat Construction & Design;Griffith Handyman;JC Brothers Construction;McFay Contracting;Morris County Handyman Services LLC;Sentinel Handyman LLC;Silver Hammer Handyman;Statewide Painting Contractors LLC"
"madison","morris","tile","10","5","5","Manual assignment and free lead forwarding","Brush House Painting and Flooring Services of North Jersey;Farhat Construction & Design;Griffith Handyman;Silver Hammer Handyman;VM Power Flooring"
"madison","morris","plumbing","10","8","2","Manual assignment and free lead forwarding","Albon Plumbing Heating & Water Conditioning;All A's Plumbing and Heating;All County Plumbing and Heating;Daibes Plumbing and Heating;Farhat Construction & Design;H.B. Service Plumbing & Heating LLC;Power Plumbing Inc;Sidekick Plumbing"
"madison","morris","electrical","11","7","4","Manual assignment and free lead forwarding","Atlas Electric;Farhat Construction & Design;First Class Electric;HK Electrical Group;K2 Electric;Sperry Electric;Tri Starr Electric LLC"
"morris-township","morris","handyman","6","5","1","Manual assignment and free lead forwarding","Griffith Handyman;JerseyBuild Contracting;Morris County Handyman Services LLC;Sentinel Handyman LLC;Silver Hammer Handyman"
"morris-township","morris","masonry","5","5","0","Manual assignment and free lead forwarding","A&E Exteriors LLC;Cardinal Landscaping;Griffith Handyman;Jersey Complete Construction;Pavement Specialists Inc"
"morris-township","morris","landscaping","4","4","0","Manual assignment and free lead forwarding","Cardinal Landscaping;Custom Clippings;Finishing Touch Landscape Construction;Hubinger Landscaping"
"morris-township","morris","painting","6","6","0","Manual assignment and free lead forwarding","Brush House Painting and Flooring Services of North Jersey;Griffith Handyman;Morris County Handyman Services LLC;Sentinel Handyman LLC;Silver Hammer Handyman;Statewide Painting Contractors LLC"
"morris-township","morris","drywall","8","7","1","Manual assignment and free lead forwarding","Brush House Painting and Flooring Services of North Jersey;D.S.G.K. Drywall LLC;Griffith Handyman;Morris County Handyman Services LLC;Sentinel Handyman LLC;Silver Hammer Handyman;Statewide Painting Contractors LLC"
"morris-township","morris","tile","7","4","3","Manual assignment and free lead forwarding","Brush House Painting and Flooring Services of North Jersey;Griffith Handyman;Silver Hammer Handyman;VM Power Flooring"
"morris-township","morris","plumbing","5","5","0","Manual assignment and free lead forwarding","All A's Plumbing and Heating;All County Plumbing and Heating;Daibes Plumbing and Heating;H.B. Service Plumbing & Heating LLC;Sidekick Plumbing"
"morris-township","morris","electrical","4","3","1","Manual assignment and free lead forwarding","Byrne Electrical Contracting;HK Electrical Group;K2 Electric"
"morristown","morris","handyman","10","6","4","Manual assignment and free lead forwarding","Griffith Handyman;JerseyBuild Contracting;Morris County Handyman Services LLC;Sentinel Handyman LLC;Silver Hammer Handyman;Tropic Pro Services"
"morristown","morris","masonry","9","7","2","Manual assignment and free lead forwarding","A&E Exteriors LLC;Cecala Landscape & Masonry;Griffith Handyman;Jersey Complete Construction;MCE Masonry & Landscaping;O'Donovan & Sons Paving & Masonry;Pavement Specialists Inc"
"morristown","morris","landscaping","7","5","2","Manual assignment and free lead forwarding","Cecala Landscape & Masonry;Custom Clippings;Finishing Touch Landscape Construction;Hubinger Landscaping;MCE Masonry & Landscaping"
"morristown","morris","painting","11","9","2","Manual assignment and free lead forwarding","Brush House Painting and Flooring Services of North Jersey;CertaPro Painters of Morristown;Griffith Handyman;Morris County Handyman Services LLC;N&C Painting;Sentinel Handyman LLC;Silver Hammer Handyman;Statewide Painting Contractors LLC;Tropic Pro Services"
"morristown","morris","drywall","11","8","3","Manual assignment and free lead forwarding","Brush House Painting and Flooring Services of North Jersey;CertaPro Painters of Morristown;D.S.G.K. Drywall LLC;Griffith Handyman;Morris County Handyman Services LLC;Sentinel Handyman LLC;Silver Hammer Handyman;Statewide Painting Contractors LLC"
"morristown","morris","tile","10","5","5","Manual assignment and free lead forwarding","Brush House Painting and Flooring Services of North Jersey;Griffith Handyman;R.G. Tile;Silver Hammer Handyman;VM Power Flooring"
"morristown","morris","plumbing","8","6","2","Manual assignment and free lead forwarding","All A's Plumbing and Heating;All County Plumbing and Heating;Daibes Plumbing and Heating;H.B. Service Plumbing & Heating LLC;Power Plumbing Inc;Sidekick Plumbing"
"morristown","morris","electrical","11","7","4","Manual assignment and free lead forwarding","Atlas Electric;First Class Electric;HK Electrical Group;K2 Electric;Sperry Electric;Trapani Electric;Tri Starr Electric LLC"
"east-hanover","morris","handyman","6","5","1","Manual assignment and free lead forwarding","Griffith Handyman;JerseyBuild Contracting;Morris County Handyman Services LLC;Sentinel Handyman LLC;Silver Hammer Handyman"
"east-hanover","morris","masonry","4","4","0","Manual assignment and free lead forwarding","A&E Exteriors LLC;Cecala Landscape & Masonry;Griffith Handyman;Jersey Complete Construction"
"east-hanover","morris","landscaping","6","5","1","Manual assignment and free lead forwarding","Cecala Landscape & Masonry;Custom Clippings;Finishing Touch Landscape Construction;Hubinger Landscaping;LTD Nursery and Landscaping"
"east-hanover","morris","painting","6","6","0","Manual assignment and free lead forwarding","Bloom Home Improvements LLC;Brush House Painting and Flooring Services of North Jersey;Griffith Handyman;Morris County Handyman Services LLC;Sentinel Handyman LLC;Silver Hammer Handyman"
"east-hanover","morris","drywall","7","6","1","Manual assignment and free lead forwarding","Bloom Home Improvements LLC;Brush House Painting and Flooring Services of North Jersey;Griffith Handyman;Morris County Handyman Services LLC;Sentinel Handyman LLC;Silver Hammer Handyman"
"east-hanover","morris","tile","8","4","4","Manual assignment and free lead forwarding","Brush House Painting and Flooring Services of North Jersey;Griffith Handyman;Silver Hammer Handyman;VM Power Flooring"
"east-hanover","morris","plumbing","6","5","1","Manual assignment and free lead forwarding","All A's Plumbing and Heating;All County Plumbing and Heating;Daibes Plumbing and Heating;H.B. Service Plumbing & Heating LLC;Sidekick Plumbing"
"east-hanover","morris","electrical","10","7","3","Manual assignment and free lead forwarding","Atlas Electric;Fralley Electric Inc;HK Electrical Group;K2 Electric;M. Bianchi & Son Electrical Contractor;Trapani Electric;Tri Starr Electric LLC"
"livingston","essex","handyman","3","3","0","Manual assignment and free lead forwarding","Griffith Handyman;Sentinel Handyman LLC;Tropic Pro Services"
"livingston","essex","masonry","3","3","0","Manual assignment and free lead forwarding","A&E Exteriors LLC;Griffith Handyman;Jersey Complete Construction"
"livingston","essex","landscaping","3","3","0","Manual assignment and free lead forwarding","Custom Clippings;Finishing Touch Landscape Construction;Hubinger Landscaping"
"livingston","essex","painting","4","4","0","Manual assignment and free lead forwarding","Brush House Painting and Flooring Services of North Jersey;Griffith Handyman;Sentinel Handyman LLC;Tropic Pro Services"
"livingston","essex","drywall","3","3","0","Manual assignment and free lead forwarding","Brush House Painting and Flooring Services of North Jersey;Griffith Handyman;Sentinel Handyman LLC"
"livingston","essex","tile","2","2","0","Manual assignment and free lead forwarding","Brush House Painting and Flooring Services of North Jersey;Griffith Handyman"
"livingston","essex","plumbing","3","3","0","Manual assignment and free lead forwarding","All County Plumbing and Heating;Clear Flow Plumbing Heating and HVAC;Daibes Plumbing and Heating"
"livingston","essex","electrical","2","2","0","Manual assignment and free lead forwarding","HK Electrical Group;K2 Electric"
"summit","union","handyman","2","2","0","Manual assignment and free lead forwarding","Griffith Handyman;Sentinel Handyman LLC"
"summit","union","masonry","3","3","0","Manual assignment and free lead forwarding","A&E Exteriors LLC;Griffith Handyman;Jersey Complete Construction"
"summit","union","landscaping","2","2","0","Manual assignment and free lead forwarding","Custom Clippings;Finishing Touch Landscape Construction"
"summit","union","painting","3","3","0","Manual assignment and free lead forwarding","Brush House Painting and Flooring Services of North Jersey;Griffith Handyman;Sentinel Handyman LLC"
"summit","union","drywall","3","3","0","Manual assignment and free lead forwarding","Brush House Painting and Flooring Services of North Jersey;Griffith Handyman;Sentinel Handyman LLC"
"summit","union","tile","2","2","0","Manual assignment and free lead forwarding","Brush House Painting and Flooring Services of North Jersey;Griffith Handyman"
"summit","union","plumbing","3","3","0","Manual assignment and free lead forwarding","All County Plumbing and Heating;Clear Flow Plumbing Heating and HVAC;Daibes Plumbing and Heating"
"summit","union","electrical","2","2","0","Manual assignment and free lead forwarding","HK Electrical Group;K2 Electric"
"hanover-township","morris","handyman","3","3","0","Manual assignment and free lead forwarding","Griffith Handyman;Sentinel Handyman LLC;Silver Hammer Handyman"
"hanover-township","morris","masonry","3","3","0","Manual assignment and free lead forwarding","A&E Exteriors LLC;Griffith Handyman;Jersey Complete Construction"
"hanover-township","morris","landscaping","3","3","0","Manual assignment and free lead forwarding","Custom Clippings;Finishing Touch Landscape Construction;Hubinger Landscaping"
"hanover-township","morris","painting","4","4","0","Manual assignment and free lead forwarding","Brush House Painting and Flooring Services of North Jersey;Griffith Handyman;Sentinel Handyman LLC;Silver Hammer Handyman"
"hanover-township","morris","drywall","4","4","0","Manual assignment and free lead forwarding","Brush House Painting and Flooring Services of North Jersey;Griffith Handyman;Sentinel Handyman LLC;Silver Hammer Handyman"
"hanover-township","morris","tile","3","3","0","Manual assignment and free lead forwarding","Brush House Painting and Flooring Services of North Jersey;Griffith Handyman;Silver Hammer Handyman"
"hanover-township","morris","plumbing","3","3","0","Manual assignment and free lead forwarding","All A's Plumbing and Heating;All County Plumbing and Heating;Daibes Plumbing and Heating"
"hanover-township","morris","electrical","2","2","0","Manual assignment and free lead forwarding","HK Electrical Group;K2 Electric"
"allendale","bergen","handyman","4","4","0","Manual assignment and free lead forwarding","Griffith Handyman;M & S Premier Home Services;Neighbor First Home Services;Sentinel Handyman LLC"
"allendale","bergen","masonry","3","3","0","Manual assignment and free lead forwarding","A&E Exteriors LLC;Griffith Handyman;Jersey Complete Construction"
"allendale","bergen","landscaping","2","2","0","Manual assignment and free lead forwarding","Finishing Touch Landscape Construction;Hubinger Landscaping"
"allendale","bergen","painting","3","3","0","Manual assignment and free lead forwarding","Brush House Painting and Flooring Services of North Jersey;Griffith Handyman;Sentinel Handyman LLC"
"allendale","bergen","drywall","3","3","0","Manual assignment and free lead forwarding","Brush House Painting and Flooring Services of North Jersey;Griffith Handyman;Sentinel Handyman LLC"
"allendale","bergen","tile","2","2","0","Manual assignment and free lead forwarding","Brush House Painting and Flooring Services of North Jersey;Griffith Handyman"
"allendale","bergen","plumbing","4","4","0","Manual assignment and free lead forwarding","All A's Plumbing and Heating;All County Plumbing and Heating;Clear Flow Plumbing Heating and HVAC;Daibes Plumbing and Heating"
"allendale","bergen","electrical","2","2","0","Manual assignment and free lead forwarding","HK Electrical Group;K2 Electric"
"alpine","bergen","handyman","3","3","0","Manual assignment and free lead forwarding","Griffith Handyman;Neighbor First Home Services;Sentinel Handyman LLC"
"alpine","bergen","masonry","3","3","0","Manual assignment and free lead forwarding","A&E Exteriors LLC;Griffith Handyman;Jersey Complete Construction"
"alpine","bergen","landscaping","2","2","0","Manual assignment and free lead forwarding","Finishing Touch Landscape Construction;Hubinger Landscaping"
"alpine","bergen","painting","3","3","0","Manual assignment and free lead forwarding","Brush House Painting and Flooring Services of North Jersey;Griffith Handyman;Sentinel Handyman LLC"
"alpine","bergen","drywall","3","3","0","Manual assignment and free lead forwarding","Brush House Painting and Flooring Services of North Jersey;Griffith Handyman;Sentinel Handyman LLC"
"alpine","bergen","tile","2","2","0","Manual assignment and free lead forwarding","Brush House Painting and Flooring Services of North Jersey;Griffith Handyman"
"alpine","bergen","plumbing","4","4","0","Manual assignment and free lead forwarding","All A's Plumbing and Heating;All County Plumbing and Heating;Clear Flow Plumbing Heating and HVAC;Daibes Plumbing and Heating"
"alpine","bergen","electrical","2","2","0","Manual assignment and free lead forwarding","HK Electrical Group;K2 Electric"
"bergenfield","bergen","handyman","3","3","0","Manual assignment and free lead forwarding","Griffith Handyman;Neighbor First Home Services;Sentinel Handyman LLC"
"bergenfield","bergen","masonry","3","3","0","Manual assignment and free lead forwarding","A&E Exteriors LLC;Griffith Handyman;Jersey Complete Construction"
"bergenfield","bergen","landscaping","2","2","0","Manual assignment and free lead forwarding","Finishing Touch Landscape Construction;Hubinger Landscaping"
"bergenfield","bergen","painting","3","3","0","Manual assignment and free lead forwarding","Brush House Painting and Flooring Services of North Jersey;Griffith Handyman;Sentinel Handyman LLC"
"bergenfield","bergen","drywall","3","3","0","Manual assignment and free lead forwarding","Brush House Painting and Flooring Services of North Jersey;Griffith Handyman;Sentinel Handyman LLC"
"bergenfield","bergen","tile","2","2","0","Manual assignment and free lead forwarding","Brush House Painting and Flooring Services of North Jersey;Griffith Handyman"
"bergenfield","bergen","plumbing","4","4","0","Manual assignment and free lead forwarding","All A's Plumbing and Heating;All County Plumbing and Heating;Clear Flow Plumbing Heating and HVAC;Daibes Plumbing and Heating"
"bergenfield","bergen","electrical","2","2","0","Manual assignment and free lead forwarding","HK Electrical Group;K2 Electric"
"bogota","bergen","handyman","3","3","0","Manual assignment and free lead forwarding","Griffith Handyman;Neighbor First Home Services;Sentinel Handyman LLC"
"bogota","bergen","masonry","3","3","0","Manual assignment and free lead forwarding","A&E Exteriors LLC;Griffith Handyman;Jersey Complete Construction"
"bogota","bergen","landscaping","2","2","0","Manual assignment and free lead forwarding","Finishing Touch Landscape Construction;Hubinger Landscaping"
"bogota","bergen","painting","3","3","0","Manual assignment and free lead forwarding","Brush House Painting and Flooring Services of North Jersey;Griffith Handyman;Sentinel Handyman LLC"
"bogota","bergen","drywall","3","3","0","Manual assignment and free lead forwarding","Brush House Painting and Flooring Services of North Jersey;Griffith Handyman;Sentinel Handyman LLC"
"bogota","bergen","tile","2","2","0","Manual assignment and free lead forwarding","Brush House Painting and Flooring Services of North Jersey;Griffith Handyman"
"bogota","bergen","plumbing","4","4","0","Manual assignment and free lead forwarding","All A's Plumbing and Heating;All County Plumbing and Heating;Clear Flow Plumbing Heating and HVAC;Daibes Plumbing and Heating"
"bogota","bergen","electrical","2","2","0","Manual assignment and free lead forwarding","HK Electrical Group;K2 Electric"
"carlstadt","bergen","handyman","3","3","0","Manual assignment and free lead forwarding","Griffith Handyman;Neighbor First Home Services;Sentinel Handyman LLC"
"carlstadt","bergen","masonry","3","3","0","Manual assignment and free lead forwarding","A&E Exteriors LLC;Griffith Handyman;Jersey Complete Construction"
"carlstadt","bergen","landscaping","2","2","0","Manual assignment and free lead forwarding","Finishing Touch Landscape Construction;Hubinger Landscaping"
"carlstadt","bergen","painting","3","3","0","Manual assignment and free lead forwarding","Brush House Painting and Flooring Services of North Jersey;Griffith Handyman;Sentinel Handyman LLC"
"carlstadt","bergen","drywall","3","3","0","Manual assignment and free lead forwarding","Brush House Painting and Flooring Services of North Jersey;Griffith Handyman;Sentinel Handyman LLC"
"carlstadt","bergen","tile","2","2","0","Manual assignment and free lead forwarding","Brush House Painting and Flooring Services of North Jersey;Griffith Handyman"
"carlstadt","bergen","plumbing","4","4","0","Manual assignment and free lead forwarding","All A's Plumbing and Heating;All County Plumbing and Heating;Clear Flow Plumbing Heating and HVAC;Daibes Plumbing and Heating"
"carlstadt","bergen","electrical","2","2","0","Manual assignment and free lead forwarding","HK Electrical Group;K2 Electric"
"cliffside-park","bergen","handyman","3","3","0","Manual assignment and free lead forwarding","Griffith Handyman;Neighbor First Home Services;Sentinel Handyman LLC"
"cliffside-park","bergen","masonry","3","3","0","Manual assignment and free lead forwarding","A&E Exteriors LLC;Griffith Handyman;Jersey Complete Construction"
"cliffside-park","bergen","landscaping","2","2","0","Manual assignment and free lead forwarding","Finishing Touch Landscape Construction;Hubinger Landscaping"
"cliffside-park","bergen","painting","3","3","0","Manual assignment and free lead forwarding","Brush House Painting and Flooring Services of North Jersey;Griffith Handyman;Sentinel Handyman LLC"
"cliffside-park","bergen","drywall","3","3","0","Manual assignment and free lead forwarding","Brush House Painting and Flooring Services of North Jersey;Griffith Handyman;Sentinel Handyman LLC"
"cliffside-park","bergen","tile","2","2","0","Manual assignment and free lead forwarding","Brush House Painting and Flooring Services of North Jersey;Griffith Handyman"
"cliffside-park","bergen","plumbing","4","4","0","Manual assignment and free lead forwarding","All A's Plumbing and Heating;All County Plumbing and Heating;Clear Flow Plumbing Heating and HVAC;Daibes Plumbing and Heating"
"cliffside-park","bergen","electrical","2","2","0","Manual assignment and free lead forwarding","HK Electrical Group;K2 Electric"
"closter","bergen","handyman","3","3","0","Manual assignment and free lead forwarding","Griffith Handyman;Neighbor First Home Services;Sentinel Handyman LLC"
"closter","bergen","masonry","3","3","0","Manual assignment and free lead forwarding","A&E Exteriors LLC;Griffith Handyman;Jersey Complete Construction"
"closter","bergen","landscaping","2","2","0","Manual assignment and free lead forwarding","Finishing Touch Landscape Construction;Hubinger Landscaping"
"closter","bergen","painting","3","3","0","Manual assignment and free lead forwarding","Brush House Painting and Flooring Services of North Jersey;Griffith Handyman;Sentinel Handyman LLC"
"closter","bergen","drywall","3","3","0","Manual assignment and free lead forwarding","Brush House Painting and Flooring Services of North Jersey;Griffith Handyman;Sentinel Handyman LLC"
"closter","bergen","tile","2","2","0","Manual assignment and free lead forwarding","Brush House Painting and Flooring Services of North Jersey;Griffith Handyman"
"closter","bergen","plumbing","4","4","0","Manual assignment and free lead forwarding","All A's Plumbing and Heating;All County Plumbing and Heating;Clear Flow Plumbing Heating and HVAC;Daibes Plumbing and Heating"
"closter","bergen","electrical","2","2","0","Manual assignment and free lead forwarding","HK Electrical Group;K2 Electric"
"cresskill","bergen","handyman","3","3","0","Manual assignment and free lead forwarding","Griffith Handyman;Neighbor First Home Services;Sentinel Handyman LLC"
"cresskill","bergen","masonry","3","3","0","Manual assignment and free lead forwarding","A&E Exteriors LLC;Griffith Handyman;Jersey Complete Construction"
"cresskill","bergen","landscaping","2","2","0","Manual assignment and free lead forwarding","Finishing Touch Landscape Construction;Hubinger Landscaping"
"cresskill","bergen","painting","3","3","0","Manual assignment and free lead forwarding","Brush House Painting and Flooring Services of North Jersey;Griffith Handyman;Sentinel Handyman LLC"
"cresskill","bergen","drywall","3","3","0","Manual assignment and free lead forwarding","Brush House Painting and Flooring Services of North Jersey;Griffith Handyman;Sentinel Handyman LLC"
"cresskill","bergen","tile","2","2","0","Manual assignment and free lead forwarding","Brush House Painting and Flooring Services of North Jersey;Griffith Handyman"
"cresskill","bergen","plumbing","4","4","0","Manual assignment and free lead forwarding","All A's Plumbing and Heating;All County Plumbing and Heating;Clear Flow Plumbing Heating and HVAC;Daibes Plumbing and Heating"
"cresskill","bergen","electrical","2","2","0","Manual assignment and free lead forwarding","HK Electrical Group;K2 Electric"
"demarest","bergen","handyman","3","3","0","Manual assignment and free lead forwarding","Griffith Handyman;Neighbor First Home Services;Sentinel Handyman LLC"
"demarest","bergen","masonry","3","3","0","Manual assignment and free lead forwarding","A&E Exteriors LLC;Griffith Handyman;Jersey Complete Construction"
"demarest","bergen","landscaping","2","2","0","Manual assignment and free lead forwarding","Finishing Touch Landscape Construction;Hubinger Landscaping"
"demarest","bergen","painting","3","3","0","Manual assignment and free lead forwarding","Brush House Painting and Flooring Services of North Jersey;Griffith Handyman;Sentinel Handyman LLC"
"demarest","bergen","drywall","3","3","0","Manual assignment and free lead forwarding","Brush House Painting and Flooring Services of North Jersey;Griffith Handyman;Sentinel Handyman LLC"
"demarest","bergen","tile","2","2","0","Manual assignment and free lead forwarding","Brush House Painting and Flooring Services of North Jersey;Griffith Handyman"
"demarest","bergen","plumbing","4","4","0","Manual assignment and free lead forwarding","All A's Plumbing and Heating;All County Plumbing and Heating;Clear Flow Plumbing Heating and HVAC;Daibes Plumbing and Heating"
"demarest","bergen","electrical","2","2","0","Manual assignment and free lead forwarding","HK Electrical Group;K2 Electric"
"dumont","bergen","handyman","3","3","0","Manual assignment and free lead forwarding","Griffith Handyman;Neighbor First Home Services;Sentinel Handyman LLC"
"dumont","bergen","masonry","3","3","0","Manual assignment and free lead forwarding","A&E Exteriors LLC;Griffith Handyman;Jersey Complete Construction"
"dumont","bergen","landscaping","2","2","0","Manual assignment and free lead forwarding","Finishing Touch Landscape Construction;Hubinger Landscaping"
"dumont","bergen","painting","3","3","0","Manual assignment and free lead forwarding","Brush House Painting and Flooring Services of North Jersey;Griffith Handyman;Sentinel Handyman LLC"
"dumont","bergen","drywall","3","3","0","Manual assignment and free lead forwarding","Brush House Painting and Flooring Services of North Jersey;Griffith Handyman;Sentinel Handyman LLC"
"dumont","bergen","tile","2","2","0","Manual assignment and free lead forwarding","Brush House Painting and Flooring Services of North Jersey;Griffith Handyman"
"dumont","bergen","plumbing","4","4","0","Manual assignment and free lead forwarding","All A's Plumbing and Heating;All County Plumbing and Heating;Clear Flow Plumbing Heating and HVAC;Daibes Plumbing and Heating"
"dumont","bergen","electrical","2","2","0","Manual assignment and free lead forwarding","HK Electrical Group;K2 Electric"
"east-rutherford","bergen","handyman","3","3","0","Manual assignment and free lead forwarding","Griffith Handyman;Neighbor First Home Services;Sentinel Handyman LLC"
"east-rutherford","bergen","masonry","3","3","0","Manual assignment and free lead forwarding","A&E Exteriors LLC;Griffith Handyman;Jersey Complete Construction"
"east-rutherford","bergen","landscaping","2","2","0","Manual assignment and free lead forwarding","Finishing Touch Landscape Construction;Hubinger Landscaping"
"east-rutherford","bergen","painting","3","3","0","Manual assignment and free lead forwarding","Brush House Painting and Flooring Services of North Jersey;Griffith Handyman;Sentinel Handyman LLC"
"east-rutherford","bergen","drywall","3","3","0","Manual assignment and free lead forwarding","Brush House Painting and Flooring Services of North Jersey;Griffith Handyman;Sentinel Handyman LLC"
"east-rutherford","bergen","tile","2","2","0","Manual assignment and free lead forwarding","Brush House Painting and Flooring Services of North Jersey;Griffith Handyman"
"east-rutherford","bergen","plumbing","4","4","0","Manual assignment and free lead forwarding","All A's Plumbing and Heating;All County Plumbing and Heating;Clear Flow Plumbing Heating and HVAC;Daibes Plumbing and Heating"
"east-rutherford","bergen","electrical","2","2","0","Manual assignment and free lead forwarding","HK Electrical Group;K2 Electric"
"edgewater","bergen","handyman","3","3","0","Manual assignment and free lead forwarding","Griffith Handyman;Neighbor First Home Services;Sentinel Handyman LLC"
"edgewater","bergen","masonry","3","3","0","Manual assignment and free lead forwarding","A&E Exteriors LLC;Griffith Handyman;Jersey Complete Construction"
"edgewater","bergen","landscaping","2","2","0","Manual assignment and free lead forwarding","Finishing Touch Landscape Construction;Hubinger Landscaping"
"edgewater","bergen","painting","3","3","0","Manual assignment and free lead forwarding","Brush House Painting and Flooring Services of North Jersey;Griffith Handyman;Sentinel Handyman LLC"
"edgewater","bergen","drywall","3","3","0","Manual assignment and free lead forwarding","Brush House Painting and Flooring Services of North Jersey;Griffith Handyman;Sentinel Handyman LLC"
"edgewater","bergen","tile","2","2","0","Manual assignment and free lead forwarding","Brush House Painting and Flooring Services of North Jersey;Griffith Handyman"
"edgewater","bergen","plumbing","4","4","0","Manual assignment and free lead forwarding","All A's Plumbing and Heating;All County Plumbing and Heating;Clear Flow Plumbing Heating and HVAC;Daibes Plumbing and Heating"
"edgewater","bergen","electrical","2","2","0","Manual assignment and free lead forwarding","HK Electrical Group;K2 Electric"
"elmwood-park","bergen","handyman","3","3","0","Manual assignment and free lead forwarding","Griffith Handyman;Neighbor First Home Services;Sentinel Handyman LLC"
"elmwood-park","bergen","masonry","3","3","0","Manual assignment and free lead forwarding","A&E Exteriors LLC;Griffith Handyman;Jersey Complete Construction"
"elmwood-park","bergen","landscaping","2","2","0","Manual assignment and free lead forwarding","Finishing Touch Landscape Construction;Hubinger Landscaping"
"elmwood-park","bergen","painting","3","3","0","Manual assignment and free lead forwarding","Brush House Painting and Flooring Services of North Jersey;Griffith Handyman;Sentinel Handyman LLC"
"elmwood-park","bergen","drywall","3","3","0","Manual assignment and free lead forwarding","Brush House Painting and Flooring Services of North Jersey;Griffith Handyman;Sentinel Handyman LLC"
"elmwood-park","bergen","tile","2","2","0","Manual assignment and free lead forwarding","Brush House Painting and Flooring Services of North Jersey;Griffith Handyman"
"elmwood-park","bergen","plumbing","4","4","0","Manual assignment and free lead forwarding","All A's Plumbing and Heating;All County Plumbing and Heating;Clear Flow Plumbing Heating and HVAC;Daibes Plumbing and Heating"
"elmwood-park","bergen","electrical","2","2","0","Manual assignment and free lead forwarding","HK Electrical Group;K2 Electric"
"emerson","bergen","handyman","3","3","0","Manual assignment and free lead forwarding","Griffith Handyman;Neighbor First Home Services;Sentinel Handyman LLC"
"emerson","bergen","masonry","3","3","0","Manual assignment and free lead forwarding","A&E Exteriors LLC;Griffith Handyman;Jersey Complete Construction"
"emerson","bergen","landscaping","2","2","0","Manual assignment and free lead forwarding","Finishing Touch Landscape Construction;Hubinger Landscaping"
"emerson","bergen","painting","3","3","0","Manual assignment and free lead forwarding","Brush House Painting and Flooring Services of North Jersey;Griffith Handyman;Sentinel Handyman LLC"
"emerson","bergen","drywall","3","3","0","Manual assignment and free lead forwarding","Brush House Painting and Flooring Services of North Jersey;Griffith Handyman;Sentinel Handyman LLC"
"emerson","bergen","tile","2","2","0","Manual assignment and free lead forwarding","Brush House Painting and Flooring Services of North Jersey;Griffith Handyman"
"emerson","bergen","plumbing","4","4","0","Manual assignment and free lead forwarding","All A's Plumbing and Heating;All County Plumbing and Heating;Clear Flow Plumbing Heating and HVAC;Daibes Plumbing and Heating"
"emerson","bergen","electrical","2","2","0","Manual assignment and free lead forwarding","HK Electrical Group;K2 Electric"
"englewood","bergen","handyman","3","3","0","Manual assignment and free lead forwarding","Griffith Handyman;Neighbor First Home Services;Sentinel Handyman LLC"
"englewood","bergen","masonry","3","3","0","Manual assignment and free lead forwarding","A&E Exteriors LLC;Griffith Handyman;Jersey Complete Construction"
"englewood","bergen","landscaping","2","2","0","Manual assignment and free lead forwarding","Finishing Touch Landscape Construction;Hubinger Landscaping"
"englewood","bergen","painting","3","3","0","Manual assignment and free lead forwarding","Brush House Painting and Flooring Services of North Jersey;Griffith Handyman;Sentinel Handyman LLC"
"englewood","bergen","drywall","3","3","0","Manual assignment and free lead forwarding","Brush House Painting and Flooring Services of North Jersey;Griffith Handyman;Sentinel Handyman LLC"
"englewood","bergen","tile","2","2","0","Manual assignment and free lead forwarding","Brush House Painting and Flooring Services of North Jersey;Griffith Handyman"
"englewood","bergen","plumbing","4","4","0","Manual assignment and free lead forwarding","All A's Plumbing and Heating;All County Plumbing and Heating;Clear Flow Plumbing Heating and HVAC;Daibes Plumbing and Heating"
"englewood","bergen","electrical","2","2","0","Manual assignment and free lead forwarding","HK Electrical Group;K2 Electric"
"englewood-cliffs","bergen","handyman","3","3","0","Manual assignment and free lead forwarding","Griffith Handyman;Neighbor First Home Services;Sentinel Handyman LLC"
"englewood-cliffs","bergen","masonry","3","3","0","Manual assignment and free lead forwarding","A&E Exteriors LLC;Griffith Handyman;Jersey Complete Construction"
"englewood-cliffs","bergen","landscaping","2","2","0","Manual assignment and free lead forwarding","Finishing Touch Landscape Construction;Hubinger Landscaping"
"englewood-cliffs","bergen","painting","3","3","0","Manual assignment and free lead forwarding","Brush House Painting and Flooring Services of North Jersey;Griffith Handyman;Sentinel Handyman LLC"
"englewood-cliffs","bergen","drywall","3","3","0","Manual assignment and free lead forwarding","Brush House Painting and Flooring Services of North Jersey;Griffith Handyman;Sentinel Handyman LLC"
"englewood-cliffs","bergen","tile","2","2","0","Manual assignment and free lead forwarding","Brush House Painting and Flooring Services of North Jersey;Griffith Handyman"
"englewood-cliffs","bergen","plumbing","4","4","0","Manual assignment and free lead forwarding","All A's Plumbing and Heating;All County Plumbing and Heating;Clear Flow Plumbing Heating and HVAC;Daibes Plumbing and Heating"
"englewood-cliffs","bergen","electrical","2","2","0","Manual assignment and free lead forwarding","HK Electrical Group;K2 Electric"
"fair-lawn","bergen","handyman","4","4","0","Manual assignment and free lead forwarding","Griffith Handyman;M & S Premier Home Services;Neighbor First Home Services;Sentinel Handyman LLC"
"fair-lawn","bergen","masonry","3","3","0","Manual assignment and free lead forwarding","A&E Exteriors LLC;Griffith Handyman;Jersey Complete Construction"
"fair-lawn","bergen","landscaping","2","2","0","Manual assignment and free lead forwarding","Finishing Touch Landscape Construction;Hubinger Landscaping"
"fair-lawn","bergen","painting","3","3","0","Manual assignment and free lead forwarding","Brush House Painting and Flooring Services of North Jersey;Griffith Handyman;Sentinel Handyman LLC"
"fair-lawn","bergen","drywall","3","3","0","Manual assignment and free lead forwarding","Brush House Painting and Flooring Services of North Jersey;Griffith Handyman;Sentinel Handyman LLC"
"fair-lawn","bergen","tile","2","2","0","Manual assignment and free lead forwarding","Brush House Painting and Flooring Services of North Jersey;Griffith Handyman"
"fair-lawn","bergen","plumbing","4","4","0","Manual assignment and free lead forwarding","All A's Plumbing and Heating;All County Plumbing and Heating;Clear Flow Plumbing Heating and HVAC;Daibes Plumbing and Heating"
"fair-lawn","bergen","electrical","2","2","0","Manual assignment and free lead forwarding","HK Electrical Group;K2 Electric"
"fairview","bergen","handyman","3","3","0","Manual assignment and free lead forwarding","Griffith Handyman;Neighbor First Home Services;Sentinel Handyman LLC"
"fairview","bergen","masonry","3","3","0","Manual assignment and free lead forwarding","A&E Exteriors LLC;Griffith Handyman;Jersey Complete Construction"
"fairview","bergen","landscaping","2","2","0","Manual assignment and free lead forwarding","Finishing Touch Landscape Construction;Hubinger Landscaping"
"fairview","bergen","painting","3","3","0","Manual assignment and free lead forwarding","Brush House Painting and Flooring Services of North Jersey;Griffith Handyman;Sentinel Handyman LLC"
"fairview","bergen","drywall","3","3","0","Manual assignment and free lead forwarding","Brush House Painting and Flooring Services of North Jersey;Griffith Handyman;Sentinel Handyman LLC"
"fairview","bergen","tile","2","2","0","Manual assignment and free lead forwarding","Brush House Painting and Flooring Services of North Jersey;Griffith Handyman"
"fairview","bergen","plumbing","4","4","0","Manual assignment and free lead forwarding","All A's Plumbing and Heating;All County Plumbing and Heating;Clear Flow Plumbing Heating and HVAC;Daibes Plumbing and Heating"
"fairview","bergen","electrical","2","2","0","Manual assignment and free lead forwarding","HK Electrical Group;K2 Electric"
"fort-lee","bergen","handyman","4","4","0","Manual assignment and free lead forwarding","Griffith Handyman;Neighbor First Home Services;Sentinel Handyman LLC;Tropic Pro Services"
"fort-lee","bergen","masonry","3","3","0","Manual assignment and free lead forwarding","A&E Exteriors LLC;Griffith Handyman;Jersey Complete Construction"
"fort-lee","bergen","landscaping","2","2","0","Manual assignment and free lead forwarding","Finishing Touch Landscape Construction;Hubinger Landscaping"
"fort-lee","bergen","painting","4","4","0","Manual assignment and free lead forwarding","Brush House Painting and Flooring Services of North Jersey;Griffith Handyman;Sentinel Handyman LLC;Tropic Pro Services"
"fort-lee","bergen","drywall","3","3","0","Manual assignment and free lead forwarding","Brush House Painting and Flooring Services of North Jersey;Griffith Handyman;Sentinel Handyman LLC"
"fort-lee","bergen","tile","2","2","0","Manual assignment and free lead forwarding","Brush House Painting and Flooring Services of North Jersey;Griffith Handyman"
"fort-lee","bergen","plumbing","4","4","0","Manual assignment and free lead forwarding","All A's Plumbing and Heating;All County Plumbing and Heating;Clear Flow Plumbing Heating and HVAC;Daibes Plumbing and Heating"
"fort-lee","bergen","electrical","2","2","0","Manual assignment and free lead forwarding","HK Electrical Group;K2 Electric"
"franklin-lakes","bergen","handyman","5","5","0","Manual assignment and free lead forwarding","Griffith Handyman;M & S Premier Home Services;Neighbor First Home Services;Sentinel Handyman LLC;Tropic Pro Services"
"franklin-lakes","bergen","masonry","3","3","0","Manual assignment and free lead forwarding","A&E Exteriors LLC;Griffith Handyman;Jersey Complete Construction"
"franklin-lakes","bergen","landscaping","2","2","0","Manual assignment and free lead forwarding","Finishing Touch Landscape Construction;Hubinger Landscaping"
"franklin-lakes","bergen","painting","4","4","0","Manual assignment and free lead forwarding","Brush House Painting and Flooring Services of North Jersey;Griffith Handyman;Sentinel Handyman LLC;Tropic Pro Services"
"franklin-lakes","bergen","drywall","3","3","0","Manual assignment and free lead forwarding","Brush House Painting and Flooring Services of North Jersey;Griffith Handyman;Sentinel Handyman LLC"
"franklin-lakes","bergen","tile","2","2","0","Manual assignment and free lead forwarding","Brush House Painting and Flooring Services of North Jersey;Griffith Handyman"
"franklin-lakes","bergen","plumbing","4","4","0","Manual assignment and free lead forwarding","All A's Plumbing and Heating;All County Plumbing and Heating;Clear Flow Plumbing Heating and HVAC;Daibes Plumbing and Heating"
"franklin-lakes","bergen","electrical","2","2","0","Manual assignment and free lead forwarding","HK Electrical Group;K2 Electric"
"garfield","bergen","handyman","3","3","0","Manual assignment and free lead forwarding","Griffith Handyman;Neighbor First Home Services;Sentinel Handyman LLC"
"garfield","bergen","masonry","3","3","0","Manual assignment and free lead forwarding","A&E Exteriors LLC;Griffith Handyman;Jersey Complete Construction"
"garfield","bergen","landscaping","2","2","0","Manual assignment and free lead forwarding","Finishing Touch Landscape Construction;Hubinger Landscaping"
"garfield","bergen","painting","3","3","0","Manual assignment and free lead forwarding","Brush House Painting and Flooring Services of North Jersey;Griffith Handyman;Sentinel Handyman LLC"
"garfield","bergen","drywall","3","3","0","Manual assignment and free lead forwarding","Brush House Painting and Flooring Services of North Jersey;Griffith Handyman;Sentinel Handyman LLC"
"garfield","bergen","tile","2","2","0","Manual assignment and free lead forwarding","Brush House Painting and Flooring Services of North Jersey;Griffith Handyman"
"garfield","bergen","plumbing","4","4","0","Manual assignment and free lead forwarding","All A's Plumbing and Heating;All County Plumbing and Heating;Clear Flow Plumbing Heating and HVAC;Daibes Plumbing and Heating"
"garfield","bergen","electrical","2","2","0","Manual assignment and free lead forwarding","HK Electrical Group;K2 Electric"
"glen-rock","bergen","handyman","4","4","0","Manual assignment and free lead forwarding","Griffith Handyman;M & S Premier Home Services;Neighbor First Home Services;Sentinel Handyman LLC"
"glen-rock","bergen","masonry","3","3","0","Manual assignment and free lead forwarding","A&E Exteriors LLC;Griffith Handyman;Jersey Complete Construction"
"glen-rock","bergen","landscaping","2","2","0","Manual assignment and free lead forwarding","Finishing Touch Landscape Construction;Hubinger Landscaping"
"glen-rock","bergen","painting","3","3","0","Manual assignment and free lead forwarding","Brush House Painting and Flooring Services of North Jersey;Griffith Handyman;Sentinel Handyman LLC"
"glen-rock","bergen","drywall","3","3","0","Manual assignment and free lead forwarding","Brush House Painting and Flooring Services of North Jersey;Griffith Handyman;Sentinel Handyman LLC"
"glen-rock","bergen","tile","2","2","0","Manual assignment and free lead forwarding","Brush House Painting and Flooring Services of North Jersey;Griffith Handyman"
"glen-rock","bergen","plumbing","4","4","0","Manual assignment and free lead forwarding","All A's Plumbing and Heating;All County Plumbing and Heating;Clear Flow Plumbing Heating and HVAC;Daibes Plumbing and Heating"
"glen-rock","bergen","electrical","2","2","0","Manual assignment and free lead forwarding","HK Electrical Group;K2 Electric"
"hackensack","bergen","handyman","3","3","0","Manual assignment and free lead forwarding","Griffith Handyman;Neighbor First Home Services;Sentinel Handyman LLC"
"hackensack","bergen","masonry","3","3","0","Manual assignment and free lead forwarding","A&E Exteriors LLC;Griffith Handyman;Jersey Complete Construction"
"hackensack","bergen","landscaping","2","2","0","Manual assignment and free lead forwarding","Finishing Touch Landscape Construction;Hubinger Landscaping"
"hackensack","bergen","painting","3","3","0","Manual assignment and free lead forwarding","Brush House Painting and Flooring Services of North Jersey;Griffith Handyman;Sentinel Handyman LLC"
"hackensack","bergen","drywall","3","3","0","Manual assignment and free lead forwarding","Brush House Painting and Flooring Services of North Jersey;Griffith Handyman;Sentinel Handyman LLC"
"hackensack","bergen","tile","2","2","0","Manual assignment and free lead forwarding","Brush House Painting and Flooring Services of North Jersey;Griffith Handyman"
"hackensack","bergen","plumbing","4","4","0","Manual assignment and free lead forwarding","All A's Plumbing and Heating;All County Plumbing and Heating;Clear Flow Plumbing Heating and HVAC;Daibes Plumbing and Heating"
"hackensack","bergen","electrical","2","2","0","Manual assignment and free lead forwarding","HK Electrical Group;K2 Electric"
"harrington-park","bergen","handyman","3","3","0","Manual assignment and free lead forwarding","Griffith Handyman;Neighbor First Home Services;Sentinel Handyman LLC"
"harrington-park","bergen","masonry","3","3","0","Manual assignment and free lead forwarding","A&E Exteriors LLC;Griffith Handyman;Jersey Complete Construction"
"harrington-park","bergen","landscaping","2","2","0","Manual assignment and free lead forwarding","Finishing Touch Landscape Construction;Hubinger Landscaping"
"harrington-park","bergen","painting","3","3","0","Manual assignment and free lead forwarding","Brush House Painting and Flooring Services of North Jersey;Griffith Handyman;Sentinel Handyman LLC"
"harrington-park","bergen","drywall","3","3","0","Manual assignment and free lead forwarding","Brush House Painting and Flooring Services of North Jersey;Griffith Handyman;Sentinel Handyman LLC"
"harrington-park","bergen","tile","2","2","0","Manual assignment and free lead forwarding","Brush House Painting and Flooring Services of North Jersey;Griffith Handyman"
"harrington-park","bergen","plumbing","4","4","0","Manual assignment and free lead forwarding","All A's Plumbing and Heating;All County Plumbing and Heating;Clear Flow Plumbing Heating and HVAC;Daibes Plumbing and Heating"
"harrington-park","bergen","electrical","2","2","0","Manual assignment and free lead forwarding","HK Electrical Group;K2 Electric"
"hasbrouck-heights","bergen","handyman","3","3","0","Manual assignment and free lead forwarding","Griffith Handyman;Neighbor First Home Services;Sentinel Handyman LLC"
"hasbrouck-heights","bergen","masonry","3","3","0","Manual assignment and free lead forwarding","A&E Exteriors LLC;Griffith Handyman;Jersey Complete Construction"
"hasbrouck-heights","bergen","landscaping","2","2","0","Manual assignment and free lead forwarding","Finishing Touch Landscape Construction;Hubinger Landscaping"
"hasbrouck-heights","bergen","painting","3","3","0","Manual assignment and free lead forwarding","Brush House Painting and Flooring Services of North Jersey;Griffith Handyman;Sentinel Handyman LLC"
"hasbrouck-heights","bergen","drywall","3","3","0","Manual assignment and free lead forwarding","Brush House Painting and Flooring Services of North Jersey;Griffith Handyman;Sentinel Handyman LLC"
"hasbrouck-heights","bergen","tile","2","2","0","Manual assignment and free lead forwarding","Brush House Painting and Flooring Services of North Jersey;Griffith Handyman"
"hasbrouck-heights","bergen","plumbing","4","4","0","Manual assignment and free lead forwarding","All A's Plumbing and Heating;All County Plumbing and Heating;Clear Flow Plumbing Heating and HVAC;Daibes Plumbing and Heating"
"hasbrouck-heights","bergen","electrical","2","2","0","Manual assignment and free lead forwarding","HK Electrical Group;K2 Electric"
"haworth","bergen","handyman","3","3","0","Manual assignment and free lead forwarding","Griffith Handyman;Neighbor First Home Services;Sentinel Handyman LLC"
"haworth","bergen","masonry","3","3","0","Manual assignment and free lead forwarding","A&E Exteriors LLC;Griffith Handyman;Jersey Complete Construction"
"haworth","bergen","landscaping","2","2","0","Manual assignment and free lead forwarding","Finishing Touch Landscape Construction;Hubinger Landscaping"
"haworth","bergen","painting","3","3","0","Manual assignment and free lead forwarding","Brush House Painting and Flooring Services of North Jersey;Griffith Handyman;Sentinel Handyman LLC"
"haworth","bergen","drywall","3","3","0","Manual assignment and free lead forwarding","Brush House Painting and Flooring Services of North Jersey;Griffith Handyman;Sentinel Handyman LLC"
"haworth","bergen","tile","2","2","0","Manual assignment and free lead forwarding","Brush House Painting and Flooring Services of North Jersey;Griffith Handyman"
"haworth","bergen","plumbing","4","4","0","Manual assignment and free lead forwarding","All A's Plumbing and Heating;All County Plumbing and Heating;Clear Flow Plumbing Heating and HVAC;Daibes Plumbing and Heating"
"haworth","bergen","electrical","2","2","0","Manual assignment and free lead forwarding","HK Electrical Group;K2 Electric"
"hillsdale","bergen","handyman","3","3","0","Manual assignment and free lead forwarding","Griffith Handyman;Neighbor First Home Services;Sentinel Handyman LLC"
"hillsdale","bergen","masonry","3","3","0","Manual assignment and free lead forwarding","A&E Exteriors LLC;Griffith Handyman;Jersey Complete Construction"
"hillsdale","bergen","landscaping","2","2","0","Manual assignment and free lead forwarding","Finishing Touch Landscape Construction;Hubinger Landscaping"
"hillsdale","bergen","painting","3","3","0","Manual assignment and free lead forwarding","Brush House Painting and Flooring Services of North Jersey;Griffith Handyman;Sentinel Handyman LLC"
"hillsdale","bergen","drywall","3","3","0","Manual assignment and free lead forwarding","Brush House Painting and Flooring Services of North Jersey;Griffith Handyman;Sentinel Handyman LLC"
"hillsdale","bergen","tile","2","2","0","Manual assignment and free lead forwarding","Brush House Painting and Flooring Services of North Jersey;Griffith Handyman"
"hillsdale","bergen","plumbing","4","4","0","Manual assignment and free lead forwarding","All A's Plumbing and Heating;All County Plumbing and Heating;Clear Flow Plumbing Heating and HVAC;Daibes Plumbing and Heating"
"hillsdale","bergen","electrical","2","2","0","Manual assignment and free lead forwarding","HK Electrical Group;K2 Electric"
"ho-ho-kus","bergen","handyman","4","4","0","Manual assignment and free lead forwarding","Griffith Handyman;M & S Premier Home Services;Neighbor First Home Services;Sentinel Handyman LLC"
"ho-ho-kus","bergen","masonry","3","3","0","Manual assignment and free lead forwarding","A&E Exteriors LLC;Griffith Handyman;Jersey Complete Construction"
"ho-ho-kus","bergen","landscaping","2","2","0","Manual assignment and free lead forwarding","Finishing Touch Landscape Construction;Hubinger Landscaping"
"ho-ho-kus","bergen","painting","3","3","0","Manual assignment and free lead forwarding","Brush House Painting and Flooring Services of North Jersey;Griffith Handyman;Sentinel Handyman LLC"
"ho-ho-kus","bergen","drywall","3","3","0","Manual assignment and free lead forwarding","Brush House Painting and Flooring Services of North Jersey;Griffith Handyman;Sentinel Handyman LLC"
"ho-ho-kus","bergen","tile","2","2","0","Manual assignment and free lead forwarding","Brush House Painting and Flooring Services of North Jersey;Griffith Handyman"
"ho-ho-kus","bergen","plumbing","4","4","0","Manual assignment and free lead forwarding","All A's Plumbing and Heating;All County Plumbing and Heating;Clear Flow Plumbing Heating and HVAC;Daibes Plumbing and Heating"
"ho-ho-kus","bergen","electrical","2","2","0","Manual assignment and free lead forwarding","HK Electrical Group;K2 Electric"
"leonia","bergen","handyman","3","3","0","Manual assignment and free lead forwarding","Griffith Handyman;Neighbor First Home Services;Sentinel Handyman LLC"
"leonia","bergen","masonry","3","3","0","Manual assignment and free lead forwarding","A&E Exteriors LLC;Griffith Handyman;Jersey Complete Construction"
"leonia","bergen","landscaping","2","2","0","Manual assignment and free lead forwarding","Finishing Touch Landscape Construction;Hubinger Landscaping"
"leonia","bergen","painting","3","3","0","Manual assignment and free lead forwarding","Brush House Painting and Flooring Services of North Jersey;Griffith Handyman;Sentinel Handyman LLC"
"leonia","bergen","drywall","3","3","0","Manual assignment and free lead forwarding","Brush House Painting and Flooring Services of North Jersey;Griffith Handyman;Sentinel Handyman LLC"
"leonia","bergen","tile","2","2","0","Manual assignment and free lead forwarding","Brush House Painting and Flooring Services of North Jersey;Griffith Handyman"
"leonia","bergen","plumbing","4","4","0","Manual assignment and free lead forwarding","All A's Plumbing and Heating;All County Plumbing and Heating;Clear Flow Plumbing Heating and HVAC;Daibes Plumbing and Heating"
"leonia","bergen","electrical","2","2","0","Manual assignment and free lead forwarding","HK Electrical Group;K2 Electric"
"little-ferry","bergen","handyman","3","3","0","Manual assignment and free lead forwarding","Griffith Handyman;Neighbor First Home Services;Sentinel Handyman LLC"
"little-ferry","bergen","masonry","3","3","0","Manual assignment and free lead forwarding","A&E Exteriors LLC;Griffith Handyman;Jersey Complete Construction"
"little-ferry","bergen","landscaping","2","2","0","Manual assignment and free lead forwarding","Finishing Touch Landscape Construction;Hubinger Landscaping"
"little-ferry","bergen","painting","3","3","0","Manual assignment and free lead forwarding","Brush House Painting and Flooring Services of North Jersey;Griffith Handyman;Sentinel Handyman LLC"
"little-ferry","bergen","drywall","3","3","0","Manual assignment and free lead forwarding","Brush House Painting and Flooring Services of North Jersey;Griffith Handyman;Sentinel Handyman LLC"
"little-ferry","bergen","tile","2","2","0","Manual assignment and free lead forwarding","Brush House Painting and Flooring Services of North Jersey;Griffith Handyman"
"little-ferry","bergen","plumbing","4","4","0","Manual assignment and free lead forwarding","All A's Plumbing and Heating;All County Plumbing and Heating;Clear Flow Plumbing Heating and HVAC;Daibes Plumbing and Heating"
"little-ferry","bergen","electrical","2","2","0","Manual assignment and free lead forwarding","HK Electrical Group;K2 Electric"
"lodi","bergen","handyman","3","3","0","Manual assignment and free lead forwarding","Griffith Handyman;Neighbor First Home Services;Sentinel Handyman LLC"
"lodi","bergen","masonry","3","3","0","Manual assignment and free lead forwarding","A&E Exteriors LLC;Griffith Handyman;Jersey Complete Construction"
"lodi","bergen","landscaping","2","2","0","Manual assignment and free lead forwarding","Finishing Touch Landscape Construction;Hubinger Landscaping"
"lodi","bergen","painting","3","3","0","Manual assignment and free lead forwarding","Brush House Painting and Flooring Services of North Jersey;Griffith Handyman;Sentinel Handyman LLC"
"lodi","bergen","drywall","3","3","0","Manual assignment and free lead forwarding","Brush House Painting and Flooring Services of North Jersey;Griffith Handyman;Sentinel Handyman LLC"
"lodi","bergen","tile","2","2","0","Manual assignment and free lead forwarding","Brush House Painting and Flooring Services of North Jersey;Griffith Handyman"
"lodi","bergen","plumbing","4","4","0","Manual assignment and free lead forwarding","All A's Plumbing and Heating;All County Plumbing and Heating;Clear Flow Plumbing Heating and HVAC;Daibes Plumbing and Heating"
"lodi","bergen","electrical","2","2","0","Manual assignment and free lead forwarding","HK Electrical Group;K2 Electric"
"lyndhurst","bergen","handyman","3","3","0","Manual assignment and free lead forwarding","Griffith Handyman;Neighbor First Home Services;Sentinel Handyman LLC"
"lyndhurst","bergen","masonry","3","3","0","Manual assignment and free lead forwarding","A&E Exteriors LLC;Griffith Handyman;Jersey Complete Construction"
"lyndhurst","bergen","landscaping","2","2","0","Manual assignment and free lead forwarding","Finishing Touch Landscape Construction;Hubinger Landscaping"
"lyndhurst","bergen","painting","3","3","0","Manual assignment and free lead forwarding","Brush House Painting and Flooring Services of North Jersey;Griffith Handyman;Sentinel Handyman LLC"
"lyndhurst","bergen","drywall","3","3","0","Manual assignment and free lead forwarding","Brush House Painting and Flooring Services of North Jersey;Griffith Handyman;Sentinel Handyman LLC"
"lyndhurst","bergen","tile","2","2","0","Manual assignment and free lead forwarding","Brush House Painting and Flooring Services of North Jersey;Griffith Handyman"
"lyndhurst","bergen","plumbing","4","4","0","Manual assignment and free lead forwarding","All A's Plumbing and Heating;All County Plumbing and Heating;Clear Flow Plumbing Heating and HVAC;Daibes Plumbing and Heating"
"lyndhurst","bergen","electrical","2","2","0","Manual assignment and free lead forwarding","HK Electrical Group;K2 Electric"
"mahwah","bergen","handyman","4","4","0","Manual assignment and free lead forwarding","Griffith Handyman;M & S Premier Home Services;Neighbor First Home Services;Sentinel Handyman LLC"
"mahwah","bergen","masonry","3","3","0","Manual assignment and free lead forwarding","A&E Exteriors LLC;Griffith Handyman;Jersey Complete Construction"
"mahwah","bergen","landscaping","2","2","0","Manual assignment and free lead forwarding","Finishing Touch Landscape Construction;Hubinger Landscaping"
"mahwah","bergen","painting","3","3","0","Manual assignment and free lead forwarding","Brush House Painting and Flooring Services of North Jersey;Griffith Handyman;Sentinel Handyman LLC"
"mahwah","bergen","drywall","3","3","0","Manual assignment and free lead forwarding","Brush House Painting and Flooring Services of North Jersey;Griffith Handyman;Sentinel Handyman LLC"
"mahwah","bergen","tile","2","2","0","Manual assignment and free lead forwarding","Brush House Painting and Flooring Services of North Jersey;Griffith Handyman"
"mahwah","bergen","plumbing","4","4","0","Manual assignment and free lead forwarding","All A's Plumbing and Heating;All County Plumbing and Heating;Clear Flow Plumbing Heating and HVAC;Daibes Plumbing and Heating"
"mahwah","bergen","electrical","2","2","0","Manual assignment and free lead forwarding","HK Electrical Group;K2 Electric"
"maywood","bergen","handyman","3","3","0","Manual assignment and free lead forwarding","Griffith Handyman;Neighbor First Home Services;Sentinel Handyman LLC"
"maywood","bergen","masonry","3","3","0","Manual assignment and free lead forwarding","A&E Exteriors LLC;Griffith Handyman;Jersey Complete Construction"
"maywood","bergen","landscaping","2","2","0","Manual assignment and free lead forwarding","Finishing Touch Landscape Construction;Hubinger Landscaping"
"maywood","bergen","painting","3","3","0","Manual assignment and free lead forwarding","Brush House Painting and Flooring Services of North Jersey;Griffith Handyman;Sentinel Handyman LLC"
"maywood","bergen","drywall","3","3","0","Manual assignment and free lead forwarding","Brush House Painting and Flooring Services of North Jersey;Griffith Handyman;Sentinel Handyman LLC"
"maywood","bergen","tile","2","2","0","Manual assignment and free lead forwarding","Brush House Painting and Flooring Services of North Jersey;Griffith Handyman"
"maywood","bergen","plumbing","4","4","0","Manual assignment and free lead forwarding","All A's Plumbing and Heating;All County Plumbing and Heating;Clear Flow Plumbing Heating and HVAC;Daibes Plumbing and Heating"
"maywood","bergen","electrical","2","2","0","Manual assignment and free lead forwarding","HK Electrical Group;K2 Electric"
"midland-park","bergen","handyman","4","4","0","Manual assignment and free lead forwarding","Griffith Handyman;M & S Premier Home Services;Neighbor First Home Services;Sentinel Handyman LLC"
"midland-park","bergen","masonry","3","3","0","Manual assignment and free lead forwarding","A&E Exteriors LLC;Griffith Handyman;Jersey Complete Construction"
"midland-park","bergen","landscaping","2","2","0","Manual assignment and free lead forwarding","Finishing Touch Landscape Construction;Hubinger Landscaping"
"midland-park","bergen","painting","3","3","0","Manual assignment and free lead forwarding","Brush House Painting and Flooring Services of North Jersey;Griffith Handyman;Sentinel Handyman LLC"
"midland-park","bergen","drywall","3","3","0","Manual assignment and free lead forwarding","Brush House Painting and Flooring Services of North Jersey;Griffith Handyman;Sentinel Handyman LLC"
"midland-park","bergen","tile","2","2","0","Manual assignment and free lead forwarding","Brush House Painting and Flooring Services of North Jersey;Griffith Handyman"
"midland-park","bergen","plumbing","4","4","0","Manual assignment and free lead forwarding","All A's Plumbing and Heating;All County Plumbing and Heating;Clear Flow Plumbing Heating and HVAC;Daibes Plumbing and Heating"
"midland-park","bergen","electrical","2","2","0","Manual assignment and free lead forwarding","HK Electrical Group;K2 Electric"
"montvale","bergen","handyman","3","3","0","Manual assignment and free lead forwarding","Griffith Handyman;Neighbor First Home Services;Sentinel Handyman LLC"
"montvale","bergen","masonry","3","3","0","Manual assignment and free lead forwarding","A&E Exteriors LLC;Griffith Handyman;Jersey Complete Construction"
"montvale","bergen","landscaping","2","2","0","Manual assignment and free lead forwarding","Finishing Touch Landscape Construction;Hubinger Landscaping"
"montvale","bergen","painting","3","3","0","Manual assignment and free lead forwarding","Brush House Painting and Flooring Services of North Jersey;Griffith Handyman;Sentinel Handyman LLC"
"montvale","bergen","drywall","3","3","0","Manual assignment and free lead forwarding","Brush House Painting and Flooring Services of North Jersey;Griffith Handyman;Sentinel Handyman LLC"
"montvale","bergen","tile","2","2","0","Manual assignment and free lead forwarding","Brush House Painting and Flooring Services of North Jersey;Griffith Handyman"
"montvale","bergen","plumbing","4","4","0","Manual assignment and free lead forwarding","All A's Plumbing and Heating;All County Plumbing and Heating;Clear Flow Plumbing Heating and HVAC;Daibes Plumbing and Heating"
"montvale","bergen","electrical","2","2","0","Manual assignment and free lead forwarding","HK Electrical Group;K2 Electric"
"moonachie","bergen","handyman","3","3","0","Manual assignment and free lead forwarding","Griffith Handyman;Neighbor First Home Services;Sentinel Handyman LLC"
"moonachie","bergen","masonry","3","3","0","Manual assignment and free lead forwarding","A&E Exteriors LLC;Griffith Handyman;Jersey Complete Construction"
"moonachie","bergen","landscaping","2","2","0","Manual assignment and free lead forwarding","Finishing Touch Landscape Construction;Hubinger Landscaping"
"moonachie","bergen","painting","3","3","0","Manual assignment and free lead forwarding","Brush House Painting and Flooring Services of North Jersey;Griffith Handyman;Sentinel Handyman LLC"
"moonachie","bergen","drywall","3","3","0","Manual assignment and free lead forwarding","Brush House Painting and Flooring Services of North Jersey;Griffith Handyman;Sentinel Handyman LLC"
"moonachie","bergen","tile","2","2","0","Manual assignment and free lead forwarding","Brush House Painting and Flooring Services of North Jersey;Griffith Handyman"
"moonachie","bergen","plumbing","4","4","0","Manual assignment and free lead forwarding","All A's Plumbing and Heating;All County Plumbing and Heating;Clear Flow Plumbing Heating and HVAC;Daibes Plumbing and Heating"
"moonachie","bergen","electrical","2","2","0","Manual assignment and free lead forwarding","HK Electrical Group;K2 Electric"
"new-milford","bergen","handyman","3","3","0","Manual assignment and free lead forwarding","Griffith Handyman;Neighbor First Home Services;Sentinel Handyman LLC"
"new-milford","bergen","masonry","3","3","0","Manual assignment and free lead forwarding","A&E Exteriors LLC;Griffith Handyman;Jersey Complete Construction"
"new-milford","bergen","landscaping","2","2","0","Manual assignment and free lead forwarding","Finishing Touch Landscape Construction;Hubinger Landscaping"
"new-milford","bergen","painting","3","3","0","Manual assignment and free lead forwarding","Brush House Painting and Flooring Services of North Jersey;Griffith Handyman;Sentinel Handyman LLC"
"new-milford","bergen","drywall","3","3","0","Manual assignment and free lead forwarding","Brush House Painting and Flooring Services of North Jersey;Griffith Handyman;Sentinel Handyman LLC"
"new-milford","bergen","tile","2","2","0","Manual assignment and free lead forwarding","Brush House Painting and Flooring Services of North Jersey;Griffith Handyman"
"new-milford","bergen","plumbing","4","4","0","Manual assignment and free lead forwarding","All A's Plumbing and Heating;All County Plumbing and Heating;Clear Flow Plumbing Heating and HVAC;Daibes Plumbing and Heating"
"new-milford","bergen","electrical","2","2","0","Manual assignment and free lead forwarding","HK Electrical Group;K2 Electric"
"north-arlington","bergen","handyman","3","3","0","Manual assignment and free lead forwarding","Griffith Handyman;Neighbor First Home Services;Sentinel Handyman LLC"
"north-arlington","bergen","masonry","3","3","0","Manual assignment and free lead forwarding","A&E Exteriors LLC;Griffith Handyman;Jersey Complete Construction"
"north-arlington","bergen","landscaping","2","2","0","Manual assignment and free lead forwarding","Finishing Touch Landscape Construction;Hubinger Landscaping"
"north-arlington","bergen","painting","3","3","0","Manual assignment and free lead forwarding","Brush House Painting and Flooring Services of North Jersey;Griffith Handyman;Sentinel Handyman LLC"
"north-arlington","bergen","drywall","3","3","0","Manual assignment and free lead forwarding","Brush House Painting and Flooring Services of North Jersey;Griffith Handyman;Sentinel Handyman LLC"
"north-arlington","bergen","tile","2","2","0","Manual assignment and free lead forwarding","Brush House Painting and Flooring Services of North Jersey;Griffith Handyman"
"north-arlington","bergen","plumbing","4","4","0","Manual assignment and free lead forwarding","All A's Plumbing and Heating;All County Plumbing and Heating;Clear Flow Plumbing Heating and HVAC;Daibes Plumbing and Heating"
"north-arlington","bergen","electrical","2","2","0","Manual assignment and free lead forwarding","HK Electrical Group;K2 Electric"
"northvale","bergen","handyman","3","3","0","Manual assignment and free lead forwarding","Griffith Handyman;Neighbor First Home Services;Sentinel Handyman LLC"
"northvale","bergen","masonry","3","3","0","Manual assignment and free lead forwarding","A&E Exteriors LLC;Griffith Handyman;Jersey Complete Construction"
"northvale","bergen","landscaping","2","2","0","Manual assignment and free lead forwarding","Finishing Touch Landscape Construction;Hubinger Landscaping"
"northvale","bergen","painting","3","3","0","Manual assignment and free lead forwarding","Brush House Painting and Flooring Services of North Jersey;Griffith Handyman;Sentinel Handyman LLC"
"northvale","bergen","drywall","3","3","0","Manual assignment and free lead forwarding","Brush House Painting and Flooring Services of North Jersey;Griffith Handyman;Sentinel Handyman LLC"
"northvale","bergen","tile","2","2","0","Manual assignment and free lead forwarding","Brush House Painting and Flooring Services of North Jersey;Griffith Handyman"
"northvale","bergen","plumbing","4","4","0","Manual assignment and free lead forwarding","All A's Plumbing and Heating;All County Plumbing and Heating;Clear Flow Plumbing Heating and HVAC;Daibes Plumbing and Heating"
"northvale","bergen","electrical","2","2","0","Manual assignment and free lead forwarding","HK Electrical Group;K2 Electric"
"norwood","bergen","handyman","3","3","0","Manual assignment and free lead forwarding","Griffith Handyman;Neighbor First Home Services;Sentinel Handyman LLC"
"norwood","bergen","masonry","3","3","0","Manual assignment and free lead forwarding","A&E Exteriors LLC;Griffith Handyman;Jersey Complete Construction"
"norwood","bergen","landscaping","2","2","0","Manual assignment and free lead forwarding","Finishing Touch Landscape Construction;Hubinger Landscaping"
"norwood","bergen","painting","3","3","0","Manual assignment and free lead forwarding","Brush House Painting and Flooring Services of North Jersey;Griffith Handyman;Sentinel Handyman LLC"
"norwood","bergen","drywall","3","3","0","Manual assignment and free lead forwarding","Brush House Painting and Flooring Services of North Jersey;Griffith Handyman;Sentinel Handyman LLC"
"norwood","bergen","tile","2","2","0","Manual assignment and free lead forwarding","Brush House Painting and Flooring Services of North Jersey;Griffith Handyman"
"norwood","bergen","plumbing","4","4","0","Manual assignment and free lead forwarding","All A's Plumbing and Heating;All County Plumbing and Heating;Clear Flow Plumbing Heating and HVAC;Daibes Plumbing and Heating"
"norwood","bergen","electrical","2","2","0","Manual assignment and free lead forwarding","HK Electrical Group;K2 Electric"
"oakland","bergen","handyman","3","3","0","Manual assignment and free lead forwarding","Griffith Handyman;Neighbor First Home Services;Sentinel Handyman LLC"
"oakland","bergen","masonry","3","3","0","Manual assignment and free lead forwarding","A&E Exteriors LLC;Griffith Handyman;Jersey Complete Construction"
"oakland","bergen","landscaping","2","2","0","Manual assignment and free lead forwarding","Finishing Touch Landscape Construction;Hubinger Landscaping"
"oakland","bergen","painting","3","3","0","Manual assignment and free lead forwarding","Brush House Painting and Flooring Services of North Jersey;Griffith Handyman;Sentinel Handyman LLC"
"oakland","bergen","drywall","3","3","0","Manual assignment and free lead forwarding","Brush House Painting and Flooring Services of North Jersey;Griffith Handyman;Sentinel Handyman LLC"
"oakland","bergen","tile","2","2","0","Manual assignment and free lead forwarding","Brush House Painting and Flooring Services of North Jersey;Griffith Handyman"
"oakland","bergen","plumbing","4","4","0","Manual assignment and free lead forwarding","All A's Plumbing and Heating;All County Plumbing and Heating;Clear Flow Plumbing Heating and HVAC;Daibes Plumbing and Heating"
"oakland","bergen","electrical","2","2","0","Manual assignment and free lead forwarding","HK Electrical Group;K2 Electric"
"old-tappan","bergen","handyman","3","3","0","Manual assignment and free lead forwarding","Griffith Handyman;Neighbor First Home Services;Sentinel Handyman LLC"
"old-tappan","bergen","masonry","3","3","0","Manual assignment and free lead forwarding","A&E Exteriors LLC;Griffith Handyman;Jersey Complete Construction"
"old-tappan","bergen","landscaping","2","2","0","Manual assignment and free lead forwarding","Finishing Touch Landscape Construction;Hubinger Landscaping"
"old-tappan","bergen","painting","3","3","0","Manual assignment and free lead forwarding","Brush House Painting and Flooring Services of North Jersey;Griffith Handyman;Sentinel Handyman LLC"
"old-tappan","bergen","drywall","3","3","0","Manual assignment and free lead forwarding","Brush House Painting and Flooring Services of North Jersey;Griffith Handyman;Sentinel Handyman LLC"
"old-tappan","bergen","tile","2","2","0","Manual assignment and free lead forwarding","Brush House Painting and Flooring Services of North Jersey;Griffith Handyman"
"old-tappan","bergen","plumbing","4","4","0","Manual assignment and free lead forwarding","All A's Plumbing and Heating;All County Plumbing and Heating;Clear Flow Plumbing Heating and HVAC;Daibes Plumbing and Heating"
"old-tappan","bergen","electrical","2","2","0","Manual assignment and free lead forwarding","HK Electrical Group;K2 Electric"
"oradell","bergen","handyman","3","3","0","Manual assignment and free lead forwarding","Griffith Handyman;Neighbor First Home Services;Sentinel Handyman LLC"
"oradell","bergen","masonry","3","3","0","Manual assignment and free lead forwarding","A&E Exteriors LLC;Griffith Handyman;Jersey Complete Construction"
"oradell","bergen","landscaping","2","2","0","Manual assignment and free lead forwarding","Finishing Touch Landscape Construction;Hubinger Landscaping"
"oradell","bergen","painting","3","3","0","Manual assignment and free lead forwarding","Brush House Painting and Flooring Services of North Jersey;Griffith Handyman;Sentinel Handyman LLC"
"oradell","bergen","drywall","3","3","0","Manual assignment and free lead forwarding","Brush House Painting and Flooring Services of North Jersey;Griffith Handyman;Sentinel Handyman LLC"
"oradell","bergen","tile","2","2","0","Manual assignment and free lead forwarding","Brush House Painting and Flooring Services of North Jersey;Griffith Handyman"
"oradell","bergen","plumbing","4","4","0","Manual assignment and free lead forwarding","All A's Plumbing and Heating;All County Plumbing and Heating;Clear Flow Plumbing Heating and HVAC;Daibes Plumbing and Heating"
"oradell","bergen","electrical","2","2","0","Manual assignment and free lead forwarding","HK Electrical Group;K2 Electric"
"palisades-park","bergen","handyman","3","3","0","Manual assignment and free lead forwarding","Griffith Handyman;Neighbor First Home Services;Sentinel Handyman LLC"
"palisades-park","bergen","masonry","3","3","0","Manual assignment and free lead forwarding","A&E Exteriors LLC;Griffith Handyman;Jersey Complete Construction"
"palisades-park","bergen","landscaping","2","2","0","Manual assignment and free lead forwarding","Finishing Touch Landscape Construction;Hubinger Landscaping"
"palisades-park","bergen","painting","3","3","0","Manual assignment and free lead forwarding","Brush House Painting and Flooring Services of North Jersey;Griffith Handyman;Sentinel Handyman LLC"
"palisades-park","bergen","drywall","3","3","0","Manual assignment and free lead forwarding","Brush House Painting and Flooring Services of North Jersey;Griffith Handyman;Sentinel Handyman LLC"
"palisades-park","bergen","tile","2","2","0","Manual assignment and free lead forwarding","Brush House Painting and Flooring Services of North Jersey;Griffith Handyman"
"palisades-park","bergen","plumbing","4","4","0","Manual assignment and free lead forwarding","All A's Plumbing and Heating;All County Plumbing and Heating;Clear Flow Plumbing Heating and HVAC;Daibes Plumbing and Heating"
"palisades-park","bergen","electrical","2","2","0","Manual assignment and free lead forwarding","HK Electrical Group;K2 Electric"
"paramus","bergen","handyman","5","5","0","Manual assignment and free lead forwarding","Griffith Handyman;M & S Premier Home Services;Neighbor First Home Services;Sentinel Handyman LLC;Tropic Pro Services"
"paramus","bergen","masonry","3","3","0","Manual assignment and free lead forwarding","A&E Exteriors LLC;Griffith Handyman;Jersey Complete Construction"
"paramus","bergen","landscaping","2","2","0","Manual assignment and free lead forwarding","Finishing Touch Landscape Construction;Hubinger Landscaping"
"paramus","bergen","painting","4","4","0","Manual assignment and free lead forwarding","Brush House Painting and Flooring Services of North Jersey;Griffith Handyman;Sentinel Handyman LLC;Tropic Pro Services"
"paramus","bergen","drywall","3","3","0","Manual assignment and free lead forwarding","Brush House Painting and Flooring Services of North Jersey;Griffith Handyman;Sentinel Handyman LLC"
"paramus","bergen","tile","2","2","0","Manual assignment and free lead forwarding","Brush House Painting and Flooring Services of North Jersey;Griffith Handyman"
"paramus","bergen","plumbing","4","4","0","Manual assignment and free lead forwarding","All A's Plumbing and Heating;All County Plumbing and Heating;Clear Flow Plumbing Heating and HVAC;Daibes Plumbing and Heating"
"paramus","bergen","electrical","2","2","0","Manual assignment and free lead forwarding","HK Electrical Group;K2 Electric"
"park-ridge","bergen","handyman","4","4","0","Manual assignment and free lead forwarding","Griffith Handyman;M & S Premier Home Services;Neighbor First Home Services;Sentinel Handyman LLC"
"park-ridge","bergen","masonry","3","3","0","Manual assignment and free lead forwarding","A&E Exteriors LLC;Griffith Handyman;Jersey Complete Construction"
"park-ridge","bergen","landscaping","2","2","0","Manual assignment and free lead forwarding","Finishing Touch Landscape Construction;Hubinger Landscaping"
"park-ridge","bergen","painting","3","3","0","Manual assignment and free lead forwarding","Brush House Painting and Flooring Services of North Jersey;Griffith Handyman;Sentinel Handyman LLC"
"park-ridge","bergen","drywall","3","3","0","Manual assignment and free lead forwarding","Brush House Painting and Flooring Services of North Jersey;Griffith Handyman;Sentinel Handyman LLC"
"park-ridge","bergen","tile","2","2","0","Manual assignment and free lead forwarding","Brush House Painting and Flooring Services of North Jersey;Griffith Handyman"
"park-ridge","bergen","plumbing","4","4","0","Manual assignment and free lead forwarding","All A's Plumbing and Heating;All County Plumbing and Heating;Clear Flow Plumbing Heating and HVAC;Daibes Plumbing and Heating"
"park-ridge","bergen","electrical","2","2","0","Manual assignment and free lead forwarding","HK Electrical Group;K2 Electric"
"ramsey","bergen","handyman","5","5","0","Manual assignment and free lead forwarding","Griffith Handyman;M & S Premier Home Services;Neighbor First Home Services;Sentinel Handyman LLC;Tropic Pro Services"
"ramsey","bergen","masonry","3","3","0","Manual assignment and free lead forwarding","A&E Exteriors LLC;Griffith Handyman;Jersey Complete Construction"
"ramsey","bergen","landscaping","2","2","0","Manual assignment and free lead forwarding","Finishing Touch Landscape Construction;Hubinger Landscaping"
"ramsey","bergen","painting","4","4","0","Manual assignment and free lead forwarding","Brush House Painting and Flooring Services of North Jersey;Griffith Handyman;Sentinel Handyman LLC;Tropic Pro Services"
"ramsey","bergen","drywall","3","3","0","Manual assignment and free lead forwarding","Brush House Painting and Flooring Services of North Jersey;Griffith Handyman;Sentinel Handyman LLC"
"ramsey","bergen","tile","2","2","0","Manual assignment and free lead forwarding","Brush House Painting and Flooring Services of North Jersey;Griffith Handyman"
"ramsey","bergen","plumbing","4","4","0","Manual assignment and free lead forwarding","All A's Plumbing and Heating;All County Plumbing and Heating;Clear Flow Plumbing Heating and HVAC;Daibes Plumbing and Heating"
"ramsey","bergen","electrical","2","2","0","Manual assignment and free lead forwarding","HK Electrical Group;K2 Electric"
"ridgefield","bergen","handyman","3","3","0","Manual assignment and free lead forwarding","Griffith Handyman;Neighbor First Home Services;Sentinel Handyman LLC"
"ridgefield","bergen","masonry","3","3","0","Manual assignment and free lead forwarding","A&E Exteriors LLC;Griffith Handyman;Jersey Complete Construction"
"ridgefield","bergen","landscaping","2","2","0","Manual assignment and free lead forwarding","Finishing Touch Landscape Construction;Hubinger Landscaping"
"ridgefield","bergen","painting","3","3","0","Manual assignment and free lead forwarding","Brush House Painting and Flooring Services of North Jersey;Griffith Handyman;Sentinel Handyman LLC"
"ridgefield","bergen","drywall","3","3","0","Manual assignment and free lead forwarding","Brush House Painting and Flooring Services of North Jersey;Griffith Handyman;Sentinel Handyman LLC"
"ridgefield","bergen","tile","2","2","0","Manual assignment and free lead forwarding","Brush House Painting and Flooring Services of North Jersey;Griffith Handyman"
"ridgefield","bergen","plumbing","4","4","0","Manual assignment and free lead forwarding","All A's Plumbing and Heating;All County Plumbing and Heating;Clear Flow Plumbing Heating and HVAC;Daibes Plumbing and Heating"
"ridgefield","bergen","electrical","2","2","0","Manual assignment and free lead forwarding","HK Electrical Group;K2 Electric"
"ridgefield-park","bergen","handyman","3","3","0","Manual assignment and free lead forwarding","Griffith Handyman;Neighbor First Home Services;Sentinel Handyman LLC"
"ridgefield-park","bergen","masonry","3","3","0","Manual assignment and free lead forwarding","A&E Exteriors LLC;Griffith Handyman;Jersey Complete Construction"
"ridgefield-park","bergen","landscaping","2","2","0","Manual assignment and free lead forwarding","Finishing Touch Landscape Construction;Hubinger Landscaping"
"ridgefield-park","bergen","painting","3","3","0","Manual assignment and free lead forwarding","Brush House Painting and Flooring Services of North Jersey;Griffith Handyman;Sentinel Handyman LLC"
"ridgefield-park","bergen","drywall","3","3","0","Manual assignment and free lead forwarding","Brush House Painting and Flooring Services of North Jersey;Griffith Handyman;Sentinel Handyman LLC"
"ridgefield-park","bergen","tile","2","2","0","Manual assignment and free lead forwarding","Brush House Painting and Flooring Services of North Jersey;Griffith Handyman"
"ridgefield-park","bergen","plumbing","4","4","0","Manual assignment and free lead forwarding","All A's Plumbing and Heating;All County Plumbing and Heating;Clear Flow Plumbing Heating and HVAC;Daibes Plumbing and Heating"
"ridgefield-park","bergen","electrical","2","2","0","Manual assignment and free lead forwarding","HK Electrical Group;K2 Electric"
"ridgewood","bergen","handyman","4","4","0","Manual assignment and free lead forwarding","Griffith Handyman;M & S Premier Home Services;Neighbor First Home Services;Sentinel Handyman LLC"
"ridgewood","bergen","masonry","3","3","0","Manual assignment and free lead forwarding","A&E Exteriors LLC;Griffith Handyman;Jersey Complete Construction"
"ridgewood","bergen","landscaping","2","2","0","Manual assignment and free lead forwarding","Finishing Touch Landscape Construction;Hubinger Landscaping"
"ridgewood","bergen","painting","3","3","0","Manual assignment and free lead forwarding","Brush House Painting and Flooring Services of North Jersey;Griffith Handyman;Sentinel Handyman LLC"
"ridgewood","bergen","drywall","3","3","0","Manual assignment and free lead forwarding","Brush House Painting and Flooring Services of North Jersey;Griffith Handyman;Sentinel Handyman LLC"
"ridgewood","bergen","tile","2","2","0","Manual assignment and free lead forwarding","Brush House Painting and Flooring Services of North Jersey;Griffith Handyman"
"ridgewood","bergen","plumbing","4","4","0","Manual assignment and free lead forwarding","All A's Plumbing and Heating;All County Plumbing and Heating;Clear Flow Plumbing Heating and HVAC;Daibes Plumbing and Heating"
"ridgewood","bergen","electrical","2","2","0","Manual assignment and free lead forwarding","HK Electrical Group;K2 Electric"
"river-edge","bergen","handyman","3","3","0","Manual assignment and free lead forwarding","Griffith Handyman;Neighbor First Home Services;Sentinel Handyman LLC"
"river-edge","bergen","masonry","3","3","0","Manual assignment and free lead forwarding","A&E Exteriors LLC;Griffith Handyman;Jersey Complete Construction"
"river-edge","bergen","landscaping","2","2","0","Manual assignment and free lead forwarding","Finishing Touch Landscape Construction;Hubinger Landscaping"
"river-edge","bergen","painting","3","3","0","Manual assignment and free lead forwarding","Brush House Painting and Flooring Services of North Jersey;Griffith Handyman;Sentinel Handyman LLC"
"river-edge","bergen","drywall","3","3","0","Manual assignment and free lead forwarding","Brush House Painting and Flooring Services of North Jersey;Griffith Handyman;Sentinel Handyman LLC"
"river-edge","bergen","tile","2","2","0","Manual assignment and free lead forwarding","Brush House Painting and Flooring Services of North Jersey;Griffith Handyman"
"river-edge","bergen","plumbing","4","4","0","Manual assignment and free lead forwarding","All A's Plumbing and Heating;All County Plumbing and Heating;Clear Flow Plumbing Heating and HVAC;Daibes Plumbing and Heating"
"river-edge","bergen","electrical","2","2","0","Manual assignment and free lead forwarding","HK Electrical Group;K2 Electric"
"river-vale","bergen","handyman","3","3","0","Manual assignment and free lead forwarding","Griffith Handyman;Neighbor First Home Services;Sentinel Handyman LLC"
"river-vale","bergen","masonry","3","3","0","Manual assignment and free lead forwarding","A&E Exteriors LLC;Griffith Handyman;Jersey Complete Construction"
"river-vale","bergen","landscaping","2","2","0","Manual assignment and free lead forwarding","Finishing Touch Landscape Construction;Hubinger Landscaping"
"river-vale","bergen","painting","3","3","0","Manual assignment and free lead forwarding","Brush House Painting and Flooring Services of North Jersey;Griffith Handyman;Sentinel Handyman LLC"
"river-vale","bergen","drywall","3","3","0","Manual assignment and free lead forwarding","Brush House Painting and Flooring Services of North Jersey;Griffith Handyman;Sentinel Handyman LLC"
"river-vale","bergen","tile","2","2","0","Manual assignment and free lead forwarding","Brush House Painting and Flooring Services of North Jersey;Griffith Handyman"
"river-vale","bergen","plumbing","4","4","0","Manual assignment and free lead forwarding","All A's Plumbing and Heating;All County Plumbing and Heating;Clear Flow Plumbing Heating and HVAC;Daibes Plumbing and Heating"
"river-vale","bergen","electrical","2","2","0","Manual assignment and free lead forwarding","HK Electrical Group;K2 Electric"
"rochelle-park","bergen","handyman","3","3","0","Manual assignment and free lead forwarding","Griffith Handyman;Neighbor First Home Services;Sentinel Handyman LLC"
"rochelle-park","bergen","masonry","3","3","0","Manual assignment and free lead forwarding","A&E Exteriors LLC;Griffith Handyman;Jersey Complete Construction"
"rochelle-park","bergen","landscaping","2","2","0","Manual assignment and free lead forwarding","Finishing Touch Landscape Construction;Hubinger Landscaping"
"rochelle-park","bergen","painting","3","3","0","Manual assignment and free lead forwarding","Brush House Painting and Flooring Services of North Jersey;Griffith Handyman;Sentinel Handyman LLC"
"rochelle-park","bergen","drywall","3","3","0","Manual assignment and free lead forwarding","Brush House Painting and Flooring Services of North Jersey;Griffith Handyman;Sentinel Handyman LLC"
"rochelle-park","bergen","tile","2","2","0","Manual assignment and free lead forwarding","Brush House Painting and Flooring Services of North Jersey;Griffith Handyman"
"rochelle-park","bergen","plumbing","4","4","0","Manual assignment and free lead forwarding","All A's Plumbing and Heating;All County Plumbing and Heating;Clear Flow Plumbing Heating and HVAC;Daibes Plumbing and Heating"
"rochelle-park","bergen","electrical","2","2","0","Manual assignment and free lead forwarding","HK Electrical Group;K2 Electric"
"rockleigh","bergen","handyman","3","3","0","Manual assignment and free lead forwarding","Griffith Handyman;Neighbor First Home Services;Sentinel Handyman LLC"
"rockleigh","bergen","masonry","3","3","0","Manual assignment and free lead forwarding","A&E Exteriors LLC;Griffith Handyman;Jersey Complete Construction"
"rockleigh","bergen","landscaping","2","2","0","Manual assignment and free lead forwarding","Finishing Touch Landscape Construction;Hubinger Landscaping"
"rockleigh","bergen","painting","3","3","0","Manual assignment and free lead forwarding","Brush House Painting and Flooring Services of North Jersey;Griffith Handyman;Sentinel Handyman LLC"
"rockleigh","bergen","drywall","3","3","0","Manual assignment and free lead forwarding","Brush House Painting and Flooring Services of North Jersey;Griffith Handyman;Sentinel Handyman LLC"
"rockleigh","bergen","tile","2","2","0","Manual assignment and free lead forwarding","Brush House Painting and Flooring Services of North Jersey;Griffith Handyman"
"rockleigh","bergen","plumbing","4","4","0","Manual assignment and free lead forwarding","All A's Plumbing and Heating;All County Plumbing and Heating;Clear Flow Plumbing Heating and HVAC;Daibes Plumbing and Heating"
"rockleigh","bergen","electrical","2","2","0","Manual assignment and free lead forwarding","HK Electrical Group;K2 Electric"
"rutherford","bergen","handyman","3","3","0","Manual assignment and free lead forwarding","Griffith Handyman;Neighbor First Home Services;Sentinel Handyman LLC"
"rutherford","bergen","masonry","3","3","0","Manual assignment and free lead forwarding","A&E Exteriors LLC;Griffith Handyman;Jersey Complete Construction"
"rutherford","bergen","landscaping","2","2","0","Manual assignment and free lead forwarding","Finishing Touch Landscape Construction;Hubinger Landscaping"
"rutherford","bergen","painting","3","3","0","Manual assignment and free lead forwarding","Brush House Painting and Flooring Services of North Jersey;Griffith Handyman;Sentinel Handyman LLC"
"rutherford","bergen","drywall","3","3","0","Manual assignment and free lead forwarding","Brush House Painting and Flooring Services of North Jersey;Griffith Handyman;Sentinel Handyman LLC"
"rutherford","bergen","tile","2","2","0","Manual assignment and free lead forwarding","Brush House Painting and Flooring Services of North Jersey;Griffith Handyman"
"rutherford","bergen","plumbing","4","4","0","Manual assignment and free lead forwarding","All A's Plumbing and Heating;All County Plumbing and Heating;Clear Flow Plumbing Heating and HVAC;Daibes Plumbing and Heating"
"rutherford","bergen","electrical","2","2","0","Manual assignment and free lead forwarding","HK Electrical Group;K2 Electric"
"saddle-brook","bergen","handyman","3","3","0","Manual assignment and free lead forwarding","Griffith Handyman;Neighbor First Home Services;Sentinel Handyman LLC"
"saddle-brook","bergen","masonry","3","3","0","Manual assignment and free lead forwarding","A&E Exteriors LLC;Griffith Handyman;Jersey Complete Construction"
"saddle-brook","bergen","landscaping","2","2","0","Manual assignment and free lead forwarding","Finishing Touch Landscape Construction;Hubinger Landscaping"
"saddle-brook","bergen","painting","3","3","0","Manual assignment and free lead forwarding","Brush House Painting and Flooring Services of North Jersey;Griffith Handyman;Sentinel Handyman LLC"
"saddle-brook","bergen","drywall","3","3","0","Manual assignment and free lead forwarding","Brush House Painting and Flooring Services of North Jersey;Griffith Handyman;Sentinel Handyman LLC"
"saddle-brook","bergen","tile","2","2","0","Manual assignment and free lead forwarding","Brush House Painting and Flooring Services of North Jersey;Griffith Handyman"
"saddle-brook","bergen","plumbing","4","4","0","Manual assignment and free lead forwarding","All A's Plumbing and Heating;All County Plumbing and Heating;Clear Flow Plumbing Heating and HVAC;Daibes Plumbing and Heating"
"saddle-brook","bergen","electrical","2","2","0","Manual assignment and free lead forwarding","HK Electrical Group;K2 Electric"
"saddle-river","bergen","handyman","3","3","0","Manual assignment and free lead forwarding","Griffith Handyman;Neighbor First Home Services;Sentinel Handyman LLC"
"saddle-river","bergen","masonry","3","3","0","Manual assignment and free lead forwarding","A&E Exteriors LLC;Griffith Handyman;Jersey Complete Construction"
"saddle-river","bergen","landscaping","2","2","0","Manual assignment and free lead forwarding","Finishing Touch Landscape Construction;Hubinger Landscaping"
"saddle-river","bergen","painting","3","3","0","Manual assignment and free lead forwarding","Brush House Painting and Flooring Services of North Jersey;Griffith Handyman;Sentinel Handyman LLC"
"saddle-river","bergen","drywall","3","3","0","Manual assignment and free lead forwarding","Brush House Painting and Flooring Services of North Jersey;Griffith Handyman;Sentinel Handyman LLC"
"saddle-river","bergen","tile","2","2","0","Manual assignment and free lead forwarding","Brush House Painting and Flooring Services of North Jersey;Griffith Handyman"
"saddle-river","bergen","plumbing","4","4","0","Manual assignment and free lead forwarding","All A's Plumbing and Heating;All County Plumbing and Heating;Clear Flow Plumbing Heating and HVAC;Daibes Plumbing and Heating"
"saddle-river","bergen","electrical","2","2","0","Manual assignment and free lead forwarding","HK Electrical Group;K2 Electric"
"south-hackensack","bergen","handyman","3","3","0","Manual assignment and free lead forwarding","Griffith Handyman;Neighbor First Home Services;Sentinel Handyman LLC"
"south-hackensack","bergen","masonry","3","3","0","Manual assignment and free lead forwarding","A&E Exteriors LLC;Griffith Handyman;Jersey Complete Construction"
"south-hackensack","bergen","landscaping","2","2","0","Manual assignment and free lead forwarding","Finishing Touch Landscape Construction;Hubinger Landscaping"
"south-hackensack","bergen","painting","3","3","0","Manual assignment and free lead forwarding","Brush House Painting and Flooring Services of North Jersey;Griffith Handyman;Sentinel Handyman LLC"
"south-hackensack","bergen","drywall","3","3","0","Manual assignment and free lead forwarding","Brush House Painting and Flooring Services of North Jersey;Griffith Handyman;Sentinel Handyman LLC"
"south-hackensack","bergen","tile","2","2","0","Manual assignment and free lead forwarding","Brush House Painting and Flooring Services of North Jersey;Griffith Handyman"
"south-hackensack","bergen","plumbing","4","4","0","Manual assignment and free lead forwarding","All A's Plumbing and Heating;All County Plumbing and Heating;Clear Flow Plumbing Heating and HVAC;Daibes Plumbing and Heating"
"south-hackensack","bergen","electrical","2","2","0","Manual assignment and free lead forwarding","HK Electrical Group;K2 Electric"
"teaneck","bergen","handyman","3","3","0","Manual assignment and free lead forwarding","Griffith Handyman;Neighbor First Home Services;Sentinel Handyman LLC"
"teaneck","bergen","masonry","3","3","0","Manual assignment and free lead forwarding","A&E Exteriors LLC;Griffith Handyman;Jersey Complete Construction"
"teaneck","bergen","landscaping","2","2","0","Manual assignment and free lead forwarding","Finishing Touch Landscape Construction;Hubinger Landscaping"
"teaneck","bergen","painting","3","3","0","Manual assignment and free lead forwarding","Brush House Painting and Flooring Services of North Jersey;Griffith Handyman;Sentinel Handyman LLC"
"teaneck","bergen","drywall","3","3","0","Manual assignment and free lead forwarding","Brush House Painting and Flooring Services of North Jersey;Griffith Handyman;Sentinel Handyman LLC"
"teaneck","bergen","tile","2","2","0","Manual assignment and free lead forwarding","Brush House Painting and Flooring Services of North Jersey;Griffith Handyman"
"teaneck","bergen","plumbing","4","4","0","Manual assignment and free lead forwarding","All A's Plumbing and Heating;All County Plumbing and Heating;Clear Flow Plumbing Heating and HVAC;Daibes Plumbing and Heating"
"teaneck","bergen","electrical","2","2","0","Manual assignment and free lead forwarding","HK Electrical Group;K2 Electric"
"tenafly","bergen","handyman","3","3","0","Manual assignment and free lead forwarding","Griffith Handyman;Neighbor First Home Services;Sentinel Handyman LLC"
"tenafly","bergen","masonry","3","3","0","Manual assignment and free lead forwarding","A&E Exteriors LLC;Griffith Handyman;Jersey Complete Construction"
"tenafly","bergen","landscaping","2","2","0","Manual assignment and free lead forwarding","Finishing Touch Landscape Construction;Hubinger Landscaping"
"tenafly","bergen","painting","3","3","0","Manual assignment and free lead forwarding","Brush House Painting and Flooring Services of North Jersey;Griffith Handyman;Sentinel Handyman LLC"
"tenafly","bergen","drywall","3","3","0","Manual assignment and free lead forwarding","Brush House Painting and Flooring Services of North Jersey;Griffith Handyman;Sentinel Handyman LLC"
"tenafly","bergen","tile","2","2","0","Manual assignment and free lead forwarding","Brush House Painting and Flooring Services of North Jersey;Griffith Handyman"
"tenafly","bergen","plumbing","4","4","0","Manual assignment and free lead forwarding","All A's Plumbing and Heating;All County Plumbing and Heating;Clear Flow Plumbing Heating and HVAC;Daibes Plumbing and Heating"
"tenafly","bergen","electrical","2","2","0","Manual assignment and free lead forwarding","HK Electrical Group;K2 Electric"
"teterboro","bergen","handyman","3","3","0","Manual assignment and free lead forwarding","Griffith Handyman;Neighbor First Home Services;Sentinel Handyman LLC"
"teterboro","bergen","masonry","3","3","0","Manual assignment and free lead forwarding","A&E Exteriors LLC;Griffith Handyman;Jersey Complete Construction"
"teterboro","bergen","landscaping","2","2","0","Manual assignment and free lead forwarding","Finishing Touch Landscape Construction;Hubinger Landscaping"
"teterboro","bergen","painting","3","3","0","Manual assignment and free lead forwarding","Brush House Painting and Flooring Services of North Jersey;Griffith Handyman;Sentinel Handyman LLC"
"teterboro","bergen","drywall","3","3","0","Manual assignment and free lead forwarding","Brush House Painting and Flooring Services of North Jersey;Griffith Handyman;Sentinel Handyman LLC"
"teterboro","bergen","tile","2","2","0","Manual assignment and free lead forwarding","Brush House Painting and Flooring Services of North Jersey;Griffith Handyman"
"teterboro","bergen","plumbing","4","4","0","Manual assignment and free lead forwarding","All A's Plumbing and Heating;All County Plumbing and Heating;Clear Flow Plumbing Heating and HVAC;Daibes Plumbing and Heating"
"teterboro","bergen","electrical","2","2","0","Manual assignment and free lead forwarding","HK Electrical Group;K2 Electric"
"upper-saddle-river","bergen","handyman","3","3","0","Manual assignment and free lead forwarding","Griffith Handyman;Neighbor First Home Services;Sentinel Handyman LLC"
"upper-saddle-river","bergen","masonry","3","3","0","Manual assignment and free lead forwarding","A&E Exteriors LLC;Griffith Handyman;Jersey Complete Construction"
"upper-saddle-river","bergen","landscaping","2","2","0","Manual assignment and free lead forwarding","Finishing Touch Landscape Construction;Hubinger Landscaping"
"upper-saddle-river","bergen","painting","3","3","0","Manual assignment and free lead forwarding","Brush House Painting and Flooring Services of North Jersey;Griffith Handyman;Sentinel Handyman LLC"
"upper-saddle-river","bergen","drywall","3","3","0","Manual assignment and free lead forwarding","Brush House Painting and Flooring Services of North Jersey;Griffith Handyman;Sentinel Handyman LLC"
"upper-saddle-river","bergen","tile","2","2","0","Manual assignment and free lead forwarding","Brush House Painting and Flooring Services of North Jersey;Griffith Handyman"
"upper-saddle-river","bergen","plumbing","4","4","0","Manual assignment and free lead forwarding","All A's Plumbing and Heating;All County Plumbing and Heating;Clear Flow Plumbing Heating and HVAC;Daibes Plumbing and Heating"
"upper-saddle-river","bergen","electrical","2","2","0","Manual assignment and free lead forwarding","HK Electrical Group;K2 Electric"
"waldwick","bergen","handyman","4","4","0","Manual assignment and free lead forwarding","Griffith Handyman;M & S Premier Home Services;Neighbor First Home Services;Sentinel Handyman LLC"
"waldwick","bergen","masonry","3","3","0","Manual assignment and free lead forwarding","A&E Exteriors LLC;Griffith Handyman;Jersey Complete Construction"
"waldwick","bergen","landscaping","2","2","0","Manual assignment and free lead forwarding","Finishing Touch Landscape Construction;Hubinger Landscaping"
"waldwick","bergen","painting","3","3","0","Manual assignment and free lead forwarding","Brush House Painting and Flooring Services of North Jersey;Griffith Handyman;Sentinel Handyman LLC"
"waldwick","bergen","drywall","3","3","0","Manual assignment and free lead forwarding","Brush House Painting and Flooring Services of North Jersey;Griffith Handyman;Sentinel Handyman LLC"
"waldwick","bergen","tile","2","2","0","Manual assignment and free lead forwarding","Brush House Painting and Flooring Services of North Jersey;Griffith Handyman"
"waldwick","bergen","plumbing","4","4","0","Manual assignment and free lead forwarding","All A's Plumbing and Heating;All County Plumbing and Heating;Clear Flow Plumbing Heating and HVAC;Daibes Plumbing and Heating"
"waldwick","bergen","electrical","2","2","0","Manual assignment and free lead forwarding","HK Electrical Group;K2 Electric"
"wallington","bergen","handyman","3","3","0","Manual assignment and free lead forwarding","Griffith Handyman;Neighbor First Home Services;Sentinel Handyman LLC"
"wallington","bergen","masonry","3","3","0","Manual assignment and free lead forwarding","A&E Exteriors LLC;Griffith Handyman;Jersey Complete Construction"
"wallington","bergen","landscaping","2","2","0","Manual assignment and free lead forwarding","Finishing Touch Landscape Construction;Hubinger Landscaping"
"wallington","bergen","painting","3","3","0","Manual assignment and free lead forwarding","Brush House Painting and Flooring Services of North Jersey;Griffith Handyman;Sentinel Handyman LLC"
"wallington","bergen","drywall","3","3","0","Manual assignment and free lead forwarding","Brush House Painting and Flooring Services of North Jersey;Griffith Handyman;Sentinel Handyman LLC"
"wallington","bergen","tile","2","2","0","Manual assignment and free lead forwarding","Brush House Painting and Flooring Services of North Jersey;Griffith Handyman"
"wallington","bergen","plumbing","4","4","0","Manual assignment and free lead forwarding","All A's Plumbing and Heating;All County Plumbing and Heating;Clear Flow Plumbing Heating and HVAC;Daibes Plumbing and Heating"
"wallington","bergen","electrical","2","2","0","Manual assignment and free lead forwarding","HK Electrical Group;K2 Electric"
"washington-township-bergen","bergen","handyman","3","3","0","Manual assignment and free lead forwarding","Griffith Handyman;Neighbor First Home Services;Sentinel Handyman LLC"
"washington-township-bergen","bergen","masonry","3","3","0","Manual assignment and free lead forwarding","A&E Exteriors LLC;Griffith Handyman;Jersey Complete Construction"
"washington-township-bergen","bergen","landscaping","2","2","0","Manual assignment and free lead forwarding","Finishing Touch Landscape Construction;Hubinger Landscaping"
"washington-township-bergen","bergen","painting","3","3","0","Manual assignment and free lead forwarding","Brush House Painting and Flooring Services of North Jersey;Griffith Handyman;Sentinel Handyman LLC"
"washington-township-bergen","bergen","drywall","3","3","0","Manual assignment and free lead forwarding","Brush House Painting and Flooring Services of North Jersey;Griffith Handyman;Sentinel Handyman LLC"
"washington-township-bergen","bergen","tile","2","2","0","Manual assignment and free lead forwarding","Brush House Painting and Flooring Services of North Jersey;Griffith Handyman"
"washington-township-bergen","bergen","plumbing","4","4","0","Manual assignment and free lead forwarding","All A's Plumbing and Heating;All County Plumbing and Heating;Clear Flow Plumbing Heating and HVAC;Daibes Plumbing and Heating"
"washington-township-bergen","bergen","electrical","2","2","0","Manual assignment and free lead forwarding","HK Electrical Group;K2 Electric"
"westwood","bergen","handyman","5","5","0","Manual assignment and free lead forwarding","Griffith Handyman;M & S Premier Home Services;Neighbor First Home Services;Sentinel Handyman LLC;Tropic Pro Services"
"westwood","bergen","masonry","3","3","0","Manual assignment and free lead forwarding","A&E Exteriors LLC;Griffith Handyman;Jersey Complete Construction"
"westwood","bergen","landscaping","2","2","0","Manual assignment and free lead forwarding","Finishing Touch Landscape Construction;Hubinger Landscaping"
"westwood","bergen","painting","4","4","0","Manual assignment and free lead forwarding","Brush House Painting and Flooring Services of North Jersey;Griffith Handyman;Sentinel Handyman LLC;Tropic Pro Services"
"westwood","bergen","drywall","3","3","0","Manual assignment and free lead forwarding","Brush House Painting and Flooring Services of North Jersey;Griffith Handyman;Sentinel Handyman LLC"
"westwood","bergen","tile","2","2","0","Manual assignment and free lead forwarding","Brush House Painting and Flooring Services of North Jersey;Griffith Handyman"
"westwood","bergen","plumbing","4","4","0","Manual assignment and free lead forwarding","All A's Plumbing and Heating;All County Plumbing and Heating;Clear Flow Plumbing Heating and HVAC;Daibes Plumbing and Heating"
"westwood","bergen","electrical","2","2","0","Manual assignment and free lead forwarding","HK Electrical Group;K2 Electric"
"woodcliff-lake","bergen","handyman","3","3","0","Manual assignment and free lead forwarding","Griffith Handyman;Neighbor First Home Services;Sentinel Handyman LLC"
"woodcliff-lake","bergen","masonry","3","3","0","Manual assignment and free lead forwarding","A&E Exteriors LLC;Griffith Handyman;Jersey Complete Construction"
"woodcliff-lake","bergen","landscaping","2","2","0","Manual assignment and free lead forwarding","Finishing Touch Landscape Construction;Hubinger Landscaping"
"woodcliff-lake","bergen","painting","3","3","0","Manual assignment and free lead forwarding","Brush House Painting and Flooring Services of North Jersey;Griffith Handyman;Sentinel Handyman LLC"
"woodcliff-lake","bergen","drywall","3","3","0","Manual assignment and free lead forwarding","Brush House Painting and Flooring Services of North Jersey;Griffith Handyman;Sentinel Handyman LLC"
"woodcliff-lake","bergen","tile","2","2","0","Manual assignment and free lead forwarding","Brush House Painting and Flooring Services of North Jersey;Griffith Handyman"
"woodcliff-lake","bergen","plumbing","4","4","0","Manual assignment and free lead forwarding","All A's Plumbing and Heating;All County Plumbing and Heating;Clear Flow Plumbing Heating and HVAC;Daibes Plumbing and Heating"
"woodcliff-lake","bergen","electrical","2","2","0","Manual assignment and free lead forwarding","HK Electrical Group;K2 Electric"
"wood-ridge","bergen","handyman","3","3","0","Manual assignment and free lead forwarding","Griffith Handyman;Neighbor First Home Services;Sentinel Handyman LLC"
"wood-ridge","bergen","masonry","3","3","0","Manual assignment and free lead forwarding","A&E Exteriors LLC;Griffith Handyman;Jersey Complete Construction"
"wood-ridge","bergen","landscaping","2","2","0","Manual assignment and free lead forwarding","Finishing Touch Landscape Construction;Hubinger Landscaping"
"wood-ridge","bergen","painting","3","3","0","Manual assignment and free lead forwarding","Brush House Painting and Flooring Services of North Jersey;Griffith Handyman;Sentinel Handyman LLC"
"wood-ridge","bergen","drywall","3","3","0","Manual assignment and free lead forwarding","Brush House Painting and Flooring Services of North Jersey;Griffith Handyman;Sentinel Handyman LLC"
"wood-ridge","bergen","tile","2","2","0","Manual assignment and free lead forwarding","Brush House Painting and Flooring Services of North Jersey;Griffith Handyman"
"wood-ridge","bergen","plumbing","4","4","0","Manual assignment and free lead forwarding","All A's Plumbing and Heating;All County Plumbing and Heating;Clear Flow Plumbing Heating and HVAC;Daibes Plumbing and Heating"
"wood-ridge","bergen","electrical","2","2","0","Manual assignment and free lead forwarding","HK Electrical Group;K2 Electric"
"wyckoff","bergen","handyman","4","4","0","Manual assignment and free lead forwarding","Griffith Handyman;M & S Premier Home Services;Neighbor First Home Services;Sentinel Handyman LLC"
"wyckoff","bergen","masonry","3","3","0","Manual assignment and free lead forwarding","A&E Exteriors LLC;Griffith Handyman;Jersey Complete Construction"
"wyckoff","bergen","landscaping","2","2","0","Manual assignment and free lead forwarding","Finishing Touch Landscape Construction;Hubinger Landscaping"
"wyckoff","bergen","painting","3","3","0","Manual assignment and free lead forwarding","Brush House Painting and Flooring Services of North Jersey;Griffith Handyman;Sentinel Handyman LLC"
"wyckoff","bergen","drywall","3","3","0","Manual assignment and free lead forwarding","Brush House Painting and Flooring Services of North Jersey;Griffith Handyman;Sentinel Handyman LLC"
"wyckoff","bergen","tile","2","2","0","Manual assignment and free lead forwarding","Brush House Painting and Flooring Services of North Jersey;Griffith Handyman"
"wyckoff","bergen","plumbing","4","4","0","Manual assignment and free lead forwarding","All A's Plumbing and Heating;All County Plumbing and Heating;Clear Flow Plumbing Heating and HVAC;Daibes Plumbing and Heating"
"wyckoff","bergen","electrical","2","2","0","Manual assignment and free lead forwarding","HK Electrical Group;K2 Electric"
"belleville","essex","handyman","2","2","0","Manual assignment and free lead forwarding","Griffith Handyman;Sentinel Handyman LLC"
"belleville","essex","masonry","3","3","0","Manual assignment and free lead forwarding","A&E Exteriors LLC;Griffith Handyman;Jersey Complete Construction"
"belleville","essex","landscaping","3","3","0","Manual assignment and free lead forwarding","Custom Clippings;Finishing Touch Landscape Construction;Hubinger Landscaping"
"belleville","essex","painting","3","3","0","Manual assignment and free lead forwarding","Brush House Painting and Flooring Services of North Jersey;Griffith Handyman;Sentinel Handyman LLC"
"belleville","essex","drywall","3","3","0","Manual assignment and free lead forwarding","Brush House Painting and Flooring Services of North Jersey;Griffith Handyman;Sentinel Handyman LLC"
"belleville","essex","tile","2","2","0","Manual assignment and free lead forwarding","Brush House Painting and Flooring Services of North Jersey;Griffith Handyman"
"belleville","essex","plumbing","3","3","0","Manual assignment and free lead forwarding","All County Plumbing and Heating;Clear Flow Plumbing Heating and HVAC;Daibes Plumbing and Heating"
"belleville","essex","electrical","2","2","0","Manual assignment and free lead forwarding","HK Electrical Group;K2 Electric"
"bloomfield","essex","handyman","2","2","0","Manual assignment and free lead forwarding","Griffith Handyman;Sentinel Handyman LLC"
"bloomfield","essex","masonry","3","3","0","Manual assignment and free lead forwarding","A&E Exteriors LLC;Griffith Handyman;Jersey Complete Construction"
"bloomfield","essex","landscaping","3","3","0","Manual assignment and free lead forwarding","Custom Clippings;Finishing Touch Landscape Construction;Hubinger Landscaping"
"bloomfield","essex","painting","3","3","0","Manual assignment and free lead forwarding","Brush House Painting and Flooring Services of North Jersey;Griffith Handyman;Sentinel Handyman LLC"
"bloomfield","essex","drywall","3","3","0","Manual assignment and free lead forwarding","Brush House Painting and Flooring Services of North Jersey;Griffith Handyman;Sentinel Handyman LLC"
"bloomfield","essex","tile","2","2","0","Manual assignment and free lead forwarding","Brush House Painting and Flooring Services of North Jersey;Griffith Handyman"
"bloomfield","essex","plumbing","3","3","0","Manual assignment and free lead forwarding","All County Plumbing and Heating;Clear Flow Plumbing Heating and HVAC;Daibes Plumbing and Heating"
"bloomfield","essex","electrical","2","2","0","Manual assignment and free lead forwarding","HK Electrical Group;K2 Electric"
"caldwell","essex","handyman","2","2","0","Manual assignment and free lead forwarding","Griffith Handyman;Sentinel Handyman LLC"
"caldwell","essex","masonry","3","3","0","Manual assignment and free lead forwarding","A&E Exteriors LLC;Griffith Handyman;Jersey Complete Construction"
"caldwell","essex","landscaping","3","3","0","Manual assignment and free lead forwarding","Custom Clippings;Finishing Touch Landscape Construction;Hubinger Landscaping"
"caldwell","essex","painting","3","3","0","Manual assignment and free lead forwarding","Brush House Painting and Flooring Services of North Jersey;Griffith Handyman;Sentinel Handyman LLC"
"caldwell","essex","drywall","3","3","0","Manual assignment and free lead forwarding","Brush House Painting and Flooring Services of North Jersey;Griffith Handyman;Sentinel Handyman LLC"
"caldwell","essex","tile","2","2","0","Manual assignment and free lead forwarding","Brush House Painting and Flooring Services of North Jersey;Griffith Handyman"
"caldwell","essex","plumbing","3","3","0","Manual assignment and free lead forwarding","All County Plumbing and Heating;Clear Flow Plumbing Heating and HVAC;Daibes Plumbing and Heating"
"caldwell","essex","electrical","2","2","0","Manual assignment and free lead forwarding","HK Electrical Group;K2 Electric"
"cedar-grove","essex","handyman","2","2","0","Manual assignment and free lead forwarding","Griffith Handyman;Sentinel Handyman LLC"
"cedar-grove","essex","masonry","3","3","0","Manual assignment and free lead forwarding","A&E Exteriors LLC;Griffith Handyman;Jersey Complete Construction"
"cedar-grove","essex","landscaping","3","3","0","Manual assignment and free lead forwarding","Custom Clippings;Finishing Touch Landscape Construction;Hubinger Landscaping"
"cedar-grove","essex","painting","3","3","0","Manual assignment and free lead forwarding","Brush House Painting and Flooring Services of North Jersey;Griffith Handyman;Sentinel Handyman LLC"
"cedar-grove","essex","drywall","3","3","0","Manual assignment and free lead forwarding","Brush House Painting and Flooring Services of North Jersey;Griffith Handyman;Sentinel Handyman LLC"
"cedar-grove","essex","tile","2","2","0","Manual assignment and free lead forwarding","Brush House Painting and Flooring Services of North Jersey;Griffith Handyman"
"cedar-grove","essex","plumbing","3","3","0","Manual assignment and free lead forwarding","All County Plumbing and Heating;Clear Flow Plumbing Heating and HVAC;Daibes Plumbing and Heating"
"cedar-grove","essex","electrical","2","2","0","Manual assignment and free lead forwarding","HK Electrical Group;K2 Electric"
"east-orange","essex","handyman","2","2","0","Manual assignment and free lead forwarding","Griffith Handyman;Sentinel Handyman LLC"
"east-orange","essex","masonry","3","3","0","Manual assignment and free lead forwarding","A&E Exteriors LLC;Griffith Handyman;Jersey Complete Construction"
"east-orange","essex","landscaping","3","3","0","Manual assignment and free lead forwarding","Custom Clippings;Finishing Touch Landscape Construction;Hubinger Landscaping"
"east-orange","essex","painting","3","3","0","Manual assignment and free lead forwarding","Brush House Painting and Flooring Services of North Jersey;Griffith Handyman;Sentinel Handyman LLC"
"east-orange","essex","drywall","3","3","0","Manual assignment and free lead forwarding","Brush House Painting and Flooring Services of North Jersey;Griffith Handyman;Sentinel Handyman LLC"
"east-orange","essex","tile","2","2","0","Manual assignment and free lead forwarding","Brush House Painting and Flooring Services of North Jersey;Griffith Handyman"
"east-orange","essex","plumbing","3","3","0","Manual assignment and free lead forwarding","All County Plumbing and Heating;Clear Flow Plumbing Heating and HVAC;Daibes Plumbing and Heating"
"east-orange","essex","electrical","2","2","0","Manual assignment and free lead forwarding","HK Electrical Group;K2 Electric"
"essex-fells","essex","handyman","2","2","0","Manual assignment and free lead forwarding","Griffith Handyman;Sentinel Handyman LLC"
"essex-fells","essex","masonry","3","3","0","Manual assignment and free lead forwarding","A&E Exteriors LLC;Griffith Handyman;Jersey Complete Construction"
"essex-fells","essex","landscaping","3","3","0","Manual assignment and free lead forwarding","Custom Clippings;Finishing Touch Landscape Construction;Hubinger Landscaping"
"essex-fells","essex","painting","3","3","0","Manual assignment and free lead forwarding","Brush House Painting and Flooring Services of North Jersey;Griffith Handyman;Sentinel Handyman LLC"
"essex-fells","essex","drywall","3","3","0","Manual assignment and free lead forwarding","Brush House Painting and Flooring Services of North Jersey;Griffith Handyman;Sentinel Handyman LLC"
"essex-fells","essex","tile","2","2","0","Manual assignment and free lead forwarding","Brush House Painting and Flooring Services of North Jersey;Griffith Handyman"
"essex-fells","essex","plumbing","3","3","0","Manual assignment and free lead forwarding","All County Plumbing and Heating;Clear Flow Plumbing Heating and HVAC;Daibes Plumbing and Heating"
"essex-fells","essex","electrical","2","2","0","Manual assignment and free lead forwarding","HK Electrical Group;K2 Electric"
"fairfield","essex","handyman","2","2","0","Manual assignment and free lead forwarding","Griffith Handyman;Sentinel Handyman LLC"
"fairfield","essex","masonry","3","3","0","Manual assignment and free lead forwarding","A&E Exteriors LLC;Griffith Handyman;Jersey Complete Construction"
"fairfield","essex","landscaping","3","3","0","Manual assignment and free lead forwarding","Custom Clippings;Finishing Touch Landscape Construction;Hubinger Landscaping"
"fairfield","essex","painting","3","3","0","Manual assignment and free lead forwarding","Brush House Painting and Flooring Services of North Jersey;Griffith Handyman;Sentinel Handyman LLC"
"fairfield","essex","drywall","3","3","0","Manual assignment and free lead forwarding","Brush House Painting and Flooring Services of North Jersey;Griffith Handyman;Sentinel Handyman LLC"
"fairfield","essex","tile","2","2","0","Manual assignment and free lead forwarding","Brush House Painting and Flooring Services of North Jersey;Griffith Handyman"
"fairfield","essex","plumbing","3","3","0","Manual assignment and free lead forwarding","All County Plumbing and Heating;Clear Flow Plumbing Heating and HVAC;Daibes Plumbing and Heating"
"fairfield","essex","electrical","2","2","0","Manual assignment and free lead forwarding","HK Electrical Group;K2 Electric"
"glen-ridge","essex","handyman","2","2","0","Manual assignment and free lead forwarding","Griffith Handyman;Sentinel Handyman LLC"
"glen-ridge","essex","masonry","3","3","0","Manual assignment and free lead forwarding","A&E Exteriors LLC;Griffith Handyman;Jersey Complete Construction"
"glen-ridge","essex","landscaping","3","3","0","Manual assignment and free lead forwarding","Custom Clippings;Finishing Touch Landscape Construction;Hubinger Landscaping"
"glen-ridge","essex","painting","3","3","0","Manual assignment and free lead forwarding","Brush House Painting and Flooring Services of North Jersey;Griffith Handyman;Sentinel Handyman LLC"
"glen-ridge","essex","drywall","3","3","0","Manual assignment and free lead forwarding","Brush House Painting and Flooring Services of North Jersey;Griffith Handyman;Sentinel Handyman LLC"
"glen-ridge","essex","tile","2","2","0","Manual assignment and free lead forwarding","Brush House Painting and Flooring Services of North Jersey;Griffith Handyman"
"glen-ridge","essex","plumbing","3","3","0","Manual assignment and free lead forwarding","All County Plumbing and Heating;Clear Flow Plumbing Heating and HVAC;Daibes Plumbing and Heating"
"glen-ridge","essex","electrical","2","2","0","Manual assignment and free lead forwarding","HK Electrical Group;K2 Electric"
"irvington","essex","handyman","2","2","0","Manual assignment and free lead forwarding","Griffith Handyman;Sentinel Handyman LLC"
"irvington","essex","masonry","3","3","0","Manual assignment and free lead forwarding","A&E Exteriors LLC;Griffith Handyman;Jersey Complete Construction"
"irvington","essex","landscaping","3","3","0","Manual assignment and free lead forwarding","Custom Clippings;Finishing Touch Landscape Construction;Hubinger Landscaping"
"irvington","essex","painting","3","3","0","Manual assignment and free lead forwarding","Brush House Painting and Flooring Services of North Jersey;Griffith Handyman;Sentinel Handyman LLC"
"irvington","essex","drywall","3","3","0","Manual assignment and free lead forwarding","Brush House Painting and Flooring Services of North Jersey;Griffith Handyman;Sentinel Handyman LLC"
"irvington","essex","tile","2","2","0","Manual assignment and free lead forwarding","Brush House Painting and Flooring Services of North Jersey;Griffith Handyman"
"irvington","essex","plumbing","3","3","0","Manual assignment and free lead forwarding","All County Plumbing and Heating;Clear Flow Plumbing Heating and HVAC;Daibes Plumbing and Heating"
"irvington","essex","electrical","2","2","0","Manual assignment and free lead forwarding","HK Electrical Group;K2 Electric"
"maplewood","essex","handyman","3","3","0","Manual assignment and free lead forwarding","Griffith Handyman;Sentinel Handyman LLC;Tropic Pro Services"
"maplewood","essex","masonry","3","3","0","Manual assignment and free lead forwarding","A&E Exteriors LLC;Griffith Handyman;Jersey Complete Construction"
"maplewood","essex","landscaping","3","3","0","Manual assignment and free lead forwarding","Custom Clippings;Finishing Touch Landscape Construction;Hubinger Landscaping"
"maplewood","essex","painting","4","4","0","Manual assignment and free lead forwarding","Brush House Painting and Flooring Services of North Jersey;Griffith Handyman;Sentinel Handyman LLC;Tropic Pro Services"
"maplewood","essex","drywall","3","3","0","Manual assignment and free lead forwarding","Brush House Painting and Flooring Services of North Jersey;Griffith Handyman;Sentinel Handyman LLC"
"maplewood","essex","tile","2","2","0","Manual assignment and free lead forwarding","Brush House Painting and Flooring Services of North Jersey;Griffith Handyman"
"maplewood","essex","plumbing","3","3","0","Manual assignment and free lead forwarding","All County Plumbing and Heating;Clear Flow Plumbing Heating and HVAC;Daibes Plumbing and Heating"
"maplewood","essex","electrical","2","2","0","Manual assignment and free lead forwarding","HK Electrical Group;K2 Electric"
"millburn","essex","handyman","2","2","0","Manual assignment and free lead forwarding","Griffith Handyman;Sentinel Handyman LLC"
"millburn","essex","masonry","3","3","0","Manual assignment and free lead forwarding","A&E Exteriors LLC;Griffith Handyman;Jersey Complete Construction"
"millburn","essex","landscaping","3","3","0","Manual assignment and free lead forwarding","Custom Clippings;Finishing Touch Landscape Construction;Hubinger Landscaping"
"millburn","essex","painting","3","3","0","Manual assignment and free lead forwarding","Brush House Painting and Flooring Services of North Jersey;Griffith Handyman;Sentinel Handyman LLC"
"millburn","essex","drywall","3","3","0","Manual assignment and free lead forwarding","Brush House Painting and Flooring Services of North Jersey;Griffith Handyman;Sentinel Handyman LLC"
"millburn","essex","tile","2","2","0","Manual assignment and free lead forwarding","Brush House Painting and Flooring Services of North Jersey;Griffith Handyman"
"millburn","essex","plumbing","3","3","0","Manual assignment and free lead forwarding","All County Plumbing and Heating;Clear Flow Plumbing Heating and HVAC;Daibes Plumbing and Heating"
"millburn","essex","electrical","2","2","0","Manual assignment and free lead forwarding","HK Electrical Group;K2 Electric"
"montclair","essex","handyman","2","2","0","Manual assignment and free lead forwarding","Griffith Handyman;Sentinel Handyman LLC"
"montclair","essex","masonry","3","3","0","Manual assignment and free lead forwarding","A&E Exteriors LLC;Griffith Handyman;Jersey Complete Construction"
"montclair","essex","landscaping","3","3","0","Manual assignment and free lead forwarding","Custom Clippings;Finishing Touch Landscape Construction;Hubinger Landscaping"
"montclair","essex","painting","3","3","0","Manual assignment and free lead forwarding","Brush House Painting and Flooring Services of North Jersey;Griffith Handyman;Sentinel Handyman LLC"
"montclair","essex","drywall","3","3","0","Manual assignment and free lead forwarding","Brush House Painting and Flooring Services of North Jersey;Griffith Handyman;Sentinel Handyman LLC"
"montclair","essex","tile","2","2","0","Manual assignment and free lead forwarding","Brush House Painting and Flooring Services of North Jersey;Griffith Handyman"
"montclair","essex","plumbing","3","3","0","Manual assignment and free lead forwarding","All County Plumbing and Heating;Clear Flow Plumbing Heating and HVAC;Daibes Plumbing and Heating"
"montclair","essex","electrical","2","2","0","Manual assignment and free lead forwarding","HK Electrical Group;K2 Electric"
"newark","essex","handyman","3","3","0","Manual assignment and free lead forwarding","Griffith Handyman;Sentinel Handyman LLC;Tropic Pro Services"
"newark","essex","masonry","3","3","0","Manual assignment and free lead forwarding","A&E Exteriors LLC;Griffith Handyman;Jersey Complete Construction"
"newark","essex","landscaping","3","3","0","Manual assignment and free lead forwarding","Custom Clippings;Finishing Touch Landscape Construction;Hubinger Landscaping"
"newark","essex","painting","4","4","0","Manual assignment and free lead forwarding","Brush House Painting and Flooring Services of North Jersey;Griffith Handyman;Sentinel Handyman LLC;Tropic Pro Services"
"newark","essex","drywall","3","3","0","Manual assignment and free lead forwarding","Brush House Painting and Flooring Services of North Jersey;Griffith Handyman;Sentinel Handyman LLC"
"newark","essex","tile","2","2","0","Manual assignment and free lead forwarding","Brush House Painting and Flooring Services of North Jersey;Griffith Handyman"
"newark","essex","plumbing","3","3","0","Manual assignment and free lead forwarding","All County Plumbing and Heating;Clear Flow Plumbing Heating and HVAC;Daibes Plumbing and Heating"
"newark","essex","electrical","2","2","0","Manual assignment and free lead forwarding","HK Electrical Group;K2 Electric"
"north-caldwell","essex","handyman","2","2","0","Manual assignment and free lead forwarding","Griffith Handyman;Sentinel Handyman LLC"
"north-caldwell","essex","masonry","3","3","0","Manual assignment and free lead forwarding","A&E Exteriors LLC;Griffith Handyman;Jersey Complete Construction"
"north-caldwell","essex","landscaping","3","3","0","Manual assignment and free lead forwarding","Custom Clippings;Finishing Touch Landscape Construction;Hubinger Landscaping"
"north-caldwell","essex","painting","3","3","0","Manual assignment and free lead forwarding","Brush House Painting and Flooring Services of North Jersey;Griffith Handyman;Sentinel Handyman LLC"
"north-caldwell","essex","drywall","3","3","0","Manual assignment and free lead forwarding","Brush House Painting and Flooring Services of North Jersey;Griffith Handyman;Sentinel Handyman LLC"
"north-caldwell","essex","tile","2","2","0","Manual assignment and free lead forwarding","Brush House Painting and Flooring Services of North Jersey;Griffith Handyman"
"north-caldwell","essex","plumbing","3","3","0","Manual assignment and free lead forwarding","All County Plumbing and Heating;Clear Flow Plumbing Heating and HVAC;Daibes Plumbing and Heating"
"north-caldwell","essex","electrical","2","2","0","Manual assignment and free lead forwarding","HK Electrical Group;K2 Electric"
"nutley","essex","handyman","3","3","0","Manual assignment and free lead forwarding","Griffith Handyman;Sentinel Handyman LLC;Tropic Pro Services"
"nutley","essex","masonry","3","3","0","Manual assignment and free lead forwarding","A&E Exteriors LLC;Griffith Handyman;Jersey Complete Construction"
"nutley","essex","landscaping","3","3","0","Manual assignment and free lead forwarding","Custom Clippings;Finishing Touch Landscape Construction;Hubinger Landscaping"
"nutley","essex","painting","4","4","0","Manual assignment and free lead forwarding","Brush House Painting and Flooring Services of North Jersey;Griffith Handyman;Sentinel Handyman LLC;Tropic Pro Services"
"nutley","essex","drywall","3","3","0","Manual assignment and free lead forwarding","Brush House Painting and Flooring Services of North Jersey;Griffith Handyman;Sentinel Handyman LLC"
"nutley","essex","tile","2","2","0","Manual assignment and free lead forwarding","Brush House Painting and Flooring Services of North Jersey;Griffith Handyman"
"nutley","essex","plumbing","3","3","0","Manual assignment and free lead forwarding","All County Plumbing and Heating;Clear Flow Plumbing Heating and HVAC;Daibes Plumbing and Heating"
"nutley","essex","electrical","2","2","0","Manual assignment and free lead forwarding","HK Electrical Group;K2 Electric"
"orange","essex","handyman","2","2","0","Manual assignment and free lead forwarding","Griffith Handyman;Sentinel Handyman LLC"
"orange","essex","masonry","3","3","0","Manual assignment and free lead forwarding","A&E Exteriors LLC;Griffith Handyman;Jersey Complete Construction"
"orange","essex","landscaping","3","3","0","Manual assignment and free lead forwarding","Custom Clippings;Finishing Touch Landscape Construction;Hubinger Landscaping"
"orange","essex","painting","3","3","0","Manual assignment and free lead forwarding","Brush House Painting and Flooring Services of North Jersey;Griffith Handyman;Sentinel Handyman LLC"
"orange","essex","drywall","3","3","0","Manual assignment and free lead forwarding","Brush House Painting and Flooring Services of North Jersey;Griffith Handyman;Sentinel Handyman LLC"
"orange","essex","tile","2","2","0","Manual assignment and free lead forwarding","Brush House Painting and Flooring Services of North Jersey;Griffith Handyman"
"orange","essex","plumbing","3","3","0","Manual assignment and free lead forwarding","All County Plumbing and Heating;Clear Flow Plumbing Heating and HVAC;Daibes Plumbing and Heating"
"orange","essex","electrical","2","2","0","Manual assignment and free lead forwarding","HK Electrical Group;K2 Electric"
"roseland","essex","handyman","2","2","0","Manual assignment and free lead forwarding","Griffith Handyman;Sentinel Handyman LLC"
"roseland","essex","masonry","3","3","0","Manual assignment and free lead forwarding","A&E Exteriors LLC;Griffith Handyman;Jersey Complete Construction"
"roseland","essex","landscaping","3","3","0","Manual assignment and free lead forwarding","Custom Clippings;Finishing Touch Landscape Construction;Hubinger Landscaping"
"roseland","essex","painting","3","3","0","Manual assignment and free lead forwarding","Brush House Painting and Flooring Services of North Jersey;Griffith Handyman;Sentinel Handyman LLC"
"roseland","essex","drywall","3","3","0","Manual assignment and free lead forwarding","Brush House Painting and Flooring Services of North Jersey;Griffith Handyman;Sentinel Handyman LLC"
"roseland","essex","tile","2","2","0","Manual assignment and free lead forwarding","Brush House Painting and Flooring Services of North Jersey;Griffith Handyman"
"roseland","essex","plumbing","3","3","0","Manual assignment and free lead forwarding","All County Plumbing and Heating;Clear Flow Plumbing Heating and HVAC;Daibes Plumbing and Heating"
"roseland","essex","electrical","2","2","0","Manual assignment and free lead forwarding","HK Electrical Group;K2 Electric"
"south-orange","essex","handyman","2","2","0","Manual assignment and free lead forwarding","Griffith Handyman;Sentinel Handyman LLC"
"south-orange","essex","masonry","3","3","0","Manual assignment and free lead forwarding","A&E Exteriors LLC;Griffith Handyman;Jersey Complete Construction"
"south-orange","essex","landscaping","3","3","0","Manual assignment and free lead forwarding","Custom Clippings;Finishing Touch Landscape Construction;Hubinger Landscaping"
"south-orange","essex","painting","3","3","0","Manual assignment and free lead forwarding","Brush House Painting and Flooring Services of North Jersey;Griffith Handyman;Sentinel Handyman LLC"
"south-orange","essex","drywall","3","3","0","Manual assignment and free lead forwarding","Brush House Painting and Flooring Services of North Jersey;Griffith Handyman;Sentinel Handyman LLC"
"south-orange","essex","tile","2","2","0","Manual assignment and free lead forwarding","Brush House Painting and Flooring Services of North Jersey;Griffith Handyman"
"south-orange","essex","plumbing","3","3","0","Manual assignment and free lead forwarding","All County Plumbing and Heating;Clear Flow Plumbing Heating and HVAC;Daibes Plumbing and Heating"
"south-orange","essex","electrical","2","2","0","Manual assignment and free lead forwarding","HK Electrical Group;K2 Electric"
"verona","essex","handyman","2","2","0","Manual assignment and free lead forwarding","Griffith Handyman;Sentinel Handyman LLC"
"verona","essex","masonry","3","3","0","Manual assignment and free lead forwarding","A&E Exteriors LLC;Griffith Handyman;Jersey Complete Construction"
"verona","essex","landscaping","3","3","0","Manual assignment and free lead forwarding","Custom Clippings;Finishing Touch Landscape Construction;Hubinger Landscaping"
"verona","essex","painting","3","3","0","Manual assignment and free lead forwarding","Brush House Painting and Flooring Services of North Jersey;Griffith Handyman;Sentinel Handyman LLC"
"verona","essex","drywall","3","3","0","Manual assignment and free lead forwarding","Brush House Painting and Flooring Services of North Jersey;Griffith Handyman;Sentinel Handyman LLC"
"verona","essex","tile","2","2","0","Manual assignment and free lead forwarding","Brush House Painting and Flooring Services of North Jersey;Griffith Handyman"
"verona","essex","plumbing","3","3","0","Manual assignment and free lead forwarding","All County Plumbing and Heating;Clear Flow Plumbing Heating and HVAC;Daibes Plumbing and Heating"
"verona","essex","electrical","2","2","0","Manual assignment and free lead forwarding","HK Electrical Group;K2 Electric"
"west-caldwell","essex","handyman","2","2","0","Manual assignment and free lead forwarding","Griffith Handyman;Sentinel Handyman LLC"
"west-caldwell","essex","masonry","3","3","0","Manual assignment and free lead forwarding","A&E Exteriors LLC;Griffith Handyman;Jersey Complete Construction"
"west-caldwell","essex","landscaping","3","3","0","Manual assignment and free lead forwarding","Custom Clippings;Finishing Touch Landscape Construction;Hubinger Landscaping"
"west-caldwell","essex","painting","3","3","0","Manual assignment and free lead forwarding","Brush House Painting and Flooring Services of North Jersey;Griffith Handyman;Sentinel Handyman LLC"
"west-caldwell","essex","drywall","3","3","0","Manual assignment and free lead forwarding","Brush House Painting and Flooring Services of North Jersey;Griffith Handyman;Sentinel Handyman LLC"
"west-caldwell","essex","tile","2","2","0","Manual assignment and free lead forwarding","Brush House Painting and Flooring Services of North Jersey;Griffith Handyman"
"west-caldwell","essex","plumbing","3","3","0","Manual assignment and free lead forwarding","All County Plumbing and Heating;Clear Flow Plumbing Heating and HVAC;Daibes Plumbing and Heating"
"west-caldwell","essex","electrical","2","2","0","Manual assignment and free lead forwarding","HK Electrical Group;K2 Electric"
"west-orange","essex","handyman","2","2","0","Manual assignment and free lead forwarding","Griffith Handyman;Sentinel Handyman LLC"
"west-orange","essex","masonry","3","3","0","Manual assignment and free lead forwarding","A&E Exteriors LLC;Griffith Handyman;Jersey Complete Construction"
"west-orange","essex","landscaping","3","3","0","Manual assignment and free lead forwarding","Custom Clippings;Finishing Touch Landscape Construction;Hubinger Landscaping"
"west-orange","essex","painting","3","3","0","Manual assignment and free lead forwarding","Brush House Painting and Flooring Services of North Jersey;Griffith Handyman;Sentinel Handyman LLC"
"west-orange","essex","drywall","3","3","0","Manual assignment and free lead forwarding","Brush House Painting and Flooring Services of North Jersey;Griffith Handyman;Sentinel Handyman LLC"
"west-orange","essex","tile","2","2","0","Manual assignment and free lead forwarding","Brush House Painting and Flooring Services of North Jersey;Griffith Handyman"
"west-orange","essex","plumbing","3","3","0","Manual assignment and free lead forwarding","All County Plumbing and Heating;Clear Flow Plumbing Heating and HVAC;Daibes Plumbing and Heating"
"west-orange","essex","electrical","2","2","0","Manual assignment and free lead forwarding","HK Electrical Group;K2 Electric"
"bayonne","hudson","handyman","2","2","0","Manual assignment and free lead forwarding","Griffith Handyman;Sentinel Handyman LLC"
"bayonne","hudson","masonry","3","3","0","Manual assignment and free lead forwarding","A&E Exteriors LLC;Griffith Handyman;Jersey Complete Construction"
"bayonne","hudson","landscaping","2","2","0","Manual assignment and free lead forwarding","Finishing Touch Landscape Construction;Hubinger Landscaping"
"bayonne","hudson","painting","3","3","0","Manual assignment and free lead forwarding","Brush House Painting and Flooring Services of North Jersey;Griffith Handyman;Sentinel Handyman LLC"
"bayonne","hudson","drywall","3","3","0","Manual assignment and free lead forwarding","Brush House Painting and Flooring Services of North Jersey;Griffith Handyman;Sentinel Handyman LLC"
"bayonne","hudson","tile","2","2","0","Manual assignment and free lead forwarding","Brush House Painting and Flooring Services of North Jersey;Griffith Handyman"
"bayonne","hudson","plumbing","3","3","0","Manual assignment and free lead forwarding","All County Plumbing and Heating;Clear Flow Plumbing Heating and HVAC;Daibes Plumbing and Heating"
"bayonne","hudson","electrical","2","2","0","Manual assignment and free lead forwarding","HK Electrical Group;K2 Electric"
"east-newark","hudson","handyman","2","2","0","Manual assignment and free lead forwarding","Griffith Handyman;Sentinel Handyman LLC"
"east-newark","hudson","masonry","3","3","0","Manual assignment and free lead forwarding","A&E Exteriors LLC;Griffith Handyman;Jersey Complete Construction"
"east-newark","hudson","landscaping","2","2","0","Manual assignment and free lead forwarding","Finishing Touch Landscape Construction;Hubinger Landscaping"
"east-newark","hudson","painting","3","3","0","Manual assignment and free lead forwarding","Brush House Painting and Flooring Services of North Jersey;Griffith Handyman;Sentinel Handyman LLC"
"east-newark","hudson","drywall","3","3","0","Manual assignment and free lead forwarding","Brush House Painting and Flooring Services of North Jersey;Griffith Handyman;Sentinel Handyman LLC"
"east-newark","hudson","tile","2","2","0","Manual assignment and free lead forwarding","Brush House Painting and Flooring Services of North Jersey;Griffith Handyman"
"east-newark","hudson","plumbing","3","3","0","Manual assignment and free lead forwarding","All County Plumbing and Heating;Clear Flow Plumbing Heating and HVAC;Daibes Plumbing and Heating"
"east-newark","hudson","electrical","2","2","0","Manual assignment and free lead forwarding","HK Electrical Group;K2 Electric"
"guttenberg","hudson","handyman","2","2","0","Manual assignment and free lead forwarding","Griffith Handyman;Sentinel Handyman LLC"
"guttenberg","hudson","masonry","3","3","0","Manual assignment and free lead forwarding","A&E Exteriors LLC;Griffith Handyman;Jersey Complete Construction"
"guttenberg","hudson","landscaping","2","2","0","Manual assignment and free lead forwarding","Finishing Touch Landscape Construction;Hubinger Landscaping"
"guttenberg","hudson","painting","3","3","0","Manual assignment and free lead forwarding","Brush House Painting and Flooring Services of North Jersey;Griffith Handyman;Sentinel Handyman LLC"
"guttenberg","hudson","drywall","3","3","0","Manual assignment and free lead forwarding","Brush House Painting and Flooring Services of North Jersey;Griffith Handyman;Sentinel Handyman LLC"
"guttenberg","hudson","tile","2","2","0","Manual assignment and free lead forwarding","Brush House Painting and Flooring Services of North Jersey;Griffith Handyman"
"guttenberg","hudson","plumbing","3","3","0","Manual assignment and free lead forwarding","All County Plumbing and Heating;Clear Flow Plumbing Heating and HVAC;Daibes Plumbing and Heating"
"guttenberg","hudson","electrical","2","2","0","Manual assignment and free lead forwarding","HK Electrical Group;K2 Electric"
"harrison","hudson","handyman","2","2","0","Manual assignment and free lead forwarding","Griffith Handyman;Sentinel Handyman LLC"
"harrison","hudson","masonry","3","3","0","Manual assignment and free lead forwarding","A&E Exteriors LLC;Griffith Handyman;Jersey Complete Construction"
"harrison","hudson","landscaping","2","2","0","Manual assignment and free lead forwarding","Finishing Touch Landscape Construction;Hubinger Landscaping"
"harrison","hudson","painting","3","3","0","Manual assignment and free lead forwarding","Brush House Painting and Flooring Services of North Jersey;Griffith Handyman;Sentinel Handyman LLC"
"harrison","hudson","drywall","3","3","0","Manual assignment and free lead forwarding","Brush House Painting and Flooring Services of North Jersey;Griffith Handyman;Sentinel Handyman LLC"
"harrison","hudson","tile","2","2","0","Manual assignment and free lead forwarding","Brush House Painting and Flooring Services of North Jersey;Griffith Handyman"
"harrison","hudson","plumbing","3","3","0","Manual assignment and free lead forwarding","All County Plumbing and Heating;Clear Flow Plumbing Heating and HVAC;Daibes Plumbing and Heating"
"harrison","hudson","electrical","2","2","0","Manual assignment and free lead forwarding","HK Electrical Group;K2 Electric"
"hoboken","hudson","handyman","3","3","0","Manual assignment and free lead forwarding","Griffith Handyman;Handyman on the Hudson;Sentinel Handyman LLC"
"hoboken","hudson","masonry","3","3","0","Manual assignment and free lead forwarding","A&E Exteriors LLC;Griffith Handyman;Jersey Complete Construction"
"hoboken","hudson","landscaping","2","2","0","Manual assignment and free lead forwarding","Finishing Touch Landscape Construction;Hubinger Landscaping"
"hoboken","hudson","painting","3","3","0","Manual assignment and free lead forwarding","Brush House Painting and Flooring Services of North Jersey;Griffith Handyman;Sentinel Handyman LLC"
"hoboken","hudson","drywall","4","4","0","Manual assignment and free lead forwarding","Brush House Painting and Flooring Services of North Jersey;Griffith Handyman;Handyman on the Hudson;Sentinel Handyman LLC"
"hoboken","hudson","tile","2","2","0","Manual assignment and free lead forwarding","Brush House Painting and Flooring Services of North Jersey;Griffith Handyman"
"hoboken","hudson","plumbing","3","3","0","Manual assignment and free lead forwarding","All County Plumbing and Heating;Clear Flow Plumbing Heating and HVAC;Daibes Plumbing and Heating"
"hoboken","hudson","electrical","2","2","0","Manual assignment and free lead forwarding","HK Electrical Group;K2 Electric"
"jersey-city","hudson","handyman","4","4","0","Manual assignment and free lead forwarding","Griffith Handyman;Handyman on the Hudson;Sentinel Handyman LLC;Tropic Pro Services"
"jersey-city","hudson","masonry","3","3","0","Manual assignment and free lead forwarding","A&E Exteriors LLC;Griffith Handyman;Jersey Complete Construction"
"jersey-city","hudson","landscaping","2","2","0","Manual assignment and free lead forwarding","Finishing Touch Landscape Construction;Hubinger Landscaping"
"jersey-city","hudson","painting","4","4","0","Manual assignment and free lead forwarding","Brush House Painting and Flooring Services of North Jersey;Griffith Handyman;Sentinel Handyman LLC;Tropic Pro Services"
"jersey-city","hudson","drywall","4","4","0","Manual assignment and free lead forwarding","Brush House Painting and Flooring Services of North Jersey;Griffith Handyman;Handyman on the Hudson;Sentinel Handyman LLC"
"jersey-city","hudson","tile","2","2","0","Manual assignment and free lead forwarding","Brush House Painting and Flooring Services of North Jersey;Griffith Handyman"
"jersey-city","hudson","plumbing","3","3","0","Manual assignment and free lead forwarding","All County Plumbing and Heating;Clear Flow Plumbing Heating and HVAC;Daibes Plumbing and Heating"
"jersey-city","hudson","electrical","2","2","0","Manual assignment and free lead forwarding","HK Electrical Group;K2 Electric"
"kearny","hudson","handyman","2","2","0","Manual assignment and free lead forwarding","Griffith Handyman;Sentinel Handyman LLC"
"kearny","hudson","masonry","3","3","0","Manual assignment and free lead forwarding","A&E Exteriors LLC;Griffith Handyman;Jersey Complete Construction"
"kearny","hudson","landscaping","2","2","0","Manual assignment and free lead forwarding","Finishing Touch Landscape Construction;Hubinger Landscaping"
"kearny","hudson","painting","3","3","0","Manual assignment and free lead forwarding","Brush House Painting and Flooring Services of North Jersey;Griffith Handyman;Sentinel Handyman LLC"
"kearny","hudson","drywall","3","3","0","Manual assignment and free lead forwarding","Brush House Painting and Flooring Services of North Jersey;Griffith Handyman;Sentinel Handyman LLC"
"kearny","hudson","tile","2","2","0","Manual assignment and free lead forwarding","Brush House Painting and Flooring Services of North Jersey;Griffith Handyman"
"kearny","hudson","plumbing","3","3","0","Manual assignment and free lead forwarding","All County Plumbing and Heating;Clear Flow Plumbing Heating and HVAC;Daibes Plumbing and Heating"
"kearny","hudson","electrical","2","2","0","Manual assignment and free lead forwarding","HK Electrical Group;K2 Electric"
"north-bergen","hudson","handyman","2","2","0","Manual assignment and free lead forwarding","Griffith Handyman;Sentinel Handyman LLC"
"north-bergen","hudson","masonry","3","3","0","Manual assignment and free lead forwarding","A&E Exteriors LLC;Griffith Handyman;Jersey Complete Construction"
"north-bergen","hudson","landscaping","2","2","0","Manual assignment and free lead forwarding","Finishing Touch Landscape Construction;Hubinger Landscaping"
"north-bergen","hudson","painting","3","3","0","Manual assignment and free lead forwarding","Brush House Painting and Flooring Services of North Jersey;Griffith Handyman;Sentinel Handyman LLC"
"north-bergen","hudson","drywall","3","3","0","Manual assignment and free lead forwarding","Brush House Painting and Flooring Services of North Jersey;Griffith Handyman;Sentinel Handyman LLC"
"north-bergen","hudson","tile","2","2","0","Manual assignment and free lead forwarding","Brush House Painting and Flooring Services of North Jersey;Griffith Handyman"
"north-bergen","hudson","plumbing","3","3","0","Manual assignment and free lead forwarding","All County Plumbing and Heating;Clear Flow Plumbing Heating and HVAC;Daibes Plumbing and Heating"
"north-bergen","hudson","electrical","2","2","0","Manual assignment and free lead forwarding","HK Electrical Group;K2 Electric"
"secaucus","hudson","handyman","2","2","0","Manual assignment and free lead forwarding","Griffith Handyman;Sentinel Handyman LLC"
"secaucus","hudson","masonry","3","3","0","Manual assignment and free lead forwarding","A&E Exteriors LLC;Griffith Handyman;Jersey Complete Construction"
"secaucus","hudson","landscaping","2","2","0","Manual assignment and free lead forwarding","Finishing Touch Landscape Construction;Hubinger Landscaping"
"secaucus","hudson","painting","3","3","0","Manual assignment and free lead forwarding","Brush House Painting and Flooring Services of North Jersey;Griffith Handyman;Sentinel Handyman LLC"
"secaucus","hudson","drywall","3","3","0","Manual assignment and free lead forwarding","Brush House Painting and Flooring Services of North Jersey;Griffith Handyman;Sentinel Handyman LLC"
"secaucus","hudson","tile","2","2","0","Manual assignment and free lead forwarding","Brush House Painting and Flooring Services of North Jersey;Griffith Handyman"
"secaucus","hudson","plumbing","3","3","0","Manual assignment and free lead forwarding","All County Plumbing and Heating;Clear Flow Plumbing Heating and HVAC;Daibes Plumbing and Heating"
"secaucus","hudson","electrical","2","2","0","Manual assignment and free lead forwarding","HK Electrical Group;K2 Electric"
"union-city","hudson","handyman","2","2","0","Manual assignment and free lead forwarding","Griffith Handyman;Sentinel Handyman LLC"
"union-city","hudson","masonry","3","3","0","Manual assignment and free lead forwarding","A&E Exteriors LLC;Griffith Handyman;Jersey Complete Construction"
"union-city","hudson","landscaping","2","2","0","Manual assignment and free lead forwarding","Finishing Touch Landscape Construction;Hubinger Landscaping"
"union-city","hudson","painting","3","3","0","Manual assignment and free lead forwarding","Brush House Painting and Flooring Services of North Jersey;Griffith Handyman;Sentinel Handyman LLC"
"union-city","hudson","drywall","3","3","0","Manual assignment and free lead forwarding","Brush House Painting and Flooring Services of North Jersey;Griffith Handyman;Sentinel Handyman LLC"
"union-city","hudson","tile","2","2","0","Manual assignment and free lead forwarding","Brush House Painting and Flooring Services of North Jersey;Griffith Handyman"
"union-city","hudson","plumbing","3","3","0","Manual assignment and free lead forwarding","All County Plumbing and Heating;Clear Flow Plumbing Heating and HVAC;Daibes Plumbing and Heating"
"union-city","hudson","electrical","2","2","0","Manual assignment and free lead forwarding","HK Electrical Group;K2 Electric"
"weehawken","hudson","handyman","2","2","0","Manual assignment and free lead forwarding","Griffith Handyman;Sentinel Handyman LLC"
"weehawken","hudson","masonry","3","3","0","Manual assignment and free lead forwarding","A&E Exteriors LLC;Griffith Handyman;Jersey Complete Construction"
"weehawken","hudson","landscaping","2","2","0","Manual assignment and free lead forwarding","Finishing Touch Landscape Construction;Hubinger Landscaping"
"weehawken","hudson","painting","3","3","0","Manual assignment and free lead forwarding","Brush House Painting and Flooring Services of North Jersey;Griffith Handyman;Sentinel Handyman LLC"
"weehawken","hudson","drywall","3","3","0","Manual assignment and free lead forwarding","Brush House Painting and Flooring Services of North Jersey;Griffith Handyman;Sentinel Handyman LLC"
"weehawken","hudson","tile","2","2","0","Manual assignment and free lead forwarding","Brush House Painting and Flooring Services of North Jersey;Griffith Handyman"
"weehawken","hudson","plumbing","3","3","0","Manual assignment and free lead forwarding","All County Plumbing and Heating;Clear Flow Plumbing Heating and HVAC;Daibes Plumbing and Heating"
"weehawken","hudson","electrical","2","2","0","Manual assignment and free lead forwarding","HK Electrical Group;K2 Electric"
"west-new-york","hudson","handyman","2","2","0","Manual assignment and free lead forwarding","Griffith Handyman;Sentinel Handyman LLC"
"west-new-york","hudson","masonry","3","3","0","Manual assignment and free lead forwarding","A&E Exteriors LLC;Griffith Handyman;Jersey Complete Construction"
"west-new-york","hudson","landscaping","2","2","0","Manual assignment and free lead forwarding","Finishing Touch Landscape Construction;Hubinger Landscaping"
"west-new-york","hudson","painting","3","3","0","Manual assignment and free lead forwarding","Brush House Painting and Flooring Services of North Jersey;Griffith Handyman;Sentinel Handyman LLC"
"west-new-york","hudson","drywall","3","3","0","Manual assignment and free lead forwarding","Brush House Painting and Flooring Services of North Jersey;Griffith Handyman;Sentinel Handyman LLC"
"west-new-york","hudson","tile","2","2","0","Manual assignment and free lead forwarding","Brush House Painting and Flooring Services of North Jersey;Griffith Handyman"
"west-new-york","hudson","plumbing","3","3","0","Manual assignment and free lead forwarding","All County Plumbing and Heating;Clear Flow Plumbing Heating and HVAC;Daibes Plumbing and Heating"
"west-new-york","hudson","electrical","2","2","0","Manual assignment and free lead forwarding","HK Electrical Group;K2 Electric"
"boonton","morris","handyman","3","3","0","Manual assignment and free lead forwarding","Griffith Handyman;Sentinel Handyman LLC;Silver Hammer Handyman"
"boonton","morris","masonry","3","3","0","Manual assignment and free lead forwarding","A&E Exteriors LLC;Griffith Handyman;Jersey Complete Construction"
"boonton","morris","landscaping","3","3","0","Manual assignment and free lead forwarding","Custom Clippings;Finishing Touch Landscape Construction;Hubinger Landscaping"
"boonton","morris","painting","4","4","0","Manual assignment and free lead forwarding","Brush House Painting and Flooring Services of North Jersey;Griffith Handyman;Sentinel Handyman LLC;Silver Hammer Handyman"
"boonton","morris","drywall","4","4","0","Manual assignment and free lead forwarding","Brush House Painting and Flooring Services of North Jersey;Griffith Handyman;Sentinel Handyman LLC;Silver Hammer Handyman"
"boonton","morris","tile","3","3","0","Manual assignment and free lead forwarding","Brush House Painting and Flooring Services of North Jersey;Griffith Handyman;Silver Hammer Handyman"
"boonton","morris","plumbing","3","3","0","Manual assignment and free lead forwarding","All A's Plumbing and Heating;All County Plumbing and Heating;Daibes Plumbing and Heating"
"boonton","morris","electrical","2","2","0","Manual assignment and free lead forwarding","HK Electrical Group;K2 Electric"
"boonton-township","morris","handyman","3","3","0","Manual assignment and free lead forwarding","Griffith Handyman;Sentinel Handyman LLC;Silver Hammer Handyman"
"boonton-township","morris","masonry","3","3","0","Manual assignment and free lead forwarding","A&E Exteriors LLC;Griffith Handyman;Jersey Complete Construction"
"boonton-township","morris","landscaping","3","3","0","Manual assignment and free lead forwarding","Custom Clippings;Finishing Touch Landscape Construction;Hubinger Landscaping"
"boonton-township","morris","painting","4","4","0","Manual assignment and free lead forwarding","Brush House Painting and Flooring Services of North Jersey;Griffith Handyman;Sentinel Handyman LLC;Silver Hammer Handyman"
"boonton-township","morris","drywall","4","4","0","Manual assignment and free lead forwarding","Brush House Painting and Flooring Services of North Jersey;Griffith Handyman;Sentinel Handyman LLC;Silver Hammer Handyman"
"boonton-township","morris","tile","3","3","0","Manual assignment and free lead forwarding","Brush House Painting and Flooring Services of North Jersey;Griffith Handyman;Silver Hammer Handyman"
"boonton-township","morris","plumbing","3","3","0","Manual assignment and free lead forwarding","All A's Plumbing and Heating;All County Plumbing and Heating;Daibes Plumbing and Heating"
"boonton-township","morris","electrical","2","2","0","Manual assignment and free lead forwarding","HK Electrical Group;K2 Electric"
"butler","morris","handyman","3","3","0","Manual assignment and free lead forwarding","Griffith Handyman;Sentinel Handyman LLC;Silver Hammer Handyman"
"butler","morris","masonry","3","3","0","Manual assignment and free lead forwarding","A&E Exteriors LLC;Griffith Handyman;Jersey Complete Construction"
"butler","morris","landscaping","3","3","0","Manual assignment and free lead forwarding","Custom Clippings;Finishing Touch Landscape Construction;Hubinger Landscaping"
"butler","morris","painting","4","4","0","Manual assignment and free lead forwarding","Brush House Painting and Flooring Services of North Jersey;Griffith Handyman;Sentinel Handyman LLC;Silver Hammer Handyman"
"butler","morris","drywall","4","4","0","Manual assignment and free lead forwarding","Brush House Painting and Flooring Services of North Jersey;Griffith Handyman;Sentinel Handyman LLC;Silver Hammer Handyman"
"butler","morris","tile","3","3","0","Manual assignment and free lead forwarding","Brush House Painting and Flooring Services of North Jersey;Griffith Handyman;Silver Hammer Handyman"
"butler","morris","plumbing","3","3","0","Manual assignment and free lead forwarding","All A's Plumbing and Heating;All County Plumbing and Heating;Daibes Plumbing and Heating"
"butler","morris","electrical","2","2","0","Manual assignment and free lead forwarding","HK Electrical Group;K2 Electric"
"chatham-borough","morris","handyman","3","3","0","Manual assignment and free lead forwarding","Griffith Handyman;Sentinel Handyman LLC;Silver Hammer Handyman"
"chatham-borough","morris","masonry","3","3","0","Manual assignment and free lead forwarding","A&E Exteriors LLC;Griffith Handyman;Jersey Complete Construction"
"chatham-borough","morris","landscaping","3","3","0","Manual assignment and free lead forwarding","Custom Clippings;Finishing Touch Landscape Construction;Hubinger Landscaping"
"chatham-borough","morris","painting","4","4","0","Manual assignment and free lead forwarding","Brush House Painting and Flooring Services of North Jersey;Griffith Handyman;Sentinel Handyman LLC;Silver Hammer Handyman"
"chatham-borough","morris","drywall","4","4","0","Manual assignment and free lead forwarding","Brush House Painting and Flooring Services of North Jersey;Griffith Handyman;Sentinel Handyman LLC;Silver Hammer Handyman"
"chatham-borough","morris","tile","3","3","0","Manual assignment and free lead forwarding","Brush House Painting and Flooring Services of North Jersey;Griffith Handyman;Silver Hammer Handyman"
"chatham-borough","morris","plumbing","3","3","0","Manual assignment and free lead forwarding","All A's Plumbing and Heating;All County Plumbing and Heating;Daibes Plumbing and Heating"
"chatham-borough","morris","electrical","2","2","0","Manual assignment and free lead forwarding","HK Electrical Group;K2 Electric"
"chatham-township","morris","handyman","3","3","0","Manual assignment and free lead forwarding","Griffith Handyman;Sentinel Handyman LLC;Silver Hammer Handyman"
"chatham-township","morris","masonry","3","3","0","Manual assignment and free lead forwarding","A&E Exteriors LLC;Griffith Handyman;Jersey Complete Construction"
"chatham-township","morris","landscaping","3","3","0","Manual assignment and free lead forwarding","Custom Clippings;Finishing Touch Landscape Construction;Hubinger Landscaping"
"chatham-township","morris","painting","4","4","0","Manual assignment and free lead forwarding","Brush House Painting and Flooring Services of North Jersey;Griffith Handyman;Sentinel Handyman LLC;Silver Hammer Handyman"
"chatham-township","morris","drywall","4","4","0","Manual assignment and free lead forwarding","Brush House Painting and Flooring Services of North Jersey;Griffith Handyman;Sentinel Handyman LLC;Silver Hammer Handyman"
"chatham-township","morris","tile","3","3","0","Manual assignment and free lead forwarding","Brush House Painting and Flooring Services of North Jersey;Griffith Handyman;Silver Hammer Handyman"
"chatham-township","morris","plumbing","3","3","0","Manual assignment and free lead forwarding","All A's Plumbing and Heating;All County Plumbing and Heating;Daibes Plumbing and Heating"
"chatham-township","morris","electrical","2","2","0","Manual assignment and free lead forwarding","HK Electrical Group;K2 Electric"
"chester-borough","morris","handyman","3","3","0","Manual assignment and free lead forwarding","Griffith Handyman;Sentinel Handyman LLC;Silver Hammer Handyman"
"chester-borough","morris","masonry","3","3","0","Manual assignment and free lead forwarding","A&E Exteriors LLC;Griffith Handyman;Jersey Complete Construction"
"chester-borough","morris","landscaping","3","3","0","Manual assignment and free lead forwarding","Custom Clippings;Finishing Touch Landscape Construction;Hubinger Landscaping"
"chester-borough","morris","painting","4","4","0","Manual assignment and free lead forwarding","Brush House Painting and Flooring Services of North Jersey;Griffith Handyman;Sentinel Handyman LLC;Silver Hammer Handyman"
"chester-borough","morris","drywall","4","4","0","Manual assignment and free lead forwarding","Brush House Painting and Flooring Services of North Jersey;Griffith Handyman;Sentinel Handyman LLC;Silver Hammer Handyman"
"chester-borough","morris","tile","3","3","0","Manual assignment and free lead forwarding","Brush House Painting and Flooring Services of North Jersey;Griffith Handyman;Silver Hammer Handyman"
"chester-borough","morris","plumbing","3","3","0","Manual assignment and free lead forwarding","All A's Plumbing and Heating;All County Plumbing and Heating;Daibes Plumbing and Heating"
"chester-borough","morris","electrical","2","2","0","Manual assignment and free lead forwarding","HK Electrical Group;K2 Electric"
"chester-township","morris","handyman","3","3","0","Manual assignment and free lead forwarding","Griffith Handyman;Sentinel Handyman LLC;Silver Hammer Handyman"
"chester-township","morris","masonry","3","3","0","Manual assignment and free lead forwarding","A&E Exteriors LLC;Griffith Handyman;Jersey Complete Construction"
"chester-township","morris","landscaping","3","3","0","Manual assignment and free lead forwarding","Custom Clippings;Finishing Touch Landscape Construction;Hubinger Landscaping"
"chester-township","morris","painting","4","4","0","Manual assignment and free lead forwarding","Brush House Painting and Flooring Services of North Jersey;Griffith Handyman;Sentinel Handyman LLC;Silver Hammer Handyman"
"chester-township","morris","drywall","4","4","0","Manual assignment and free lead forwarding","Brush House Painting and Flooring Services of North Jersey;Griffith Handyman;Sentinel Handyman LLC;Silver Hammer Handyman"
"chester-township","morris","tile","3","3","0","Manual assignment and free lead forwarding","Brush House Painting and Flooring Services of North Jersey;Griffith Handyman;Silver Hammer Handyman"
"chester-township","morris","plumbing","3","3","0","Manual assignment and free lead forwarding","All A's Plumbing and Heating;All County Plumbing and Heating;Daibes Plumbing and Heating"
"chester-township","morris","electrical","2","2","0","Manual assignment and free lead forwarding","HK Electrical Group;K2 Electric"
"denville","morris","handyman","3","3","0","Manual assignment and free lead forwarding","Griffith Handyman;Sentinel Handyman LLC;Silver Hammer Handyman"
"denville","morris","masonry","3","3","0","Manual assignment and free lead forwarding","A&E Exteriors LLC;Griffith Handyman;Jersey Complete Construction"
"denville","morris","landscaping","3","3","0","Manual assignment and free lead forwarding","Custom Clippings;Finishing Touch Landscape Construction;Hubinger Landscaping"
"denville","morris","painting","4","4","0","Manual assignment and free lead forwarding","Brush House Painting and Flooring Services of North Jersey;Griffith Handyman;Sentinel Handyman LLC;Silver Hammer Handyman"
"denville","morris","drywall","4","4","0","Manual assignment and free lead forwarding","Brush House Painting and Flooring Services of North Jersey;Griffith Handyman;Sentinel Handyman LLC;Silver Hammer Handyman"
"denville","morris","tile","3","3","0","Manual assignment and free lead forwarding","Brush House Painting and Flooring Services of North Jersey;Griffith Handyman;Silver Hammer Handyman"
"denville","morris","plumbing","3","3","0","Manual assignment and free lead forwarding","All A's Plumbing and Heating;All County Plumbing and Heating;Daibes Plumbing and Heating"
"denville","morris","electrical","2","2","0","Manual assignment and free lead forwarding","HK Electrical Group;K2 Electric"
"dover","morris","handyman","3","3","0","Manual assignment and free lead forwarding","Griffith Handyman;Sentinel Handyman LLC;Silver Hammer Handyman"
"dover","morris","masonry","3","3","0","Manual assignment and free lead forwarding","A&E Exteriors LLC;Griffith Handyman;Jersey Complete Construction"
"dover","morris","landscaping","3","3","0","Manual assignment and free lead forwarding","Custom Clippings;Finishing Touch Landscape Construction;Hubinger Landscaping"
"dover","morris","painting","4","4","0","Manual assignment and free lead forwarding","Brush House Painting and Flooring Services of North Jersey;Griffith Handyman;Sentinel Handyman LLC;Silver Hammer Handyman"
"dover","morris","drywall","4","4","0","Manual assignment and free lead forwarding","Brush House Painting and Flooring Services of North Jersey;Griffith Handyman;Sentinel Handyman LLC;Silver Hammer Handyman"
"dover","morris","tile","3","3","0","Manual assignment and free lead forwarding","Brush House Painting and Flooring Services of North Jersey;Griffith Handyman;Silver Hammer Handyman"
"dover","morris","plumbing","3","3","0","Manual assignment and free lead forwarding","All A's Plumbing and Heating;All County Plumbing and Heating;Daibes Plumbing and Heating"
"dover","morris","electrical","2","2","0","Manual assignment and free lead forwarding","HK Electrical Group;K2 Electric"
"harding","morris","handyman","3","3","0","Manual assignment and free lead forwarding","Griffith Handyman;Sentinel Handyman LLC;Silver Hammer Handyman"
"harding","morris","masonry","3","3","0","Manual assignment and free lead forwarding","A&E Exteriors LLC;Griffith Handyman;Jersey Complete Construction"
"harding","morris","landscaping","3","3","0","Manual assignment and free lead forwarding","Custom Clippings;Finishing Touch Landscape Construction;Hubinger Landscaping"
"harding","morris","painting","4","4","0","Manual assignment and free lead forwarding","Brush House Painting and Flooring Services of North Jersey;Griffith Handyman;Sentinel Handyman LLC;Silver Hammer Handyman"
"harding","morris","drywall","4","4","0","Manual assignment and free lead forwarding","Brush House Painting and Flooring Services of North Jersey;Griffith Handyman;Sentinel Handyman LLC;Silver Hammer Handyman"
"harding","morris","tile","3","3","0","Manual assignment and free lead forwarding","Brush House Painting and Flooring Services of North Jersey;Griffith Handyman;Silver Hammer Handyman"
"harding","morris","plumbing","3","3","0","Manual assignment and free lead forwarding","All A's Plumbing and Heating;All County Plumbing and Heating;Daibes Plumbing and Heating"
"harding","morris","electrical","2","2","0","Manual assignment and free lead forwarding","HK Electrical Group;K2 Electric"
"jefferson-township","morris","handyman","3","3","0","Manual assignment and free lead forwarding","Griffith Handyman;Sentinel Handyman LLC;Silver Hammer Handyman"
"jefferson-township","morris","masonry","3","3","0","Manual assignment and free lead forwarding","A&E Exteriors LLC;Griffith Handyman;Jersey Complete Construction"
"jefferson-township","morris","landscaping","3","3","0","Manual assignment and free lead forwarding","Custom Clippings;Finishing Touch Landscape Construction;Hubinger Landscaping"
"jefferson-township","morris","painting","4","4","0","Manual assignment and free lead forwarding","Brush House Painting and Flooring Services of North Jersey;Griffith Handyman;Sentinel Handyman LLC;Silver Hammer Handyman"
"jefferson-township","morris","drywall","4","4","0","Manual assignment and free lead forwarding","Brush House Painting and Flooring Services of North Jersey;Griffith Handyman;Sentinel Handyman LLC;Silver Hammer Handyman"
"jefferson-township","morris","tile","3","3","0","Manual assignment and free lead forwarding","Brush House Painting and Flooring Services of North Jersey;Griffith Handyman;Silver Hammer Handyman"
"jefferson-township","morris","plumbing","3","3","0","Manual assignment and free lead forwarding","All A's Plumbing and Heating;All County Plumbing and Heating;Daibes Plumbing and Heating"
"jefferson-township","morris","electrical","2","2","0","Manual assignment and free lead forwarding","HK Electrical Group;K2 Electric"
"kinnelon","morris","handyman","3","3","0","Manual assignment and free lead forwarding","Griffith Handyman;Sentinel Handyman LLC;Silver Hammer Handyman"
"kinnelon","morris","masonry","3","3","0","Manual assignment and free lead forwarding","A&E Exteriors LLC;Griffith Handyman;Jersey Complete Construction"
"kinnelon","morris","landscaping","3","3","0","Manual assignment and free lead forwarding","Custom Clippings;Finishing Touch Landscape Construction;Hubinger Landscaping"
"kinnelon","morris","painting","4","4","0","Manual assignment and free lead forwarding","Brush House Painting and Flooring Services of North Jersey;Griffith Handyman;Sentinel Handyman LLC;Silver Hammer Handyman"
"kinnelon","morris","drywall","4","4","0","Manual assignment and free lead forwarding","Brush House Painting and Flooring Services of North Jersey;Griffith Handyman;Sentinel Handyman LLC;Silver Hammer Handyman"
"kinnelon","morris","tile","3","3","0","Manual assignment and free lead forwarding","Brush House Painting and Flooring Services of North Jersey;Griffith Handyman;Silver Hammer Handyman"
"kinnelon","morris","plumbing","3","3","0","Manual assignment and free lead forwarding","All A's Plumbing and Heating;All County Plumbing and Heating;Daibes Plumbing and Heating"
"kinnelon","morris","electrical","2","2","0","Manual assignment and free lead forwarding","HK Electrical Group;K2 Electric"
"lincoln-park","morris","handyman","3","3","0","Manual assignment and free lead forwarding","Griffith Handyman;Sentinel Handyman LLC;Silver Hammer Handyman"
"lincoln-park","morris","masonry","3","3","0","Manual assignment and free lead forwarding","A&E Exteriors LLC;Griffith Handyman;Jersey Complete Construction"
"lincoln-park","morris","landscaping","3","3","0","Manual assignment and free lead forwarding","Custom Clippings;Finishing Touch Landscape Construction;Hubinger Landscaping"
"lincoln-park","morris","painting","4","4","0","Manual assignment and free lead forwarding","Brush House Painting and Flooring Services of North Jersey;Griffith Handyman;Sentinel Handyman LLC;Silver Hammer Handyman"
"lincoln-park","morris","drywall","4","4","0","Manual assignment and free lead forwarding","Brush House Painting and Flooring Services of North Jersey;Griffith Handyman;Sentinel Handyman LLC;Silver Hammer Handyman"
"lincoln-park","morris","tile","3","3","0","Manual assignment and free lead forwarding","Brush House Painting and Flooring Services of North Jersey;Griffith Handyman;Silver Hammer Handyman"
"lincoln-park","morris","plumbing","3","3","0","Manual assignment and free lead forwarding","All A's Plumbing and Heating;All County Plumbing and Heating;Daibes Plumbing and Heating"
"lincoln-park","morris","electrical","2","2","0","Manual assignment and free lead forwarding","HK Electrical Group;K2 Electric"
"long-hill-township","morris","handyman","3","3","0","Manual assignment and free lead forwarding","Griffith Handyman;Sentinel Handyman LLC;Silver Hammer Handyman"
"long-hill-township","morris","masonry","3","3","0","Manual assignment and free lead forwarding","A&E Exteriors LLC;Griffith Handyman;Jersey Complete Construction"
"long-hill-township","morris","landscaping","3","3","0","Manual assignment and free lead forwarding","Custom Clippings;Finishing Touch Landscape Construction;Hubinger Landscaping"
"long-hill-township","morris","painting","4","4","0","Manual assignment and free lead forwarding","Brush House Painting and Flooring Services of North Jersey;Griffith Handyman;Sentinel Handyman LLC;Silver Hammer Handyman"
"long-hill-township","morris","drywall","4","4","0","Manual assignment and free lead forwarding","Brush House Painting and Flooring Services of North Jersey;Griffith Handyman;Sentinel Handyman LLC;Silver Hammer Handyman"
"long-hill-township","morris","tile","3","3","0","Manual assignment and free lead forwarding","Brush House Painting and Flooring Services of North Jersey;Griffith Handyman;Silver Hammer Handyman"
"long-hill-township","morris","plumbing","3","3","0","Manual assignment and free lead forwarding","All A's Plumbing and Heating;All County Plumbing and Heating;Daibes Plumbing and Heating"
"long-hill-township","morris","electrical","2","2","0","Manual assignment and free lead forwarding","HK Electrical Group;K2 Electric"
"mendham-borough","morris","handyman","3","3","0","Manual assignment and free lead forwarding","Griffith Handyman;Sentinel Handyman LLC;Silver Hammer Handyman"
"mendham-borough","morris","masonry","3","3","0","Manual assignment and free lead forwarding","A&E Exteriors LLC;Griffith Handyman;Jersey Complete Construction"
"mendham-borough","morris","landscaping","3","3","0","Manual assignment and free lead forwarding","Custom Clippings;Finishing Touch Landscape Construction;Hubinger Landscaping"
"mendham-borough","morris","painting","4","4","0","Manual assignment and free lead forwarding","Brush House Painting and Flooring Services of North Jersey;Griffith Handyman;Sentinel Handyman LLC;Silver Hammer Handyman"
"mendham-borough","morris","drywall","4","4","0","Manual assignment and free lead forwarding","Brush House Painting and Flooring Services of North Jersey;Griffith Handyman;Sentinel Handyman LLC;Silver Hammer Handyman"
"mendham-borough","morris","tile","3","3","0","Manual assignment and free lead forwarding","Brush House Painting and Flooring Services of North Jersey;Griffith Handyman;Silver Hammer Handyman"
"mendham-borough","morris","plumbing","3","3","0","Manual assignment and free lead forwarding","All A's Plumbing and Heating;All County Plumbing and Heating;Daibes Plumbing and Heating"
"mendham-borough","morris","electrical","2","2","0","Manual assignment and free lead forwarding","HK Electrical Group;K2 Electric"
"mendham-township","morris","handyman","3","3","0","Manual assignment and free lead forwarding","Griffith Handyman;Sentinel Handyman LLC;Silver Hammer Handyman"
"mendham-township","morris","masonry","3","3","0","Manual assignment and free lead forwarding","A&E Exteriors LLC;Griffith Handyman;Jersey Complete Construction"
"mendham-township","morris","landscaping","3","3","0","Manual assignment and free lead forwarding","Custom Clippings;Finishing Touch Landscape Construction;Hubinger Landscaping"
"mendham-township","morris","painting","4","4","0","Manual assignment and free lead forwarding","Brush House Painting and Flooring Services of North Jersey;Griffith Handyman;Sentinel Handyman LLC;Silver Hammer Handyman"
"mendham-township","morris","drywall","4","4","0","Manual assignment and free lead forwarding","Brush House Painting and Flooring Services of North Jersey;Griffith Handyman;Sentinel Handyman LLC;Silver Hammer Handyman"
"mendham-township","morris","tile","3","3","0","Manual assignment and free lead forwarding","Brush House Painting and Flooring Services of North Jersey;Griffith Handyman;Silver Hammer Handyman"
"mendham-township","morris","plumbing","3","3","0","Manual assignment and free lead forwarding","All A's Plumbing and Heating;All County Plumbing and Heating;Daibes Plumbing and Heating"
"mendham-township","morris","electrical","2","2","0","Manual assignment and free lead forwarding","HK Electrical Group;K2 Electric"
"mine-hill","morris","handyman","3","3","0","Manual assignment and free lead forwarding","Griffith Handyman;Sentinel Handyman LLC;Silver Hammer Handyman"
"mine-hill","morris","masonry","3","3","0","Manual assignment and free lead forwarding","A&E Exteriors LLC;Griffith Handyman;Jersey Complete Construction"
"mine-hill","morris","landscaping","3","3","0","Manual assignment and free lead forwarding","Custom Clippings;Finishing Touch Landscape Construction;Hubinger Landscaping"
"mine-hill","morris","painting","4","4","0","Manual assignment and free lead forwarding","Brush House Painting and Flooring Services of North Jersey;Griffith Handyman;Sentinel Handyman LLC;Silver Hammer Handyman"
"mine-hill","morris","drywall","4","4","0","Manual assignment and free lead forwarding","Brush House Painting and Flooring Services of North Jersey;Griffith Handyman;Sentinel Handyman LLC;Silver Hammer Handyman"
"mine-hill","morris","tile","3","3","0","Manual assignment and free lead forwarding","Brush House Painting and Flooring Services of North Jersey;Griffith Handyman;Silver Hammer Handyman"
"mine-hill","morris","plumbing","3","3","0","Manual assignment and free lead forwarding","All A's Plumbing and Heating;All County Plumbing and Heating;Daibes Plumbing and Heating"
"mine-hill","morris","electrical","2","2","0","Manual assignment and free lead forwarding","HK Electrical Group;K2 Electric"
"montville","morris","handyman","3","3","0","Manual assignment and free lead forwarding","Griffith Handyman;Sentinel Handyman LLC;Silver Hammer Handyman"
"montville","morris","masonry","3","3","0","Manual assignment and free lead forwarding","A&E Exteriors LLC;Griffith Handyman;Jersey Complete Construction"
"montville","morris","landscaping","3","3","0","Manual assignment and free lead forwarding","Custom Clippings;Finishing Touch Landscape Construction;Hubinger Landscaping"
"montville","morris","painting","4","4","0","Manual assignment and free lead forwarding","Brush House Painting and Flooring Services of North Jersey;Griffith Handyman;Sentinel Handyman LLC;Silver Hammer Handyman"
"montville","morris","drywall","4","4","0","Manual assignment and free lead forwarding","Brush House Painting and Flooring Services of North Jersey;Griffith Handyman;Sentinel Handyman LLC;Silver Hammer Handyman"
"montville","morris","tile","3","3","0","Manual assignment and free lead forwarding","Brush House Painting and Flooring Services of North Jersey;Griffith Handyman;Silver Hammer Handyman"
"montville","morris","plumbing","3","3","0","Manual assignment and free lead forwarding","All A's Plumbing and Heating;All County Plumbing and Heating;Daibes Plumbing and Heating"
"montville","morris","electrical","2","2","0","Manual assignment and free lead forwarding","HK Electrical Group;K2 Electric"
"morris-plains","morris","handyman","3","3","0","Manual assignment and free lead forwarding","Griffith Handyman;Sentinel Handyman LLC;Silver Hammer Handyman"
"morris-plains","morris","masonry","3","3","0","Manual assignment and free lead forwarding","A&E Exteriors LLC;Griffith Handyman;Jersey Complete Construction"
"morris-plains","morris","landscaping","3","3","0","Manual assignment and free lead forwarding","Custom Clippings;Finishing Touch Landscape Construction;Hubinger Landscaping"
"morris-plains","morris","painting","4","4","0","Manual assignment and free lead forwarding","Brush House Painting and Flooring Services of North Jersey;Griffith Handyman;Sentinel Handyman LLC;Silver Hammer Handyman"
"morris-plains","morris","drywall","4","4","0","Manual assignment and free lead forwarding","Brush House Painting and Flooring Services of North Jersey;Griffith Handyman;Sentinel Handyman LLC;Silver Hammer Handyman"
"morris-plains","morris","tile","3","3","0","Manual assignment and free lead forwarding","Brush House Painting and Flooring Services of North Jersey;Griffith Handyman;Silver Hammer Handyman"
"morris-plains","morris","plumbing","3","3","0","Manual assignment and free lead forwarding","All A's Plumbing and Heating;All County Plumbing and Heating;Daibes Plumbing and Heating"
"morris-plains","morris","electrical","2","2","0","Manual assignment and free lead forwarding","HK Electrical Group;K2 Electric"
"mount-arlington","morris","handyman","3","3","0","Manual assignment and free lead forwarding","Griffith Handyman;Sentinel Handyman LLC;Silver Hammer Handyman"
"mount-arlington","morris","masonry","3","3","0","Manual assignment and free lead forwarding","A&E Exteriors LLC;Griffith Handyman;Jersey Complete Construction"
"mount-arlington","morris","landscaping","3","3","0","Manual assignment and free lead forwarding","Custom Clippings;Finishing Touch Landscape Construction;Hubinger Landscaping"
"mount-arlington","morris","painting","4","4","0","Manual assignment and free lead forwarding","Brush House Painting and Flooring Services of North Jersey;Griffith Handyman;Sentinel Handyman LLC;Silver Hammer Handyman"
"mount-arlington","morris","drywall","4","4","0","Manual assignment and free lead forwarding","Brush House Painting and Flooring Services of North Jersey;Griffith Handyman;Sentinel Handyman LLC;Silver Hammer Handyman"
"mount-arlington","morris","tile","3","3","0","Manual assignment and free lead forwarding","Brush House Painting and Flooring Services of North Jersey;Griffith Handyman;Silver Hammer Handyman"
"mount-arlington","morris","plumbing","3","3","0","Manual assignment and free lead forwarding","All A's Plumbing and Heating;All County Plumbing and Heating;Daibes Plumbing and Heating"
"mount-arlington","morris","electrical","2","2","0","Manual assignment and free lead forwarding","HK Electrical Group;K2 Electric"
"mount-olive","morris","handyman","3","3","0","Manual assignment and free lead forwarding","Griffith Handyman;Sentinel Handyman LLC;Silver Hammer Handyman"
"mount-olive","morris","masonry","3","3","0","Manual assignment and free lead forwarding","A&E Exteriors LLC;Griffith Handyman;Jersey Complete Construction"
"mount-olive","morris","landscaping","3","3","0","Manual assignment and free lead forwarding","Custom Clippings;Finishing Touch Landscape Construction;Hubinger Landscaping"
"mount-olive","morris","painting","4","4","0","Manual assignment and free lead forwarding","Brush House Painting and Flooring Services of North Jersey;Griffith Handyman;Sentinel Handyman LLC;Silver Hammer Handyman"
"mount-olive","morris","drywall","4","4","0","Manual assignment and free lead forwarding","Brush House Painting and Flooring Services of North Jersey;Griffith Handyman;Sentinel Handyman LLC;Silver Hammer Handyman"
"mount-olive","morris","tile","3","3","0","Manual assignment and free lead forwarding","Brush House Painting and Flooring Services of North Jersey;Griffith Handyman;Silver Hammer Handyman"
"mount-olive","morris","plumbing","3","3","0","Manual assignment and free lead forwarding","All A's Plumbing and Heating;All County Plumbing and Heating;Daibes Plumbing and Heating"
"mount-olive","morris","electrical","2","2","0","Manual assignment and free lead forwarding","HK Electrical Group;K2 Electric"
"mountain-lakes","morris","handyman","3","3","0","Manual assignment and free lead forwarding","Griffith Handyman;Sentinel Handyman LLC;Silver Hammer Handyman"
"mountain-lakes","morris","masonry","3","3","0","Manual assignment and free lead forwarding","A&E Exteriors LLC;Griffith Handyman;Jersey Complete Construction"
"mountain-lakes","morris","landscaping","3","3","0","Manual assignment and free lead forwarding","Custom Clippings;Finishing Touch Landscape Construction;Hubinger Landscaping"
"mountain-lakes","morris","painting","4","4","0","Manual assignment and free lead forwarding","Brush House Painting and Flooring Services of North Jersey;Griffith Handyman;Sentinel Handyman LLC;Silver Hammer Handyman"
"mountain-lakes","morris","drywall","4","4","0","Manual assignment and free lead forwarding","Brush House Painting and Flooring Services of North Jersey;Griffith Handyman;Sentinel Handyman LLC;Silver Hammer Handyman"
"mountain-lakes","morris","tile","3","3","0","Manual assignment and free lead forwarding","Brush House Painting and Flooring Services of North Jersey;Griffith Handyman;Silver Hammer Handyman"
"mountain-lakes","morris","plumbing","3","3","0","Manual assignment and free lead forwarding","All A's Plumbing and Heating;All County Plumbing and Heating;Daibes Plumbing and Heating"
"mountain-lakes","morris","electrical","2","2","0","Manual assignment and free lead forwarding","HK Electrical Group;K2 Electric"
"netcong","morris","handyman","3","3","0","Manual assignment and free lead forwarding","Griffith Handyman;Sentinel Handyman LLC;Silver Hammer Handyman"
"netcong","morris","masonry","3","3","0","Manual assignment and free lead forwarding","A&E Exteriors LLC;Griffith Handyman;Jersey Complete Construction"
"netcong","morris","landscaping","3","3","0","Manual assignment and free lead forwarding","Custom Clippings;Finishing Touch Landscape Construction;Hubinger Landscaping"
"netcong","morris","painting","4","4","0","Manual assignment and free lead forwarding","Brush House Painting and Flooring Services of North Jersey;Griffith Handyman;Sentinel Handyman LLC;Silver Hammer Handyman"
"netcong","morris","drywall","4","4","0","Manual assignment and free lead forwarding","Brush House Painting and Flooring Services of North Jersey;Griffith Handyman;Sentinel Handyman LLC;Silver Hammer Handyman"
"netcong","morris","tile","3","3","0","Manual assignment and free lead forwarding","Brush House Painting and Flooring Services of North Jersey;Griffith Handyman;Silver Hammer Handyman"
"netcong","morris","plumbing","3","3","0","Manual assignment and free lead forwarding","All A's Plumbing and Heating;All County Plumbing and Heating;Daibes Plumbing and Heating"
"netcong","morris","electrical","2","2","0","Manual assignment and free lead forwarding","HK Electrical Group;K2 Electric"
"parsippany-troy-hills","morris","handyman","4","4","0","Manual assignment and free lead forwarding","Griffith Handyman;Sentinel Handyman LLC;Silver Hammer Handyman;Tropic Pro Services"
"parsippany-troy-hills","morris","masonry","3","3","0","Manual assignment and free lead forwarding","A&E Exteriors LLC;Griffith Handyman;Jersey Complete Construction"
"parsippany-troy-hills","morris","landscaping","3","3","0","Manual assignment and free lead forwarding","Custom Clippings;Finishing Touch Landscape Construction;Hubinger Landscaping"
"parsippany-troy-hills","morris","painting","5","5","0","Manual assignment and free lead forwarding","Brush House Painting and Flooring Services of North Jersey;Griffith Handyman;Sentinel Handyman LLC;Silver Hammer Handyman;Tropic Pro Services"
"parsippany-troy-hills","morris","drywall","4","4","0","Manual assignment and free lead forwarding","Brush House Painting and Flooring Services of North Jersey;Griffith Handyman;Sentinel Handyman LLC;Silver Hammer Handyman"
"parsippany-troy-hills","morris","tile","3","3","0","Manual assignment and free lead forwarding","Brush House Painting and Flooring Services of North Jersey;Griffith Handyman;Silver Hammer Handyman"
"parsippany-troy-hills","morris","plumbing","3","3","0","Manual assignment and free lead forwarding","All A's Plumbing and Heating;All County Plumbing and Heating;Daibes Plumbing and Heating"
"parsippany-troy-hills","morris","electrical","2","2","0","Manual assignment and free lead forwarding","HK Electrical Group;K2 Electric"
"pequannock","morris","handyman","3","3","0","Manual assignment and free lead forwarding","Griffith Handyman;Sentinel Handyman LLC;Silver Hammer Handyman"
"pequannock","morris","masonry","3","3","0","Manual assignment and free lead forwarding","A&E Exteriors LLC;Griffith Handyman;Jersey Complete Construction"
"pequannock","morris","landscaping","3","3","0","Manual assignment and free lead forwarding","Custom Clippings;Finishing Touch Landscape Construction;Hubinger Landscaping"
"pequannock","morris","painting","4","4","0","Manual assignment and free lead forwarding","Brush House Painting and Flooring Services of North Jersey;Griffith Handyman;Sentinel Handyman LLC;Silver Hammer Handyman"
"pequannock","morris","drywall","4","4","0","Manual assignment and free lead forwarding","Brush House Painting and Flooring Services of North Jersey;Griffith Handyman;Sentinel Handyman LLC;Silver Hammer Handyman"
"pequannock","morris","tile","3","3","0","Manual assignment and free lead forwarding","Brush House Painting and Flooring Services of North Jersey;Griffith Handyman;Silver Hammer Handyman"
"pequannock","morris","plumbing","3","3","0","Manual assignment and free lead forwarding","All A's Plumbing and Heating;All County Plumbing and Heating;Daibes Plumbing and Heating"
"pequannock","morris","electrical","2","2","0","Manual assignment and free lead forwarding","HK Electrical Group;K2 Electric"
"randolph","morris","handyman","3","3","0","Manual assignment and free lead forwarding","Griffith Handyman;Sentinel Handyman LLC;Silver Hammer Handyman"
"randolph","morris","masonry","3","3","0","Manual assignment and free lead forwarding","A&E Exteriors LLC;Griffith Handyman;Jersey Complete Construction"
"randolph","morris","landscaping","3","3","0","Manual assignment and free lead forwarding","Custom Clippings;Finishing Touch Landscape Construction;Hubinger Landscaping"
"randolph","morris","painting","4","4","0","Manual assignment and free lead forwarding","Brush House Painting and Flooring Services of North Jersey;Griffith Handyman;Sentinel Handyman LLC;Silver Hammer Handyman"
"randolph","morris","drywall","4","4","0","Manual assignment and free lead forwarding","Brush House Painting and Flooring Services of North Jersey;Griffith Handyman;Sentinel Handyman LLC;Silver Hammer Handyman"
"randolph","morris","tile","3","3","0","Manual assignment and free lead forwarding","Brush House Painting and Flooring Services of North Jersey;Griffith Handyman;Silver Hammer Handyman"
"randolph","morris","plumbing","3","3","0","Manual assignment and free lead forwarding","All A's Plumbing and Heating;All County Plumbing and Heating;Daibes Plumbing and Heating"
"randolph","morris","electrical","2","2","0","Manual assignment and free lead forwarding","HK Electrical Group;K2 Electric"
"riverdale","morris","handyman","3","3","0","Manual assignment and free lead forwarding","Griffith Handyman;Sentinel Handyman LLC;Silver Hammer Handyman"
"riverdale","morris","masonry","3","3","0","Manual assignment and free lead forwarding","A&E Exteriors LLC;Griffith Handyman;Jersey Complete Construction"
"riverdale","morris","landscaping","3","3","0","Manual assignment and free lead forwarding","Custom Clippings;Finishing Touch Landscape Construction;Hubinger Landscaping"
"riverdale","morris","painting","4","4","0","Manual assignment and free lead forwarding","Brush House Painting and Flooring Services of North Jersey;Griffith Handyman;Sentinel Handyman LLC;Silver Hammer Handyman"
"riverdale","morris","drywall","4","4","0","Manual assignment and free lead forwarding","Brush House Painting and Flooring Services of North Jersey;Griffith Handyman;Sentinel Handyman LLC;Silver Hammer Handyman"
"riverdale","morris","tile","3","3","0","Manual assignment and free lead forwarding","Brush House Painting and Flooring Services of North Jersey;Griffith Handyman;Silver Hammer Handyman"
"riverdale","morris","plumbing","3","3","0","Manual assignment and free lead forwarding","All A's Plumbing and Heating;All County Plumbing and Heating;Daibes Plumbing and Heating"
"riverdale","morris","electrical","2","2","0","Manual assignment and free lead forwarding","HK Electrical Group;K2 Electric"
"rockaway-borough","morris","handyman","3","3","0","Manual assignment and free lead forwarding","Griffith Handyman;Sentinel Handyman LLC;Silver Hammer Handyman"
"rockaway-borough","morris","masonry","3","3","0","Manual assignment and free lead forwarding","A&E Exteriors LLC;Griffith Handyman;Jersey Complete Construction"
"rockaway-borough","morris","landscaping","3","3","0","Manual assignment and free lead forwarding","Custom Clippings;Finishing Touch Landscape Construction;Hubinger Landscaping"
"rockaway-borough","morris","painting","4","4","0","Manual assignment and free lead forwarding","Brush House Painting and Flooring Services of North Jersey;Griffith Handyman;Sentinel Handyman LLC;Silver Hammer Handyman"
"rockaway-borough","morris","drywall","4","4","0","Manual assignment and free lead forwarding","Brush House Painting and Flooring Services of North Jersey;Griffith Handyman;Sentinel Handyman LLC;Silver Hammer Handyman"
"rockaway-borough","morris","tile","3","3","0","Manual assignment and free lead forwarding","Brush House Painting and Flooring Services of North Jersey;Griffith Handyman;Silver Hammer Handyman"
"rockaway-borough","morris","plumbing","3","3","0","Manual assignment and free lead forwarding","All A's Plumbing and Heating;All County Plumbing and Heating;Daibes Plumbing and Heating"
"rockaway-borough","morris","electrical","2","2","0","Manual assignment and free lead forwarding","HK Electrical Group;K2 Electric"
"rockaway-township","morris","handyman","3","3","0","Manual assignment and free lead forwarding","Griffith Handyman;Sentinel Handyman LLC;Silver Hammer Handyman"
"rockaway-township","morris","masonry","3","3","0","Manual assignment and free lead forwarding","A&E Exteriors LLC;Griffith Handyman;Jersey Complete Construction"
"rockaway-township","morris","landscaping","3","3","0","Manual assignment and free lead forwarding","Custom Clippings;Finishing Touch Landscape Construction;Hubinger Landscaping"
"rockaway-township","morris","painting","4","4","0","Manual assignment and free lead forwarding","Brush House Painting and Flooring Services of North Jersey;Griffith Handyman;Sentinel Handyman LLC;Silver Hammer Handyman"
"rockaway-township","morris","drywall","4","4","0","Manual assignment and free lead forwarding","Brush House Painting and Flooring Services of North Jersey;Griffith Handyman;Sentinel Handyman LLC;Silver Hammer Handyman"
"rockaway-township","morris","tile","3","3","0","Manual assignment and free lead forwarding","Brush House Painting and Flooring Services of North Jersey;Griffith Handyman;Silver Hammer Handyman"
"rockaway-township","morris","plumbing","3","3","0","Manual assignment and free lead forwarding","All A's Plumbing and Heating;All County Plumbing and Heating;Daibes Plumbing and Heating"
"rockaway-township","morris","electrical","2","2","0","Manual assignment and free lead forwarding","HK Electrical Group;K2 Electric"
"roxbury","morris","handyman","3","3","0","Manual assignment and free lead forwarding","Griffith Handyman;Sentinel Handyman LLC;Silver Hammer Handyman"
"roxbury","morris","masonry","3","3","0","Manual assignment and free lead forwarding","A&E Exteriors LLC;Griffith Handyman;Jersey Complete Construction"
"roxbury","morris","landscaping","3","3","0","Manual assignment and free lead forwarding","Custom Clippings;Finishing Touch Landscape Construction;Hubinger Landscaping"
"roxbury","morris","painting","4","4","0","Manual assignment and free lead forwarding","Brush House Painting and Flooring Services of North Jersey;Griffith Handyman;Sentinel Handyman LLC;Silver Hammer Handyman"
"roxbury","morris","drywall","4","4","0","Manual assignment and free lead forwarding","Brush House Painting and Flooring Services of North Jersey;Griffith Handyman;Sentinel Handyman LLC;Silver Hammer Handyman"
"roxbury","morris","tile","3","3","0","Manual assignment and free lead forwarding","Brush House Painting and Flooring Services of North Jersey;Griffith Handyman;Silver Hammer Handyman"
"roxbury","morris","plumbing","3","3","0","Manual assignment and free lead forwarding","All A's Plumbing and Heating;All County Plumbing and Heating;Daibes Plumbing and Heating"
"roxbury","morris","electrical","2","2","0","Manual assignment and free lead forwarding","HK Electrical Group;K2 Electric"
"victory-gardens","morris","handyman","3","3","0","Manual assignment and free lead forwarding","Griffith Handyman;Sentinel Handyman LLC;Silver Hammer Handyman"
"victory-gardens","morris","masonry","3","3","0","Manual assignment and free lead forwarding","A&E Exteriors LLC;Griffith Handyman;Jersey Complete Construction"
"victory-gardens","morris","landscaping","3","3","0","Manual assignment and free lead forwarding","Custom Clippings;Finishing Touch Landscape Construction;Hubinger Landscaping"
"victory-gardens","morris","painting","4","4","0","Manual assignment and free lead forwarding","Brush House Painting and Flooring Services of North Jersey;Griffith Handyman;Sentinel Handyman LLC;Silver Hammer Handyman"
"victory-gardens","morris","drywall","4","4","0","Manual assignment and free lead forwarding","Brush House Painting and Flooring Services of North Jersey;Griffith Handyman;Sentinel Handyman LLC;Silver Hammer Handyman"
"victory-gardens","morris","tile","3","3","0","Manual assignment and free lead forwarding","Brush House Painting and Flooring Services of North Jersey;Griffith Handyman;Silver Hammer Handyman"
"victory-gardens","morris","plumbing","3","3","0","Manual assignment and free lead forwarding","All A's Plumbing and Heating;All County Plumbing and Heating;Daibes Plumbing and Heating"
"victory-gardens","morris","electrical","2","2","0","Manual assignment and free lead forwarding","HK Electrical Group;K2 Electric"
"washington-township-morris","morris","handyman","3","3","0","Manual assignment and free lead forwarding","Griffith Handyman;Sentinel Handyman LLC;Silver Hammer Handyman"
"washington-township-morris","morris","masonry","3","3","0","Manual assignment and free lead forwarding","A&E Exteriors LLC;Griffith Handyman;Jersey Complete Construction"
"washington-township-morris","morris","landscaping","3","3","0","Manual assignment and free lead forwarding","Custom Clippings;Finishing Touch Landscape Construction;Hubinger Landscaping"
"washington-township-morris","morris","painting","4","4","0","Manual assignment and free lead forwarding","Brush House Painting and Flooring Services of North Jersey;Griffith Handyman;Sentinel Handyman LLC;Silver Hammer Handyman"
"washington-township-morris","morris","drywall","4","4","0","Manual assignment and free lead forwarding","Brush House Painting and Flooring Services of North Jersey;Griffith Handyman;Sentinel Handyman LLC;Silver Hammer Handyman"
"washington-township-morris","morris","tile","3","3","0","Manual assignment and free lead forwarding","Brush House Painting and Flooring Services of North Jersey;Griffith Handyman;Silver Hammer Handyman"
"washington-township-morris","morris","plumbing","3","3","0","Manual assignment and free lead forwarding","All A's Plumbing and Heating;All County Plumbing and Heating;Daibes Plumbing and Heating"
"washington-township-morris","morris","electrical","2","2","0","Manual assignment and free lead forwarding","HK Electrical Group;K2 Electric"
"wharton","morris","handyman","3","3","0","Manual assignment and free lead forwarding","Griffith Handyman;Sentinel Handyman LLC;Silver Hammer Handyman"
"wharton","morris","masonry","3","3","0","Manual assignment and free lead forwarding","A&E Exteriors LLC;Griffith Handyman;Jersey Complete Construction"
"wharton","morris","landscaping","3","3","0","Manual assignment and free lead forwarding","Custom Clippings;Finishing Touch Landscape Construction;Hubinger Landscaping"
"wharton","morris","painting","4","4","0","Manual assignment and free lead forwarding","Brush House Painting and Flooring Services of North Jersey;Griffith Handyman;Sentinel Handyman LLC;Silver Hammer Handyman"
"wharton","morris","drywall","4","4","0","Manual assignment and free lead forwarding","Brush House Painting and Flooring Services of North Jersey;Griffith Handyman;Sentinel Handyman LLC;Silver Hammer Handyman"
"wharton","morris","tile","3","3","0","Manual assignment and free lead forwarding","Brush House Painting and Flooring Services of North Jersey;Griffith Handyman;Silver Hammer Handyman"
"wharton","morris","plumbing","3","3","0","Manual assignment and free lead forwarding","All A's Plumbing and Heating;All County Plumbing and Heating;Daibes Plumbing and Heating"
"wharton","morris","electrical","2","2","0","Manual assignment and free lead forwarding","HK Electrical Group;K2 Electric"
"bloomingdale","passaic","handyman","2","2","0","Manual assignment and free lead forwarding","Griffith Handyman;Sentinel Handyman LLC"
"bloomingdale","passaic","masonry","3","3","0","Manual assignment and free lead forwarding","A&E Exteriors LLC;Griffith Handyman;Jersey Complete Construction"
"bloomingdale","passaic","landscaping","2","2","0","Manual assignment and free lead forwarding","Finishing Touch Landscape Construction;Hubinger Landscaping"
"bloomingdale","passaic","painting","3","3","0","Manual assignment and free lead forwarding","Brush House Painting and Flooring Services of North Jersey;Griffith Handyman;Sentinel Handyman LLC"
"bloomingdale","passaic","drywall","3","3","0","Manual assignment and free lead forwarding","Brush House Painting and Flooring Services of North Jersey;Griffith Handyman;Sentinel Handyman LLC"
"bloomingdale","passaic","tile","2","2","0","Manual assignment and free lead forwarding","Brush House Painting and Flooring Services of North Jersey;Griffith Handyman"
"bloomingdale","passaic","plumbing","2","2","0","Manual assignment and free lead forwarding","All County Plumbing and Heating;Daibes Plumbing and Heating"
"bloomingdale","passaic","electrical","2","2","0","Manual assignment and free lead forwarding","HK Electrical Group;K2 Electric"
"clifton","passaic","handyman","3","3","0","Manual assignment and free lead forwarding","Griffith Handyman;Sentinel Handyman LLC;Tropic Pro Services"
"clifton","passaic","masonry","3","3","0","Manual assignment and free lead forwarding","A&E Exteriors LLC;Griffith Handyman;Jersey Complete Construction"
"clifton","passaic","landscaping","2","2","0","Manual assignment and free lead forwarding","Finishing Touch Landscape Construction;Hubinger Landscaping"
"clifton","passaic","painting","4","4","0","Manual assignment and free lead forwarding","Brush House Painting and Flooring Services of North Jersey;Griffith Handyman;Sentinel Handyman LLC;Tropic Pro Services"
"clifton","passaic","drywall","3","3","0","Manual assignment and free lead forwarding","Brush House Painting and Flooring Services of North Jersey;Griffith Handyman;Sentinel Handyman LLC"
"clifton","passaic","tile","2","2","0","Manual assignment and free lead forwarding","Brush House Painting and Flooring Services of North Jersey;Griffith Handyman"
"clifton","passaic","plumbing","2","2","0","Manual assignment and free lead forwarding","All County Plumbing and Heating;Daibes Plumbing and Heating"
"clifton","passaic","electrical","2","2","0","Manual assignment and free lead forwarding","HK Electrical Group;K2 Electric"
"haledon","passaic","handyman","2","2","0","Manual assignment and free lead forwarding","Griffith Handyman;Sentinel Handyman LLC"
"haledon","passaic","masonry","3","3","0","Manual assignment and free lead forwarding","A&E Exteriors LLC;Griffith Handyman;Jersey Complete Construction"
"haledon","passaic","landscaping","2","2","0","Manual assignment and free lead forwarding","Finishing Touch Landscape Construction;Hubinger Landscaping"
"haledon","passaic","painting","3","3","0","Manual assignment and free lead forwarding","Brush House Painting and Flooring Services of North Jersey;Griffith Handyman;Sentinel Handyman LLC"
"haledon","passaic","drywall","3","3","0","Manual assignment and free lead forwarding","Brush House Painting and Flooring Services of North Jersey;Griffith Handyman;Sentinel Handyman LLC"
"haledon","passaic","tile","2","2","0","Manual assignment and free lead forwarding","Brush House Painting and Flooring Services of North Jersey;Griffith Handyman"
"haledon","passaic","plumbing","2","2","0","Manual assignment and free lead forwarding","All County Plumbing and Heating;Daibes Plumbing and Heating"
"haledon","passaic","electrical","2","2","0","Manual assignment and free lead forwarding","HK Electrical Group;K2 Electric"
"hawthorne","passaic","handyman","3","3","0","Manual assignment and free lead forwarding","Griffith Handyman;M & S Premier Home Services;Sentinel Handyman LLC"
"hawthorne","passaic","masonry","3","3","0","Manual assignment and free lead forwarding","A&E Exteriors LLC;Griffith Handyman;Jersey Complete Construction"
"hawthorne","passaic","landscaping","2","2","0","Manual assignment and free lead forwarding","Finishing Touch Landscape Construction;Hubinger Landscaping"
"hawthorne","passaic","painting","3","3","0","Manual assignment and free lead forwarding","Brush House Painting and Flooring Services of North Jersey;Griffith Handyman;Sentinel Handyman LLC"
"hawthorne","passaic","drywall","3","3","0","Manual assignment and free lead forwarding","Brush House Painting and Flooring Services of North Jersey;Griffith Handyman;Sentinel Handyman LLC"
"hawthorne","passaic","tile","2","2","0","Manual assignment and free lead forwarding","Brush House Painting and Flooring Services of North Jersey;Griffith Handyman"
"hawthorne","passaic","plumbing","2","2","0","Manual assignment and free lead forwarding","All County Plumbing and Heating;Daibes Plumbing and Heating"
"hawthorne","passaic","electrical","2","2","0","Manual assignment and free lead forwarding","HK Electrical Group;K2 Electric"
"little-falls","passaic","handyman","2","2","0","Manual assignment and free lead forwarding","Griffith Handyman;Sentinel Handyman LLC"
"little-falls","passaic","masonry","3","3","0","Manual assignment and free lead forwarding","A&E Exteriors LLC;Griffith Handyman;Jersey Complete Construction"
"little-falls","passaic","landscaping","2","2","0","Manual assignment and free lead forwarding","Finishing Touch Landscape Construction;Hubinger Landscaping"
"little-falls","passaic","painting","3","3","0","Manual assignment and free lead forwarding","Brush House Painting and Flooring Services of North Jersey;Griffith Handyman;Sentinel Handyman LLC"
"little-falls","passaic","drywall","3","3","0","Manual assignment and free lead forwarding","Brush House Painting and Flooring Services of North Jersey;Griffith Handyman;Sentinel Handyman LLC"
"little-falls","passaic","tile","2","2","0","Manual assignment and free lead forwarding","Brush House Painting and Flooring Services of North Jersey;Griffith Handyman"
"little-falls","passaic","plumbing","2","2","0","Manual assignment and free lead forwarding","All County Plumbing and Heating;Daibes Plumbing and Heating"
"little-falls","passaic","electrical","2","2","0","Manual assignment and free lead forwarding","HK Electrical Group;K2 Electric"
"north-haledon","passaic","handyman","2","2","0","Manual assignment and free lead forwarding","Griffith Handyman;Sentinel Handyman LLC"
"north-haledon","passaic","masonry","3","3","0","Manual assignment and free lead forwarding","A&E Exteriors LLC;Griffith Handyman;Jersey Complete Construction"
"north-haledon","passaic","landscaping","2","2","0","Manual assignment and free lead forwarding","Finishing Touch Landscape Construction;Hubinger Landscaping"
"north-haledon","passaic","painting","3","3","0","Manual assignment and free lead forwarding","Brush House Painting and Flooring Services of North Jersey;Griffith Handyman;Sentinel Handyman LLC"
"north-haledon","passaic","drywall","3","3","0","Manual assignment and free lead forwarding","Brush House Painting and Flooring Services of North Jersey;Griffith Handyman;Sentinel Handyman LLC"
"north-haledon","passaic","tile","2","2","0","Manual assignment and free lead forwarding","Brush House Painting and Flooring Services of North Jersey;Griffith Handyman"
"north-haledon","passaic","plumbing","2","2","0","Manual assignment and free lead forwarding","All County Plumbing and Heating;Daibes Plumbing and Heating"
"north-haledon","passaic","electrical","2","2","0","Manual assignment and free lead forwarding","HK Electrical Group;K2 Electric"
"passaic","passaic","handyman","2","2","0","Manual assignment and free lead forwarding","Griffith Handyman;Sentinel Handyman LLC"
"passaic","passaic","masonry","3","3","0","Manual assignment and free lead forwarding","A&E Exteriors LLC;Griffith Handyman;Jersey Complete Construction"
"passaic","passaic","landscaping","2","2","0","Manual assignment and free lead forwarding","Finishing Touch Landscape Construction;Hubinger Landscaping"
"passaic","passaic","painting","3","3","0","Manual assignment and free lead forwarding","Brush House Painting and Flooring Services of North Jersey;Griffith Handyman;Sentinel Handyman LLC"
"passaic","passaic","drywall","3","3","0","Manual assignment and free lead forwarding","Brush House Painting and Flooring Services of North Jersey;Griffith Handyman;Sentinel Handyman LLC"
"passaic","passaic","tile","2","2","0","Manual assignment and free lead forwarding","Brush House Painting and Flooring Services of North Jersey;Griffith Handyman"
"passaic","passaic","plumbing","2","2","0","Manual assignment and free lead forwarding","All County Plumbing and Heating;Daibes Plumbing and Heating"
"passaic","passaic","electrical","2","2","0","Manual assignment and free lead forwarding","HK Electrical Group;K2 Electric"
"paterson","passaic","handyman","2","2","0","Manual assignment and free lead forwarding","Griffith Handyman;Sentinel Handyman LLC"
"paterson","passaic","masonry","3","3","0","Manual assignment and free lead forwarding","A&E Exteriors LLC;Griffith Handyman;Jersey Complete Construction"
"paterson","passaic","landscaping","2","2","0","Manual assignment and free lead forwarding","Finishing Touch Landscape Construction;Hubinger Landscaping"
"paterson","passaic","painting","3","3","0","Manual assignment and free lead forwarding","Brush House Painting and Flooring Services of North Jersey;Griffith Handyman;Sentinel Handyman LLC"
"paterson","passaic","drywall","3","3","0","Manual assignment and free lead forwarding","Brush House Painting and Flooring Services of North Jersey;Griffith Handyman;Sentinel Handyman LLC"
"paterson","passaic","tile","2","2","0","Manual assignment and free lead forwarding","Brush House Painting and Flooring Services of North Jersey;Griffith Handyman"
"paterson","passaic","plumbing","2","2","0","Manual assignment and free lead forwarding","All County Plumbing and Heating;Daibes Plumbing and Heating"
"paterson","passaic","electrical","2","2","0","Manual assignment and free lead forwarding","HK Electrical Group;K2 Electric"
"pompton-lakes","passaic","handyman","2","2","0","Manual assignment and free lead forwarding","Griffith Handyman;Sentinel Handyman LLC"
"pompton-lakes","passaic","masonry","3","3","0","Manual assignment and free lead forwarding","A&E Exteriors LLC;Griffith Handyman;Jersey Complete Construction"
"pompton-lakes","passaic","landscaping","2","2","0","Manual assignment and free lead forwarding","Finishing Touch Landscape Construction;Hubinger Landscaping"
"pompton-lakes","passaic","painting","3","3","0","Manual assignment and free lead forwarding","Brush House Painting and Flooring Services of North Jersey;Griffith Handyman;Sentinel Handyman LLC"
"pompton-lakes","passaic","drywall","3","3","0","Manual assignment and free lead forwarding","Brush House Painting and Flooring Services of North Jersey;Griffith Handyman;Sentinel Handyman LLC"
"pompton-lakes","passaic","tile","2","2","0","Manual assignment and free lead forwarding","Brush House Painting and Flooring Services of North Jersey;Griffith Handyman"
"pompton-lakes","passaic","plumbing","2","2","0","Manual assignment and free lead forwarding","All County Plumbing and Heating;Daibes Plumbing and Heating"
"pompton-lakes","passaic","electrical","2","2","0","Manual assignment and free lead forwarding","HK Electrical Group;K2 Electric"
"prospect-park","passaic","handyman","2","2","0","Manual assignment and free lead forwarding","Griffith Handyman;Sentinel Handyman LLC"
"prospect-park","passaic","masonry","3","3","0","Manual assignment and free lead forwarding","A&E Exteriors LLC;Griffith Handyman;Jersey Complete Construction"
"prospect-park","passaic","landscaping","2","2","0","Manual assignment and free lead forwarding","Finishing Touch Landscape Construction;Hubinger Landscaping"
"prospect-park","passaic","painting","3","3","0","Manual assignment and free lead forwarding","Brush House Painting and Flooring Services of North Jersey;Griffith Handyman;Sentinel Handyman LLC"
"prospect-park","passaic","drywall","3","3","0","Manual assignment and free lead forwarding","Brush House Painting and Flooring Services of North Jersey;Griffith Handyman;Sentinel Handyman LLC"
"prospect-park","passaic","tile","2","2","0","Manual assignment and free lead forwarding","Brush House Painting and Flooring Services of North Jersey;Griffith Handyman"
"prospect-park","passaic","plumbing","2","2","0","Manual assignment and free lead forwarding","All County Plumbing and Heating;Daibes Plumbing and Heating"
"prospect-park","passaic","electrical","2","2","0","Manual assignment and free lead forwarding","HK Electrical Group;K2 Electric"
"ringwood","passaic","handyman","2","2","0","Manual assignment and free lead forwarding","Griffith Handyman;Sentinel Handyman LLC"
"ringwood","passaic","masonry","3","3","0","Manual assignment and free lead forwarding","A&E Exteriors LLC;Griffith Handyman;Jersey Complete Construction"
"ringwood","passaic","landscaping","2","2","0","Manual assignment and free lead forwarding","Finishing Touch Landscape Construction;Hubinger Landscaping"
"ringwood","passaic","painting","3","3","0","Manual assignment and free lead forwarding","Brush House Painting and Flooring Services of North Jersey;Griffith Handyman;Sentinel Handyman LLC"
"ringwood","passaic","drywall","3","3","0","Manual assignment and free lead forwarding","Brush House Painting and Flooring Services of North Jersey;Griffith Handyman;Sentinel Handyman LLC"
"ringwood","passaic","tile","2","2","0","Manual assignment and free lead forwarding","Brush House Painting and Flooring Services of North Jersey;Griffith Handyman"
"ringwood","passaic","plumbing","2","2","0","Manual assignment and free lead forwarding","All County Plumbing and Heating;Daibes Plumbing and Heating"
"ringwood","passaic","electrical","2","2","0","Manual assignment and free lead forwarding","HK Electrical Group;K2 Electric"
"totowa","passaic","handyman","2","2","0","Manual assignment and free lead forwarding","Griffith Handyman;Sentinel Handyman LLC"
"totowa","passaic","masonry","3","3","0","Manual assignment and free lead forwarding","A&E Exteriors LLC;Griffith Handyman;Jersey Complete Construction"
"totowa","passaic","landscaping","2","2","0","Manual assignment and free lead forwarding","Finishing Touch Landscape Construction;Hubinger Landscaping"
"totowa","passaic","painting","3","3","0","Manual assignment and free lead forwarding","Brush House Painting and Flooring Services of North Jersey;Griffith Handyman;Sentinel Handyman LLC"
"totowa","passaic","drywall","3","3","0","Manual assignment and free lead forwarding","Brush House Painting and Flooring Services of North Jersey;Griffith Handyman;Sentinel Handyman LLC"
"totowa","passaic","tile","2","2","0","Manual assignment and free lead forwarding","Brush House Painting and Flooring Services of North Jersey;Griffith Handyman"
"totowa","passaic","plumbing","2","2","0","Manual assignment and free lead forwarding","All County Plumbing and Heating;Daibes Plumbing and Heating"
"totowa","passaic","electrical","2","2","0","Manual assignment and free lead forwarding","HK Electrical Group;K2 Electric"
"wanaque","passaic","handyman","2","2","0","Manual assignment and free lead forwarding","Griffith Handyman;Sentinel Handyman LLC"
"wanaque","passaic","masonry","3","3","0","Manual assignment and free lead forwarding","A&E Exteriors LLC;Griffith Handyman;Jersey Complete Construction"
"wanaque","passaic","landscaping","2","2","0","Manual assignment and free lead forwarding","Finishing Touch Landscape Construction;Hubinger Landscaping"
"wanaque","passaic","painting","3","3","0","Manual assignment and free lead forwarding","Brush House Painting and Flooring Services of North Jersey;Griffith Handyman;Sentinel Handyman LLC"
"wanaque","passaic","drywall","3","3","0","Manual assignment and free lead forwarding","Brush House Painting and Flooring Services of North Jersey;Griffith Handyman;Sentinel Handyman LLC"
"wanaque","passaic","tile","2","2","0","Manual assignment and free lead forwarding","Brush House Painting and Flooring Services of North Jersey;Griffith Handyman"
"wanaque","passaic","plumbing","2","2","0","Manual assignment and free lead forwarding","All County Plumbing and Heating;Daibes Plumbing and Heating"
"wanaque","passaic","electrical","2","2","0","Manual assignment and free lead forwarding","HK Electrical Group;K2 Electric"
"wayne","passaic","handyman","3","3","0","Manual assignment and free lead forwarding","Griffith Handyman;Sentinel Handyman LLC;Tropic Pro Services"
"wayne","passaic","masonry","3","3","0","Manual assignment and free lead forwarding","A&E Exteriors LLC;Griffith Handyman;Jersey Complete Construction"
"wayne","passaic","landscaping","2","2","0","Manual assignment and free lead forwarding","Finishing Touch Landscape Construction;Hubinger Landscaping"
"wayne","passaic","painting","4","4","0","Manual assignment and free lead forwarding","Brush House Painting and Flooring Services of North Jersey;Griffith Handyman;Sentinel Handyman LLC;Tropic Pro Services"
"wayne","passaic","drywall","3","3","0","Manual assignment and free lead forwarding","Brush House Painting and Flooring Services of North Jersey;Griffith Handyman;Sentinel Handyman LLC"
"wayne","passaic","tile","2","2","0","Manual assignment and free lead forwarding","Brush House Painting and Flooring Services of North Jersey;Griffith Handyman"
"wayne","passaic","plumbing","2","2","0","Manual assignment and free lead forwarding","All County Plumbing and Heating;Daibes Plumbing and Heating"
"wayne","passaic","electrical","2","2","0","Manual assignment and free lead forwarding","HK Electrical Group;K2 Electric"
"west-milford","passaic","handyman","2","2","0","Manual assignment and free lead forwarding","Griffith Handyman;Sentinel Handyman LLC"
"west-milford","passaic","masonry","3","3","0","Manual assignment and free lead forwarding","A&E Exteriors LLC;Griffith Handyman;Jersey Complete Construction"
"west-milford","passaic","landscaping","2","2","0","Manual assignment and free lead forwarding","Finishing Touch Landscape Construction;Hubinger Landscaping"
"west-milford","passaic","painting","3","3","0","Manual assignment and free lead forwarding","Brush House Painting and Flooring Services of North Jersey;Griffith Handyman;Sentinel Handyman LLC"
"west-milford","passaic","drywall","3","3","0","Manual assignment and free lead forwarding","Brush House Painting and Flooring Services of North Jersey;Griffith Handyman;Sentinel Handyman LLC"
"west-milford","passaic","tile","2","2","0","Manual assignment and free lead forwarding","Brush House Painting and Flooring Services of North Jersey;Griffith Handyman"
"west-milford","passaic","plumbing","2","2","0","Manual assignment and free lead forwarding","All County Plumbing and Heating;Daibes Plumbing and Heating"
"west-milford","passaic","electrical","2","2","0","Manual assignment and free lead forwarding","HK Electrical Group;K2 Electric"
"woodland-park","passaic","handyman","2","2","0","Manual assignment and free lead forwarding","Griffith Handyman;Sentinel Handyman LLC"
"woodland-park","passaic","masonry","3","3","0","Manual assignment and free lead forwarding","A&E Exteriors LLC;Griffith Handyman;Jersey Complete Construction"
"woodland-park","passaic","landscaping","2","2","0","Manual assignment and free lead forwarding","Finishing Touch Landscape Construction;Hubinger Landscaping"
"woodland-park","passaic","painting","3","3","0","Manual assignment and free lead forwarding","Brush House Painting and Flooring Services of North Jersey;Griffith Handyman;Sentinel Handyman LLC"
"woodland-park","passaic","drywall","3","3","0","Manual assignment and free lead forwarding","Brush House Painting and Flooring Services of North Jersey;Griffith Handyman;Sentinel Handyman LLC"
"woodland-park","passaic","tile","2","2","0","Manual assignment and free lead forwarding","Brush House Painting and Flooring Services of North Jersey;Griffith Handyman"
"woodland-park","passaic","plumbing","2","2","0","Manual assignment and free lead forwarding","All County Plumbing and Heating;Daibes Plumbing and Heating"
"woodland-park","passaic","electrical","2","2","0","Manual assignment and free lead forwarding","HK Electrical Group;K2 Electric"
"andover-borough","sussex","handyman","3","3","0","Manual assignment and free lead forwarding","Geo's Handyman;Griffith Handyman;Silver Hammer Handyman"
"andover-borough","sussex","masonry","3","3","0","Manual assignment and free lead forwarding","A&E Exteriors LLC;Griffith Handyman;Jersey Complete Construction"
"andover-borough","sussex","landscaping","2","2","0","Manual assignment and free lead forwarding","Finishing Touch Landscape Construction;Hubinger Landscaping"
"andover-borough","sussex","painting","3","3","0","Manual assignment and free lead forwarding","Brush House Painting and Flooring Services of North Jersey;Griffith Handyman;Silver Hammer Handyman"
"andover-borough","sussex","drywall","3","3","0","Manual assignment and free lead forwarding","Brush House Painting and Flooring Services of North Jersey;Griffith Handyman;Silver Hammer Handyman"
"andover-borough","sussex","tile","3","3","0","Manual assignment and free lead forwarding","Brush House Painting and Flooring Services of North Jersey;Griffith Handyman;Silver Hammer Handyman"
"andover-borough","sussex","plumbing","3","3","0","Manual assignment and free lead forwarding","All A's Plumbing and Heating;All County Plumbing and Heating;Daibes Plumbing and Heating"
"andover-borough","sussex","electrical","2","2","0","Manual assignment and free lead forwarding","HK Electrical Group;K2 Electric"
"andover-township","sussex","handyman","3","3","0","Manual assignment and free lead forwarding","Geo's Handyman;Griffith Handyman;Silver Hammer Handyman"
"andover-township","sussex","masonry","3","3","0","Manual assignment and free lead forwarding","A&E Exteriors LLC;Griffith Handyman;Jersey Complete Construction"
"andover-township","sussex","landscaping","2","2","0","Manual assignment and free lead forwarding","Finishing Touch Landscape Construction;Hubinger Landscaping"
"andover-township","sussex","painting","3","3","0","Manual assignment and free lead forwarding","Brush House Painting and Flooring Services of North Jersey;Griffith Handyman;Silver Hammer Handyman"
"andover-township","sussex","drywall","3","3","0","Manual assignment and free lead forwarding","Brush House Painting and Flooring Services of North Jersey;Griffith Handyman;Silver Hammer Handyman"
"andover-township","sussex","tile","3","3","0","Manual assignment and free lead forwarding","Brush House Painting and Flooring Services of North Jersey;Griffith Handyman;Silver Hammer Handyman"
"andover-township","sussex","plumbing","3","3","0","Manual assignment and free lead forwarding","All A's Plumbing and Heating;All County Plumbing and Heating;Daibes Plumbing and Heating"
"andover-township","sussex","electrical","2","2","0","Manual assignment and free lead forwarding","HK Electrical Group;K2 Electric"
"branchville","sussex","handyman","3","3","0","Manual assignment and free lead forwarding","Geo's Handyman;Griffith Handyman;Silver Hammer Handyman"
"branchville","sussex","masonry","3","3","0","Manual assignment and free lead forwarding","A&E Exteriors LLC;Griffith Handyman;Jersey Complete Construction"
"branchville","sussex","landscaping","2","2","0","Manual assignment and free lead forwarding","Finishing Touch Landscape Construction;Hubinger Landscaping"
"branchville","sussex","painting","3","3","0","Manual assignment and free lead forwarding","Brush House Painting and Flooring Services of North Jersey;Griffith Handyman;Silver Hammer Handyman"
"branchville","sussex","drywall","3","3","0","Manual assignment and free lead forwarding","Brush House Painting and Flooring Services of North Jersey;Griffith Handyman;Silver Hammer Handyman"
"branchville","sussex","tile","3","3","0","Manual assignment and free lead forwarding","Brush House Painting and Flooring Services of North Jersey;Griffith Handyman;Silver Hammer Handyman"
"branchville","sussex","plumbing","3","3","0","Manual assignment and free lead forwarding","All A's Plumbing and Heating;All County Plumbing and Heating;Daibes Plumbing and Heating"
"branchville","sussex","electrical","2","2","0","Manual assignment and free lead forwarding","HK Electrical Group;K2 Electric"
"byram","sussex","handyman","3","3","0","Manual assignment and free lead forwarding","Geo's Handyman;Griffith Handyman;Silver Hammer Handyman"
"byram","sussex","masonry","3","3","0","Manual assignment and free lead forwarding","A&E Exteriors LLC;Griffith Handyman;Jersey Complete Construction"
"byram","sussex","landscaping","2","2","0","Manual assignment and free lead forwarding","Finishing Touch Landscape Construction;Hubinger Landscaping"
"byram","sussex","painting","3","3","0","Manual assignment and free lead forwarding","Brush House Painting and Flooring Services of North Jersey;Griffith Handyman;Silver Hammer Handyman"
"byram","sussex","drywall","3","3","0","Manual assignment and free lead forwarding","Brush House Painting and Flooring Services of North Jersey;Griffith Handyman;Silver Hammer Handyman"
"byram","sussex","tile","3","3","0","Manual assignment and free lead forwarding","Brush House Painting and Flooring Services of North Jersey;Griffith Handyman;Silver Hammer Handyman"
"byram","sussex","plumbing","3","3","0","Manual assignment and free lead forwarding","All A's Plumbing and Heating;All County Plumbing and Heating;Daibes Plumbing and Heating"
"byram","sussex","electrical","2","2","0","Manual assignment and free lead forwarding","HK Electrical Group;K2 Electric"
"frankford","sussex","handyman","3","3","0","Manual assignment and free lead forwarding","Geo's Handyman;Griffith Handyman;Silver Hammer Handyman"
"frankford","sussex","masonry","3","3","0","Manual assignment and free lead forwarding","A&E Exteriors LLC;Griffith Handyman;Jersey Complete Construction"
"frankford","sussex","landscaping","2","2","0","Manual assignment and free lead forwarding","Finishing Touch Landscape Construction;Hubinger Landscaping"
"frankford","sussex","painting","3","3","0","Manual assignment and free lead forwarding","Brush House Painting and Flooring Services of North Jersey;Griffith Handyman;Silver Hammer Handyman"
"frankford","sussex","drywall","3","3","0","Manual assignment and free lead forwarding","Brush House Painting and Flooring Services of North Jersey;Griffith Handyman;Silver Hammer Handyman"
"frankford","sussex","tile","3","3","0","Manual assignment and free lead forwarding","Brush House Painting and Flooring Services of North Jersey;Griffith Handyman;Silver Hammer Handyman"
"frankford","sussex","plumbing","3","3","0","Manual assignment and free lead forwarding","All A's Plumbing and Heating;All County Plumbing and Heating;Daibes Plumbing and Heating"
"frankford","sussex","electrical","2","2","0","Manual assignment and free lead forwarding","HK Electrical Group;K2 Electric"
"franklin-borough","sussex","handyman","3","3","0","Manual assignment and free lead forwarding","Geo's Handyman;Griffith Handyman;Silver Hammer Handyman"
"franklin-borough","sussex","masonry","3","3","0","Manual assignment and free lead forwarding","A&E Exteriors LLC;Griffith Handyman;Jersey Complete Construction"
"franklin-borough","sussex","landscaping","2","2","0","Manual assignment and free lead forwarding","Finishing Touch Landscape Construction;Hubinger Landscaping"
"franklin-borough","sussex","painting","3","3","0","Manual assignment and free lead forwarding","Brush House Painting and Flooring Services of North Jersey;Griffith Handyman;Silver Hammer Handyman"
"franklin-borough","sussex","drywall","3","3","0","Manual assignment and free lead forwarding","Brush House Painting and Flooring Services of North Jersey;Griffith Handyman;Silver Hammer Handyman"
"franklin-borough","sussex","tile","3","3","0","Manual assignment and free lead forwarding","Brush House Painting and Flooring Services of North Jersey;Griffith Handyman;Silver Hammer Handyman"
"franklin-borough","sussex","plumbing","3","3","0","Manual assignment and free lead forwarding","All A's Plumbing and Heating;All County Plumbing and Heating;Daibes Plumbing and Heating"
"franklin-borough","sussex","electrical","2","2","0","Manual assignment and free lead forwarding","HK Electrical Group;K2 Electric"
"fredon","sussex","handyman","3","3","0","Manual assignment and free lead forwarding","Geo's Handyman;Griffith Handyman;Silver Hammer Handyman"
"fredon","sussex","masonry","3","3","0","Manual assignment and free lead forwarding","A&E Exteriors LLC;Griffith Handyman;Jersey Complete Construction"
"fredon","sussex","landscaping","2","2","0","Manual assignment and free lead forwarding","Finishing Touch Landscape Construction;Hubinger Landscaping"
"fredon","sussex","painting","3","3","0","Manual assignment and free lead forwarding","Brush House Painting and Flooring Services of North Jersey;Griffith Handyman;Silver Hammer Handyman"
"fredon","sussex","drywall","3","3","0","Manual assignment and free lead forwarding","Brush House Painting and Flooring Services of North Jersey;Griffith Handyman;Silver Hammer Handyman"
"fredon","sussex","tile","3","3","0","Manual assignment and free lead forwarding","Brush House Painting and Flooring Services of North Jersey;Griffith Handyman;Silver Hammer Handyman"
"fredon","sussex","plumbing","3","3","0","Manual assignment and free lead forwarding","All A's Plumbing and Heating;All County Plumbing and Heating;Daibes Plumbing and Heating"
"fredon","sussex","electrical","2","2","0","Manual assignment and free lead forwarding","HK Electrical Group;K2 Electric"
"green-township","sussex","handyman","3","3","0","Manual assignment and free lead forwarding","Geo's Handyman;Griffith Handyman;Silver Hammer Handyman"
"green-township","sussex","masonry","3","3","0","Manual assignment and free lead forwarding","A&E Exteriors LLC;Griffith Handyman;Jersey Complete Construction"
"green-township","sussex","landscaping","2","2","0","Manual assignment and free lead forwarding","Finishing Touch Landscape Construction;Hubinger Landscaping"
"green-township","sussex","painting","3","3","0","Manual assignment and free lead forwarding","Brush House Painting and Flooring Services of North Jersey;Griffith Handyman;Silver Hammer Handyman"
"green-township","sussex","drywall","3","3","0","Manual assignment and free lead forwarding","Brush House Painting and Flooring Services of North Jersey;Griffith Handyman;Silver Hammer Handyman"
"green-township","sussex","tile","3","3","0","Manual assignment and free lead forwarding","Brush House Painting and Flooring Services of North Jersey;Griffith Handyman;Silver Hammer Handyman"
"green-township","sussex","plumbing","3","3","0","Manual assignment and free lead forwarding","All A's Plumbing and Heating;All County Plumbing and Heating;Daibes Plumbing and Heating"
"green-township","sussex","electrical","2","2","0","Manual assignment and free lead forwarding","HK Electrical Group;K2 Electric"
"hamburg","sussex","handyman","3","3","0","Manual assignment and free lead forwarding","Geo's Handyman;Griffith Handyman;Silver Hammer Handyman"
"hamburg","sussex","masonry","3","3","0","Manual assignment and free lead forwarding","A&E Exteriors LLC;Griffith Handyman;Jersey Complete Construction"
"hamburg","sussex","landscaping","2","2","0","Manual assignment and free lead forwarding","Finishing Touch Landscape Construction;Hubinger Landscaping"
"hamburg","sussex","painting","3","3","0","Manual assignment and free lead forwarding","Brush House Painting and Flooring Services of North Jersey;Griffith Handyman;Silver Hammer Handyman"
"hamburg","sussex","drywall","3","3","0","Manual assignment and free lead forwarding","Brush House Painting and Flooring Services of North Jersey;Griffith Handyman;Silver Hammer Handyman"
"hamburg","sussex","tile","3","3","0","Manual assignment and free lead forwarding","Brush House Painting and Flooring Services of North Jersey;Griffith Handyman;Silver Hammer Handyman"
"hamburg","sussex","plumbing","3","3","0","Manual assignment and free lead forwarding","All A's Plumbing and Heating;All County Plumbing and Heating;Daibes Plumbing and Heating"
"hamburg","sussex","electrical","2","2","0","Manual assignment and free lead forwarding","HK Electrical Group;K2 Electric"
"hampton-township","sussex","handyman","3","3","0","Manual assignment and free lead forwarding","Geo's Handyman;Griffith Handyman;Silver Hammer Handyman"
"hampton-township","sussex","masonry","3","3","0","Manual assignment and free lead forwarding","A&E Exteriors LLC;Griffith Handyman;Jersey Complete Construction"
"hampton-township","sussex","landscaping","2","2","0","Manual assignment and free lead forwarding","Finishing Touch Landscape Construction;Hubinger Landscaping"
"hampton-township","sussex","painting","3","3","0","Manual assignment and free lead forwarding","Brush House Painting and Flooring Services of North Jersey;Griffith Handyman;Silver Hammer Handyman"
"hampton-township","sussex","drywall","3","3","0","Manual assignment and free lead forwarding","Brush House Painting and Flooring Services of North Jersey;Griffith Handyman;Silver Hammer Handyman"
"hampton-township","sussex","tile","3","3","0","Manual assignment and free lead forwarding","Brush House Painting and Flooring Services of North Jersey;Griffith Handyman;Silver Hammer Handyman"
"hampton-township","sussex","plumbing","3","3","0","Manual assignment and free lead forwarding","All A's Plumbing and Heating;All County Plumbing and Heating;Daibes Plumbing and Heating"
"hampton-township","sussex","electrical","2","2","0","Manual assignment and free lead forwarding","HK Electrical Group;K2 Electric"
"hardyston","sussex","handyman","3","3","0","Manual assignment and free lead forwarding","Geo's Handyman;Griffith Handyman;Silver Hammer Handyman"
"hardyston","sussex","masonry","3","3","0","Manual assignment and free lead forwarding","A&E Exteriors LLC;Griffith Handyman;Jersey Complete Construction"
"hardyston","sussex","landscaping","2","2","0","Manual assignment and free lead forwarding","Finishing Touch Landscape Construction;Hubinger Landscaping"
"hardyston","sussex","painting","3","3","0","Manual assignment and free lead forwarding","Brush House Painting and Flooring Services of North Jersey;Griffith Handyman;Silver Hammer Handyman"
"hardyston","sussex","drywall","3","3","0","Manual assignment and free lead forwarding","Brush House Painting and Flooring Services of North Jersey;Griffith Handyman;Silver Hammer Handyman"
"hardyston","sussex","tile","3","3","0","Manual assignment and free lead forwarding","Brush House Painting and Flooring Services of North Jersey;Griffith Handyman;Silver Hammer Handyman"
"hardyston","sussex","plumbing","3","3","0","Manual assignment and free lead forwarding","All A's Plumbing and Heating;All County Plumbing and Heating;Daibes Plumbing and Heating"
"hardyston","sussex","electrical","2","2","0","Manual assignment and free lead forwarding","HK Electrical Group;K2 Electric"
"hopatcong","sussex","handyman","3","3","0","Manual assignment and free lead forwarding","Geo's Handyman;Griffith Handyman;Silver Hammer Handyman"
"hopatcong","sussex","masonry","3","3","0","Manual assignment and free lead forwarding","A&E Exteriors LLC;Griffith Handyman;Jersey Complete Construction"
"hopatcong","sussex","landscaping","2","2","0","Manual assignment and free lead forwarding","Finishing Touch Landscape Construction;Hubinger Landscaping"
"hopatcong","sussex","painting","3","3","0","Manual assignment and free lead forwarding","Brush House Painting and Flooring Services of North Jersey;Griffith Handyman;Silver Hammer Handyman"
"hopatcong","sussex","drywall","3","3","0","Manual assignment and free lead forwarding","Brush House Painting and Flooring Services of North Jersey;Griffith Handyman;Silver Hammer Handyman"
"hopatcong","sussex","tile","3","3","0","Manual assignment and free lead forwarding","Brush House Painting and Flooring Services of North Jersey;Griffith Handyman;Silver Hammer Handyman"
"hopatcong","sussex","plumbing","3","3","0","Manual assignment and free lead forwarding","All A's Plumbing and Heating;All County Plumbing and Heating;Daibes Plumbing and Heating"
"hopatcong","sussex","electrical","2","2","0","Manual assignment and free lead forwarding","HK Electrical Group;K2 Electric"
"lafayette","sussex","handyman","3","3","0","Manual assignment and free lead forwarding","Geo's Handyman;Griffith Handyman;Silver Hammer Handyman"
"lafayette","sussex","masonry","3","3","0","Manual assignment and free lead forwarding","A&E Exteriors LLC;Griffith Handyman;Jersey Complete Construction"
"lafayette","sussex","landscaping","2","2","0","Manual assignment and free lead forwarding","Finishing Touch Landscape Construction;Hubinger Landscaping"
"lafayette","sussex","painting","3","3","0","Manual assignment and free lead forwarding","Brush House Painting and Flooring Services of North Jersey;Griffith Handyman;Silver Hammer Handyman"
"lafayette","sussex","drywall","3","3","0","Manual assignment and free lead forwarding","Brush House Painting and Flooring Services of North Jersey;Griffith Handyman;Silver Hammer Handyman"
"lafayette","sussex","tile","3","3","0","Manual assignment and free lead forwarding","Brush House Painting and Flooring Services of North Jersey;Griffith Handyman;Silver Hammer Handyman"
"lafayette","sussex","plumbing","3","3","0","Manual assignment and free lead forwarding","All A's Plumbing and Heating;All County Plumbing and Heating;Daibes Plumbing and Heating"
"lafayette","sussex","electrical","2","2","0","Manual assignment and free lead forwarding","HK Electrical Group;K2 Electric"
"montague","sussex","handyman","3","3","0","Manual assignment and free lead forwarding","Geo's Handyman;Griffith Handyman;Silver Hammer Handyman"
"montague","sussex","masonry","3","3","0","Manual assignment and free lead forwarding","A&E Exteriors LLC;Griffith Handyman;Jersey Complete Construction"
"montague","sussex","landscaping","2","2","0","Manual assignment and free lead forwarding","Finishing Touch Landscape Construction;Hubinger Landscaping"
"montague","sussex","painting","3","3","0","Manual assignment and free lead forwarding","Brush House Painting and Flooring Services of North Jersey;Griffith Handyman;Silver Hammer Handyman"
"montague","sussex","drywall","3","3","0","Manual assignment and free lead forwarding","Brush House Painting and Flooring Services of North Jersey;Griffith Handyman;Silver Hammer Handyman"
"montague","sussex","tile","3","3","0","Manual assignment and free lead forwarding","Brush House Painting and Flooring Services of North Jersey;Griffith Handyman;Silver Hammer Handyman"
"montague","sussex","plumbing","3","3","0","Manual assignment and free lead forwarding","All A's Plumbing and Heating;All County Plumbing and Heating;Daibes Plumbing and Heating"
"montague","sussex","electrical","2","2","0","Manual assignment and free lead forwarding","HK Electrical Group;K2 Electric"
"newton","sussex","handyman","3","3","0","Manual assignment and free lead forwarding","Geo's Handyman;Griffith Handyman;Silver Hammer Handyman"
"newton","sussex","masonry","3","3","0","Manual assignment and free lead forwarding","A&E Exteriors LLC;Griffith Handyman;Jersey Complete Construction"
"newton","sussex","landscaping","2","2","0","Manual assignment and free lead forwarding","Finishing Touch Landscape Construction;Hubinger Landscaping"
"newton","sussex","painting","3","3","0","Manual assignment and free lead forwarding","Brush House Painting and Flooring Services of North Jersey;Griffith Handyman;Silver Hammer Handyman"
"newton","sussex","drywall","3","3","0","Manual assignment and free lead forwarding","Brush House Painting and Flooring Services of North Jersey;Griffith Handyman;Silver Hammer Handyman"
"newton","sussex","tile","3","3","0","Manual assignment and free lead forwarding","Brush House Painting and Flooring Services of North Jersey;Griffith Handyman;Silver Hammer Handyman"
"newton","sussex","plumbing","3","3","0","Manual assignment and free lead forwarding","All A's Plumbing and Heating;All County Plumbing and Heating;Daibes Plumbing and Heating"
"newton","sussex","electrical","2","2","0","Manual assignment and free lead forwarding","HK Electrical Group;K2 Electric"
"ogdensburg","sussex","handyman","3","3","0","Manual assignment and free lead forwarding","Geo's Handyman;Griffith Handyman;Silver Hammer Handyman"
"ogdensburg","sussex","masonry","3","3","0","Manual assignment and free lead forwarding","A&E Exteriors LLC;Griffith Handyman;Jersey Complete Construction"
"ogdensburg","sussex","landscaping","2","2","0","Manual assignment and free lead forwarding","Finishing Touch Landscape Construction;Hubinger Landscaping"
"ogdensburg","sussex","painting","3","3","0","Manual assignment and free lead forwarding","Brush House Painting and Flooring Services of North Jersey;Griffith Handyman;Silver Hammer Handyman"
"ogdensburg","sussex","drywall","3","3","0","Manual assignment and free lead forwarding","Brush House Painting and Flooring Services of North Jersey;Griffith Handyman;Silver Hammer Handyman"
"ogdensburg","sussex","tile","3","3","0","Manual assignment and free lead forwarding","Brush House Painting and Flooring Services of North Jersey;Griffith Handyman;Silver Hammer Handyman"
"ogdensburg","sussex","plumbing","3","3","0","Manual assignment and free lead forwarding","All A's Plumbing and Heating;All County Plumbing and Heating;Daibes Plumbing and Heating"
"ogdensburg","sussex","electrical","2","2","0","Manual assignment and free lead forwarding","HK Electrical Group;K2 Electric"
"sandyston","sussex","handyman","3","3","0","Manual assignment and free lead forwarding","Geo's Handyman;Griffith Handyman;Silver Hammer Handyman"
"sandyston","sussex","masonry","3","3","0","Manual assignment and free lead forwarding","A&E Exteriors LLC;Griffith Handyman;Jersey Complete Construction"
"sandyston","sussex","landscaping","2","2","0","Manual assignment and free lead forwarding","Finishing Touch Landscape Construction;Hubinger Landscaping"
"sandyston","sussex","painting","3","3","0","Manual assignment and free lead forwarding","Brush House Painting and Flooring Services of North Jersey;Griffith Handyman;Silver Hammer Handyman"
"sandyston","sussex","drywall","3","3","0","Manual assignment and free lead forwarding","Brush House Painting and Flooring Services of North Jersey;Griffith Handyman;Silver Hammer Handyman"
"sandyston","sussex","tile","3","3","0","Manual assignment and free lead forwarding","Brush House Painting and Flooring Services of North Jersey;Griffith Handyman;Silver Hammer Handyman"
"sandyston","sussex","plumbing","3","3","0","Manual assignment and free lead forwarding","All A's Plumbing and Heating;All County Plumbing and Heating;Daibes Plumbing and Heating"
"sandyston","sussex","electrical","2","2","0","Manual assignment and free lead forwarding","HK Electrical Group;K2 Electric"
"sparta","sussex","handyman","4","3","1","Manual assignment and free lead forwarding","Geo's Handyman;Griffith Handyman;Silver Hammer Handyman"
"sparta","sussex","masonry","3","3","0","Manual assignment and free lead forwarding","A&E Exteriors LLC;Griffith Handyman;Jersey Complete Construction"
"sparta","sussex","landscaping","2","2","0","Manual assignment and free lead forwarding","Finishing Touch Landscape Construction;Hubinger Landscaping"
"sparta","sussex","painting","3","3","0","Manual assignment and free lead forwarding","Brush House Painting and Flooring Services of North Jersey;Griffith Handyman;Silver Hammer Handyman"
"sparta","sussex","drywall","3","3","0","Manual assignment and free lead forwarding","Brush House Painting and Flooring Services of North Jersey;Griffith Handyman;Silver Hammer Handyman"
"sparta","sussex","tile","3","3","0","Manual assignment and free lead forwarding","Brush House Painting and Flooring Services of North Jersey;Griffith Handyman;Silver Hammer Handyman"
"sparta","sussex","plumbing","3","3","0","Manual assignment and free lead forwarding","All A's Plumbing and Heating;All County Plumbing and Heating;Daibes Plumbing and Heating"
"sparta","sussex","electrical","2","2","0","Manual assignment and free lead forwarding","HK Electrical Group;K2 Electric"
"stanhope","sussex","handyman","3","3","0","Manual assignment and free lead forwarding","Geo's Handyman;Griffith Handyman;Silver Hammer Handyman"
"stanhope","sussex","masonry","3","3","0","Manual assignment and free lead forwarding","A&E Exteriors LLC;Griffith Handyman;Jersey Complete Construction"
"stanhope","sussex","landscaping","2","2","0","Manual assignment and free lead forwarding","Finishing Touch Landscape Construction;Hubinger Landscaping"
"stanhope","sussex","painting","3","3","0","Manual assignment and free lead forwarding","Brush House Painting and Flooring Services of North Jersey;Griffith Handyman;Silver Hammer Handyman"
"stanhope","sussex","drywall","3","3","0","Manual assignment and free lead forwarding","Brush House Painting and Flooring Services of North Jersey;Griffith Handyman;Silver Hammer Handyman"
"stanhope","sussex","tile","3","3","0","Manual assignment and free lead forwarding","Brush House Painting and Flooring Services of North Jersey;Griffith Handyman;Silver Hammer Handyman"
"stanhope","sussex","plumbing","3","3","0","Manual assignment and free lead forwarding","All A's Plumbing and Heating;All County Plumbing and Heating;Daibes Plumbing and Heating"
"stanhope","sussex","electrical","2","2","0","Manual assignment and free lead forwarding","HK Electrical Group;K2 Electric"
"stillwater","sussex","handyman","3","3","0","Manual assignment and free lead forwarding","Geo's Handyman;Griffith Handyman;Silver Hammer Handyman"
"stillwater","sussex","masonry","3","3","0","Manual assignment and free lead forwarding","A&E Exteriors LLC;Griffith Handyman;Jersey Complete Construction"
"stillwater","sussex","landscaping","2","2","0","Manual assignment and free lead forwarding","Finishing Touch Landscape Construction;Hubinger Landscaping"
"stillwater","sussex","painting","3","3","0","Manual assignment and free lead forwarding","Brush House Painting and Flooring Services of North Jersey;Griffith Handyman;Silver Hammer Handyman"
"stillwater","sussex","drywall","3","3","0","Manual assignment and free lead forwarding","Brush House Painting and Flooring Services of North Jersey;Griffith Handyman;Silver Hammer Handyman"
"stillwater","sussex","tile","3","3","0","Manual assignment and free lead forwarding","Brush House Painting and Flooring Services of North Jersey;Griffith Handyman;Silver Hammer Handyman"
"stillwater","sussex","plumbing","3","3","0","Manual assignment and free lead forwarding","All A's Plumbing and Heating;All County Plumbing and Heating;Daibes Plumbing and Heating"
"stillwater","sussex","electrical","2","2","0","Manual assignment and free lead forwarding","HK Electrical Group;K2 Electric"
"sussex","sussex","handyman","3","3","0","Manual assignment and free lead forwarding","Geo's Handyman;Griffith Handyman;Silver Hammer Handyman"
"sussex","sussex","masonry","3","3","0","Manual assignment and free lead forwarding","A&E Exteriors LLC;Griffith Handyman;Jersey Complete Construction"
"sussex","sussex","landscaping","2","2","0","Manual assignment and free lead forwarding","Finishing Touch Landscape Construction;Hubinger Landscaping"
"sussex","sussex","painting","3","3","0","Manual assignment and free lead forwarding","Brush House Painting and Flooring Services of North Jersey;Griffith Handyman;Silver Hammer Handyman"
"sussex","sussex","drywall","3","3","0","Manual assignment and free lead forwarding","Brush House Painting and Flooring Services of North Jersey;Griffith Handyman;Silver Hammer Handyman"
"sussex","sussex","tile","3","3","0","Manual assignment and free lead forwarding","Brush House Painting and Flooring Services of North Jersey;Griffith Handyman;Silver Hammer Handyman"
"sussex","sussex","plumbing","3","3","0","Manual assignment and free lead forwarding","All A's Plumbing and Heating;All County Plumbing and Heating;Daibes Plumbing and Heating"
"sussex","sussex","electrical","2","2","0","Manual assignment and free lead forwarding","HK Electrical Group;K2 Electric"
"vernon","sussex","handyman","3","3","0","Manual assignment and free lead forwarding","Geo's Handyman;Griffith Handyman;Silver Hammer Handyman"
"vernon","sussex","masonry","3","3","0","Manual assignment and free lead forwarding","A&E Exteriors LLC;Griffith Handyman;Jersey Complete Construction"
"vernon","sussex","landscaping","2","2","0","Manual assignment and free lead forwarding","Finishing Touch Landscape Construction;Hubinger Landscaping"
"vernon","sussex","painting","3","3","0","Manual assignment and free lead forwarding","Brush House Painting and Flooring Services of North Jersey;Griffith Handyman;Silver Hammer Handyman"
"vernon","sussex","drywall","3","3","0","Manual assignment and free lead forwarding","Brush House Painting and Flooring Services of North Jersey;Griffith Handyman;Silver Hammer Handyman"
"vernon","sussex","tile","3","3","0","Manual assignment and free lead forwarding","Brush House Painting and Flooring Services of North Jersey;Griffith Handyman;Silver Hammer Handyman"
"vernon","sussex","plumbing","3","3","0","Manual assignment and free lead forwarding","All A's Plumbing and Heating;All County Plumbing and Heating;Daibes Plumbing and Heating"
"vernon","sussex","electrical","2","2","0","Manual assignment and free lead forwarding","HK Electrical Group;K2 Electric"
"walpack","sussex","handyman","3","3","0","Manual assignment and free lead forwarding","Geo's Handyman;Griffith Handyman;Silver Hammer Handyman"
"walpack","sussex","masonry","3","3","0","Manual assignment and free lead forwarding","A&E Exteriors LLC;Griffith Handyman;Jersey Complete Construction"
"walpack","sussex","landscaping","2","2","0","Manual assignment and free lead forwarding","Finishing Touch Landscape Construction;Hubinger Landscaping"
"walpack","sussex","painting","3","3","0","Manual assignment and free lead forwarding","Brush House Painting and Flooring Services of North Jersey;Griffith Handyman;Silver Hammer Handyman"
"walpack","sussex","drywall","3","3","0","Manual assignment and free lead forwarding","Brush House Painting and Flooring Services of North Jersey;Griffith Handyman;Silver Hammer Handyman"
"walpack","sussex","tile","3","3","0","Manual assignment and free lead forwarding","Brush House Painting and Flooring Services of North Jersey;Griffith Handyman;Silver Hammer Handyman"
"walpack","sussex","plumbing","3","3","0","Manual assignment and free lead forwarding","All A's Plumbing and Heating;All County Plumbing and Heating;Daibes Plumbing and Heating"
"walpack","sussex","electrical","2","2","0","Manual assignment and free lead forwarding","HK Electrical Group;K2 Electric"
"wantage","sussex","handyman","3","3","0","Manual assignment and free lead forwarding","Geo's Handyman;Griffith Handyman;Silver Hammer Handyman"
"wantage","sussex","masonry","3","3","0","Manual assignment and free lead forwarding","A&E Exteriors LLC;Griffith Handyman;Jersey Complete Construction"
"wantage","sussex","landscaping","2","2","0","Manual assignment and free lead forwarding","Finishing Touch Landscape Construction;Hubinger Landscaping"
"wantage","sussex","painting","3","3","0","Manual assignment and free lead forwarding","Brush House Painting and Flooring Services of North Jersey;Griffith Handyman;Silver Hammer Handyman"
"wantage","sussex","drywall","3","3","0","Manual assignment and free lead forwarding","Brush House Painting and Flooring Services of North Jersey;Griffith Handyman;Silver Hammer Handyman"
"wantage","sussex","tile","3","3","0","Manual assignment and free lead forwarding","Brush House Painting and Flooring Services of North Jersey;Griffith Handyman;Silver Hammer Handyman"
"wantage","sussex","plumbing","3","3","0","Manual assignment and free lead forwarding","All A's Plumbing and Heating;All County Plumbing and Heating;Daibes Plumbing and Heating"
"wantage","sussex","electrical","2","2","0","Manual assignment and free lead forwarding","HK Electrical Group;K2 Electric"
"berkeley-heights","union","handyman","2","2","0","Manual assignment and free lead forwarding","Griffith Handyman;Sentinel Handyman LLC"
"berkeley-heights","union","masonry","3","3","0","Manual assignment and free lead forwarding","A&E Exteriors LLC;Griffith Handyman;Jersey Complete Construction"
"berkeley-heights","union","landscaping","2","2","0","Manual assignment and free lead forwarding","Custom Clippings;Finishing Touch Landscape Construction"
"berkeley-heights","union","painting","3","3","0","Manual assignment and free lead forwarding","Brush House Painting and Flooring Services of North Jersey;Griffith Handyman;Sentinel Handyman LLC"
"berkeley-heights","union","drywall","3","3","0","Manual assignment and free lead forwarding","Brush House Painting and Flooring Services of North Jersey;Griffith Handyman;Sentinel Handyman LLC"
"berkeley-heights","union","tile","2","2","0","Manual assignment and free lead forwarding","Brush House Painting and Flooring Services of North Jersey;Griffith Handyman"
"berkeley-heights","union","plumbing","3","3","0","Manual assignment and free lead forwarding","All County Plumbing and Heating;Clear Flow Plumbing Heating and HVAC;Daibes Plumbing and Heating"
"berkeley-heights","union","electrical","2","2","0","Manual assignment and free lead forwarding","HK Electrical Group;K2 Electric"
"clark","union","handyman","2","2","0","Manual assignment and free lead forwarding","Griffith Handyman;Sentinel Handyman LLC"
"clark","union","masonry","3","3","0","Manual assignment and free lead forwarding","A&E Exteriors LLC;Griffith Handyman;Jersey Complete Construction"
"clark","union","landscaping","2","2","0","Manual assignment and free lead forwarding","Custom Clippings;Finishing Touch Landscape Construction"
"clark","union","painting","3","3","0","Manual assignment and free lead forwarding","Brush House Painting and Flooring Services of North Jersey;Griffith Handyman;Sentinel Handyman LLC"
"clark","union","drywall","3","3","0","Manual assignment and free lead forwarding","Brush House Painting and Flooring Services of North Jersey;Griffith Handyman;Sentinel Handyman LLC"
"clark","union","tile","2","2","0","Manual assignment and free lead forwarding","Brush House Painting and Flooring Services of North Jersey;Griffith Handyman"
"clark","union","plumbing","3","3","0","Manual assignment and free lead forwarding","All County Plumbing and Heating;Clear Flow Plumbing Heating and HVAC;Daibes Plumbing and Heating"
"clark","union","electrical","2","2","0","Manual assignment and free lead forwarding","HK Electrical Group;K2 Electric"
"cranford","union","handyman","2","2","0","Manual assignment and free lead forwarding","Griffith Handyman;Sentinel Handyman LLC"
"cranford","union","masonry","3","3","0","Manual assignment and free lead forwarding","A&E Exteriors LLC;Griffith Handyman;Jersey Complete Construction"
"cranford","union","landscaping","2","2","0","Manual assignment and free lead forwarding","Custom Clippings;Finishing Touch Landscape Construction"
"cranford","union","painting","3","3","0","Manual assignment and free lead forwarding","Brush House Painting and Flooring Services of North Jersey;Griffith Handyman;Sentinel Handyman LLC"
"cranford","union","drywall","3","3","0","Manual assignment and free lead forwarding","Brush House Painting and Flooring Services of North Jersey;Griffith Handyman;Sentinel Handyman LLC"
"cranford","union","tile","2","2","0","Manual assignment and free lead forwarding","Brush House Painting and Flooring Services of North Jersey;Griffith Handyman"
"cranford","union","plumbing","3","3","0","Manual assignment and free lead forwarding","All County Plumbing and Heating;Clear Flow Plumbing Heating and HVAC;Daibes Plumbing and Heating"
"cranford","union","electrical","2","2","0","Manual assignment and free lead forwarding","HK Electrical Group;K2 Electric"
"elizabeth","union","handyman","2","2","0","Manual assignment and free lead forwarding","Griffith Handyman;Sentinel Handyman LLC"
"elizabeth","union","masonry","3","3","0","Manual assignment and free lead forwarding","A&E Exteriors LLC;Griffith Handyman;Jersey Complete Construction"
"elizabeth","union","landscaping","2","2","0","Manual assignment and free lead forwarding","Custom Clippings;Finishing Touch Landscape Construction"
"elizabeth","union","painting","3","3","0","Manual assignment and free lead forwarding","Brush House Painting and Flooring Services of North Jersey;Griffith Handyman;Sentinel Handyman LLC"
"elizabeth","union","drywall","3","3","0","Manual assignment and free lead forwarding","Brush House Painting and Flooring Services of North Jersey;Griffith Handyman;Sentinel Handyman LLC"
"elizabeth","union","tile","2","2","0","Manual assignment and free lead forwarding","Brush House Painting and Flooring Services of North Jersey;Griffith Handyman"
"elizabeth","union","plumbing","3","3","0","Manual assignment and free lead forwarding","All County Plumbing and Heating;Clear Flow Plumbing Heating and HVAC;Daibes Plumbing and Heating"
"elizabeth","union","electrical","2","2","0","Manual assignment and free lead forwarding","HK Electrical Group;K2 Electric"
"fanwood","union","handyman","2","2","0","Manual assignment and free lead forwarding","Griffith Handyman;Sentinel Handyman LLC"
"fanwood","union","masonry","3","3","0","Manual assignment and free lead forwarding","A&E Exteriors LLC;Griffith Handyman;Jersey Complete Construction"
"fanwood","union","landscaping","2","2","0","Manual assignment and free lead forwarding","Custom Clippings;Finishing Touch Landscape Construction"
"fanwood","union","painting","3","3","0","Manual assignment and free lead forwarding","Brush House Painting and Flooring Services of North Jersey;Griffith Handyman;Sentinel Handyman LLC"
"fanwood","union","drywall","3","3","0","Manual assignment and free lead forwarding","Brush House Painting and Flooring Services of North Jersey;Griffith Handyman;Sentinel Handyman LLC"
"fanwood","union","tile","2","2","0","Manual assignment and free lead forwarding","Brush House Painting and Flooring Services of North Jersey;Griffith Handyman"
"fanwood","union","plumbing","3","3","0","Manual assignment and free lead forwarding","All County Plumbing and Heating;Clear Flow Plumbing Heating and HVAC;Daibes Plumbing and Heating"
"fanwood","union","electrical","2","2","0","Manual assignment and free lead forwarding","HK Electrical Group;K2 Electric"
"garwood","union","handyman","2","2","0","Manual assignment and free lead forwarding","Griffith Handyman;Sentinel Handyman LLC"
"garwood","union","masonry","3","3","0","Manual assignment and free lead forwarding","A&E Exteriors LLC;Griffith Handyman;Jersey Complete Construction"
"garwood","union","landscaping","2","2","0","Manual assignment and free lead forwarding","Custom Clippings;Finishing Touch Landscape Construction"
"garwood","union","painting","3","3","0","Manual assignment and free lead forwarding","Brush House Painting and Flooring Services of North Jersey;Griffith Handyman;Sentinel Handyman LLC"
"garwood","union","drywall","3","3","0","Manual assignment and free lead forwarding","Brush House Painting and Flooring Services of North Jersey;Griffith Handyman;Sentinel Handyman LLC"
"garwood","union","tile","2","2","0","Manual assignment and free lead forwarding","Brush House Painting and Flooring Services of North Jersey;Griffith Handyman"
"garwood","union","plumbing","3","3","0","Manual assignment and free lead forwarding","All County Plumbing and Heating;Clear Flow Plumbing Heating and HVAC;Daibes Plumbing and Heating"
"garwood","union","electrical","2","2","0","Manual assignment and free lead forwarding","HK Electrical Group;K2 Electric"
"hillside","union","handyman","2","2","0","Manual assignment and free lead forwarding","Griffith Handyman;Sentinel Handyman LLC"
"hillside","union","masonry","3","3","0","Manual assignment and free lead forwarding","A&E Exteriors LLC;Griffith Handyman;Jersey Complete Construction"
"hillside","union","landscaping","2","2","0","Manual assignment and free lead forwarding","Custom Clippings;Finishing Touch Landscape Construction"
"hillside","union","painting","3","3","0","Manual assignment and free lead forwarding","Brush House Painting and Flooring Services of North Jersey;Griffith Handyman;Sentinel Handyman LLC"
"hillside","union","drywall","3","3","0","Manual assignment and free lead forwarding","Brush House Painting and Flooring Services of North Jersey;Griffith Handyman;Sentinel Handyman LLC"
"hillside","union","tile","2","2","0","Manual assignment and free lead forwarding","Brush House Painting and Flooring Services of North Jersey;Griffith Handyman"
"hillside","union","plumbing","3","3","0","Manual assignment and free lead forwarding","All County Plumbing and Heating;Clear Flow Plumbing Heating and HVAC;Daibes Plumbing and Heating"
"hillside","union","electrical","2","2","0","Manual assignment and free lead forwarding","HK Electrical Group;K2 Electric"
"kenilworth","union","handyman","2","2","0","Manual assignment and free lead forwarding","Griffith Handyman;Sentinel Handyman LLC"
"kenilworth","union","masonry","3","3","0","Manual assignment and free lead forwarding","A&E Exteriors LLC;Griffith Handyman;Jersey Complete Construction"
"kenilworth","union","landscaping","2","2","0","Manual assignment and free lead forwarding","Custom Clippings;Finishing Touch Landscape Construction"
"kenilworth","union","painting","3","3","0","Manual assignment and free lead forwarding","Brush House Painting and Flooring Services of North Jersey;Griffith Handyman;Sentinel Handyman LLC"
"kenilworth","union","drywall","3","3","0","Manual assignment and free lead forwarding","Brush House Painting and Flooring Services of North Jersey;Griffith Handyman;Sentinel Handyman LLC"
"kenilworth","union","tile","2","2","0","Manual assignment and free lead forwarding","Brush House Painting and Flooring Services of North Jersey;Griffith Handyman"
"kenilworth","union","plumbing","3","3","0","Manual assignment and free lead forwarding","All County Plumbing and Heating;Clear Flow Plumbing Heating and HVAC;Daibes Plumbing and Heating"
"kenilworth","union","electrical","2","2","0","Manual assignment and free lead forwarding","HK Electrical Group;K2 Electric"
"linden","union","handyman","3","3","0","Manual assignment and free lead forwarding","Griffith Handyman;Sentinel Handyman LLC;Tropic Pro Services"
"linden","union","masonry","3","3","0","Manual assignment and free lead forwarding","A&E Exteriors LLC;Griffith Handyman;Jersey Complete Construction"
"linden","union","landscaping","2","2","0","Manual assignment and free lead forwarding","Custom Clippings;Finishing Touch Landscape Construction"
"linden","union","painting","4","4","0","Manual assignment and free lead forwarding","Brush House Painting and Flooring Services of North Jersey;Griffith Handyman;Sentinel Handyman LLC;Tropic Pro Services"
"linden","union","drywall","3","3","0","Manual assignment and free lead forwarding","Brush House Painting and Flooring Services of North Jersey;Griffith Handyman;Sentinel Handyman LLC"
"linden","union","tile","2","2","0","Manual assignment and free lead forwarding","Brush House Painting and Flooring Services of North Jersey;Griffith Handyman"
"linden","union","plumbing","3","3","0","Manual assignment and free lead forwarding","All County Plumbing and Heating;Clear Flow Plumbing Heating and HVAC;Daibes Plumbing and Heating"
"linden","union","electrical","2","2","0","Manual assignment and free lead forwarding","HK Electrical Group;K2 Electric"
"mountainside","union","handyman","2","2","0","Manual assignment and free lead forwarding","Griffith Handyman;Sentinel Handyman LLC"
"mountainside","union","masonry","3","3","0","Manual assignment and free lead forwarding","A&E Exteriors LLC;Griffith Handyman;Jersey Complete Construction"
"mountainside","union","landscaping","2","2","0","Manual assignment and free lead forwarding","Custom Clippings;Finishing Touch Landscape Construction"
"mountainside","union","painting","3","3","0","Manual assignment and free lead forwarding","Brush House Painting and Flooring Services of North Jersey;Griffith Handyman;Sentinel Handyman LLC"
"mountainside","union","drywall","3","3","0","Manual assignment and free lead forwarding","Brush House Painting and Flooring Services of North Jersey;Griffith Handyman;Sentinel Handyman LLC"
"mountainside","union","tile","2","2","0","Manual assignment and free lead forwarding","Brush House Painting and Flooring Services of North Jersey;Griffith Handyman"
"mountainside","union","plumbing","3","3","0","Manual assignment and free lead forwarding","All County Plumbing and Heating;Clear Flow Plumbing Heating and HVAC;Daibes Plumbing and Heating"
"mountainside","union","electrical","2","2","0","Manual assignment and free lead forwarding","HK Electrical Group;K2 Electric"
"new-providence","union","handyman","2","2","0","Manual assignment and free lead forwarding","Griffith Handyman;Sentinel Handyman LLC"
"new-providence","union","masonry","3","3","0","Manual assignment and free lead forwarding","A&E Exteriors LLC;Griffith Handyman;Jersey Complete Construction"
"new-providence","union","landscaping","2","2","0","Manual assignment and free lead forwarding","Custom Clippings;Finishing Touch Landscape Construction"
"new-providence","union","painting","3","3","0","Manual assignment and free lead forwarding","Brush House Painting and Flooring Services of North Jersey;Griffith Handyman;Sentinel Handyman LLC"
"new-providence","union","drywall","3","3","0","Manual assignment and free lead forwarding","Brush House Painting and Flooring Services of North Jersey;Griffith Handyman;Sentinel Handyman LLC"
"new-providence","union","tile","2","2","0","Manual assignment and free lead forwarding","Brush House Painting and Flooring Services of North Jersey;Griffith Handyman"
"new-providence","union","plumbing","3","3","0","Manual assignment and free lead forwarding","All County Plumbing and Heating;Clear Flow Plumbing Heating and HVAC;Daibes Plumbing and Heating"
"new-providence","union","electrical","2","2","0","Manual assignment and free lead forwarding","HK Electrical Group;K2 Electric"
"plainfield","union","handyman","2","2","0","Manual assignment and free lead forwarding","Griffith Handyman;Sentinel Handyman LLC"
"plainfield","union","masonry","3","3","0","Manual assignment and free lead forwarding","A&E Exteriors LLC;Griffith Handyman;Jersey Complete Construction"
"plainfield","union","landscaping","2","2","0","Manual assignment and free lead forwarding","Custom Clippings;Finishing Touch Landscape Construction"
"plainfield","union","painting","3","3","0","Manual assignment and free lead forwarding","Brush House Painting and Flooring Services of North Jersey;Griffith Handyman;Sentinel Handyman LLC"
"plainfield","union","drywall","3","3","0","Manual assignment and free lead forwarding","Brush House Painting and Flooring Services of North Jersey;Griffith Handyman;Sentinel Handyman LLC"
"plainfield","union","tile","2","2","0","Manual assignment and free lead forwarding","Brush House Painting and Flooring Services of North Jersey;Griffith Handyman"
"plainfield","union","plumbing","3","3","0","Manual assignment and free lead forwarding","All County Plumbing and Heating;Clear Flow Plumbing Heating and HVAC;Daibes Plumbing and Heating"
"plainfield","union","electrical","2","2","0","Manual assignment and free lead forwarding","HK Electrical Group;K2 Electric"
"rahway","union","handyman","2","2","0","Manual assignment and free lead forwarding","Griffith Handyman;Sentinel Handyman LLC"
"rahway","union","masonry","3","3","0","Manual assignment and free lead forwarding","A&E Exteriors LLC;Griffith Handyman;Jersey Complete Construction"
"rahway","union","landscaping","2","2","0","Manual assignment and free lead forwarding","Custom Clippings;Finishing Touch Landscape Construction"
"rahway","union","painting","3","3","0","Manual assignment and free lead forwarding","Brush House Painting and Flooring Services of North Jersey;Griffith Handyman;Sentinel Handyman LLC"
"rahway","union","drywall","3","3","0","Manual assignment and free lead forwarding","Brush House Painting and Flooring Services of North Jersey;Griffith Handyman;Sentinel Handyman LLC"
"rahway","union","tile","2","2","0","Manual assignment and free lead forwarding","Brush House Painting and Flooring Services of North Jersey;Griffith Handyman"
"rahway","union","plumbing","3","3","0","Manual assignment and free lead forwarding","All County Plumbing and Heating;Clear Flow Plumbing Heating and HVAC;Daibes Plumbing and Heating"
"rahway","union","electrical","2","2","0","Manual assignment and free lead forwarding","HK Electrical Group;K2 Electric"
"roselle","union","handyman","2","2","0","Manual assignment and free lead forwarding","Griffith Handyman;Sentinel Handyman LLC"
"roselle","union","masonry","3","3","0","Manual assignment and free lead forwarding","A&E Exteriors LLC;Griffith Handyman;Jersey Complete Construction"
"roselle","union","landscaping","2","2","0","Manual assignment and free lead forwarding","Custom Clippings;Finishing Touch Landscape Construction"
"roselle","union","painting","3","3","0","Manual assignment and free lead forwarding","Brush House Painting and Flooring Services of North Jersey;Griffith Handyman;Sentinel Handyman LLC"
"roselle","union","drywall","3","3","0","Manual assignment and free lead forwarding","Brush House Painting and Flooring Services of North Jersey;Griffith Handyman;Sentinel Handyman LLC"
"roselle","union","tile","2","2","0","Manual assignment and free lead forwarding","Brush House Painting and Flooring Services of North Jersey;Griffith Handyman"
"roselle","union","plumbing","3","3","0","Manual assignment and free lead forwarding","All County Plumbing and Heating;Clear Flow Plumbing Heating and HVAC;Daibes Plumbing and Heating"
"roselle","union","electrical","2","2","0","Manual assignment and free lead forwarding","HK Electrical Group;K2 Electric"
"roselle-park","union","handyman","2","2","0","Manual assignment and free lead forwarding","Griffith Handyman;Sentinel Handyman LLC"
"roselle-park","union","masonry","3","3","0","Manual assignment and free lead forwarding","A&E Exteriors LLC;Griffith Handyman;Jersey Complete Construction"
"roselle-park","union","landscaping","2","2","0","Manual assignment and free lead forwarding","Custom Clippings;Finishing Touch Landscape Construction"
"roselle-park","union","painting","3","3","0","Manual assignment and free lead forwarding","Brush House Painting and Flooring Services of North Jersey;Griffith Handyman;Sentinel Handyman LLC"
"roselle-park","union","drywall","3","3","0","Manual assignment and free lead forwarding","Brush House Painting and Flooring Services of North Jersey;Griffith Handyman;Sentinel Handyman LLC"
"roselle-park","union","tile","2","2","0","Manual assignment and free lead forwarding","Brush House Painting and Flooring Services of North Jersey;Griffith Handyman"
"roselle-park","union","plumbing","3","3","0","Manual assignment and free lead forwarding","All County Plumbing and Heating;Clear Flow Plumbing Heating and HVAC;Daibes Plumbing and Heating"
"roselle-park","union","electrical","2","2","0","Manual assignment and free lead forwarding","HK Electrical Group;K2 Electric"
"scotch-plains","union","handyman","2","2","0","Manual assignment and free lead forwarding","Griffith Handyman;Sentinel Handyman LLC"
"scotch-plains","union","masonry","3","3","0","Manual assignment and free lead forwarding","A&E Exteriors LLC;Griffith Handyman;Jersey Complete Construction"
"scotch-plains","union","landscaping","2","2","0","Manual assignment and free lead forwarding","Custom Clippings;Finishing Touch Landscape Construction"
"scotch-plains","union","painting","3","3","0","Manual assignment and free lead forwarding","Brush House Painting and Flooring Services of North Jersey;Griffith Handyman;Sentinel Handyman LLC"
"scotch-plains","union","drywall","3","3","0","Manual assignment and free lead forwarding","Brush House Painting and Flooring Services of North Jersey;Griffith Handyman;Sentinel Handyman LLC"
"scotch-plains","union","tile","2","2","0","Manual assignment and free lead forwarding","Brush House Painting and Flooring Services of North Jersey;Griffith Handyman"
"scotch-plains","union","plumbing","3","3","0","Manual assignment and free lead forwarding","All County Plumbing and Heating;Clear Flow Plumbing Heating and HVAC;Daibes Plumbing and Heating"
"scotch-plains","union","electrical","2","2","0","Manual assignment and free lead forwarding","HK Electrical Group;K2 Electric"
"springfield","union","handyman","2","2","0","Manual assignment and free lead forwarding","Griffith Handyman;Sentinel Handyman LLC"
"springfield","union","masonry","3","3","0","Manual assignment and free lead forwarding","A&E Exteriors LLC;Griffith Handyman;Jersey Complete Construction"
"springfield","union","landscaping","2","2","0","Manual assignment and free lead forwarding","Custom Clippings;Finishing Touch Landscape Construction"
"springfield","union","painting","3","3","0","Manual assignment and free lead forwarding","Brush House Painting and Flooring Services of North Jersey;Griffith Handyman;Sentinel Handyman LLC"
"springfield","union","drywall","3","3","0","Manual assignment and free lead forwarding","Brush House Painting and Flooring Services of North Jersey;Griffith Handyman;Sentinel Handyman LLC"
"springfield","union","tile","2","2","0","Manual assignment and free lead forwarding","Brush House Painting and Flooring Services of North Jersey;Griffith Handyman"
"springfield","union","plumbing","3","3","0","Manual assignment and free lead forwarding","All County Plumbing and Heating;Clear Flow Plumbing Heating and HVAC;Daibes Plumbing and Heating"
"springfield","union","electrical","2","2","0","Manual assignment and free lead forwarding","HK Electrical Group;K2 Electric"
"union-township","union","handyman","2","2","0","Manual assignment and free lead forwarding","Griffith Handyman;Sentinel Handyman LLC"
"union-township","union","masonry","3","3","0","Manual assignment and free lead forwarding","A&E Exteriors LLC;Griffith Handyman;Jersey Complete Construction"
"union-township","union","landscaping","2","2","0","Manual assignment and free lead forwarding","Custom Clippings;Finishing Touch Landscape Construction"
"union-township","union","painting","3","3","0","Manual assignment and free lead forwarding","Brush House Painting and Flooring Services of North Jersey;Griffith Handyman;Sentinel Handyman LLC"
"union-township","union","drywall","3","3","0","Manual assignment and free lead forwarding","Brush House Painting and Flooring Services of North Jersey;Griffith Handyman;Sentinel Handyman LLC"
"union-township","union","tile","2","2","0","Manual assignment and free lead forwarding","Brush House Painting and Flooring Services of North Jersey;Griffith Handyman"
"union-township","union","plumbing","3","3","0","Manual assignment and free lead forwarding","All County Plumbing and Heating;Clear Flow Plumbing Heating and HVAC;Daibes Plumbing and Heating"
"union-township","union","electrical","2","2","0","Manual assignment and free lead forwarding","HK Electrical Group;K2 Electric"
"westfield","union","handyman","2","2","0","Manual assignment and free lead forwarding","Griffith Handyman;Sentinel Handyman LLC"
"westfield","union","masonry","3","3","0","Manual assignment and free lead forwarding","A&E Exteriors LLC;Griffith Handyman;Jersey Complete Construction"
"westfield","union","landscaping","2","2","0","Manual assignment and free lead forwarding","Custom Clippings;Finishing Touch Landscape Construction"
"westfield","union","painting","3","3","0","Manual assignment and free lead forwarding","Brush House Painting and Flooring Services of North Jersey;Griffith Handyman;Sentinel Handyman LLC"
"westfield","union","drywall","3","3","0","Manual assignment and free lead forwarding","Brush House Painting and Flooring Services of North Jersey;Griffith Handyman;Sentinel Handyman LLC"
"westfield","union","tile","2","2","0","Manual assignment and free lead forwarding","Brush House Painting and Flooring Services of North Jersey;Griffith Handyman"
"westfield","union","plumbing","3","3","0","Manual assignment and free lead forwarding","All County Plumbing and Heating;Clear Flow Plumbing Heating and HVAC;Daibes Plumbing and Heating"
"westfield","union","electrical","2","2","0","Manual assignment and free lead forwarding","HK Electrical Group;K2 Electric"
"winfield","union","handyman","2","2","0","Manual assignment and free lead forwarding","Griffith Handyman;Sentinel Handyman LLC"
"winfield","union","masonry","3","3","0","Manual assignment and free lead forwarding","A&E Exteriors LLC;Griffith Handyman;Jersey Complete Construction"
"winfield","union","landscaping","2","2","0","Manual assignment and free lead forwarding","Custom Clippings;Finishing Touch Landscape Construction"
"winfield","union","painting","3","3","0","Manual assignment and free lead forwarding","Brush House Painting and Flooring Services of North Jersey;Griffith Handyman;Sentinel Handyman LLC"
"winfield","union","drywall","3","3","0","Manual assignment and free lead forwarding","Brush House Painting and Flooring Services of North Jersey;Griffith Handyman;Sentinel Handyman LLC"
"winfield","union","tile","2","2","0","Manual assignment and free lead forwarding","Brush House Painting and Flooring Services of North Jersey;Griffith Handyman"
"winfield","union","plumbing","3","3","0","Manual assignment and free lead forwarding","All County Plumbing and Heating;Clear Flow Plumbing Heating and HVAC;Daibes Plumbing and Heating"
"winfield","union","electrical","2","2","0","Manual assignment and free lead forwarding","HK Electrical Group;K2 Electric"
"allamuchy","warren","handyman","2","2","0","Manual assignment and free lead forwarding","Geo's Handyman;Silver Hammer Handyman"
"allamuchy","warren","masonry","2","2","0","Manual assignment and free lead forwarding","A&E Exteriors LLC;Jersey Complete Construction"
"allamuchy","warren","landscaping","2","2","0","Manual assignment and free lead forwarding","Hidden Leaf Landscaping;Tarazona Lawn Care LLC"
"allamuchy","warren","painting","2","2","0","Manual assignment and free lead forwarding","Brush House Painting and Flooring Services of North Jersey;Silver Hammer Handyman"
"allamuchy","warren","drywall","2","2","0","Manual assignment and free lead forwarding","Brush House Painting and Flooring Services of North Jersey;Silver Hammer Handyman"
"allamuchy","warren","tile","2","2","0","Manual assignment and free lead forwarding","Brush House Painting and Flooring Services of North Jersey;Silver Hammer Handyman"
"allamuchy","warren","plumbing","2","2","0","Manual assignment and free lead forwarding","All A's Plumbing and Heating;All County Plumbing and Heating"
"allamuchy","warren","electrical","2","2","0","Manual assignment and free lead forwarding","HK Electrical Group;K2 Electric"
"alpha","warren","handyman","2","2","0","Manual assignment and free lead forwarding","Geo's Handyman;Silver Hammer Handyman"
"alpha","warren","masonry","2","2","0","Manual assignment and free lead forwarding","A&E Exteriors LLC;Jersey Complete Construction"
"alpha","warren","landscaping","2","2","0","Manual assignment and free lead forwarding","Hidden Leaf Landscaping;Tarazona Lawn Care LLC"
"alpha","warren","painting","2","2","0","Manual assignment and free lead forwarding","Brush House Painting and Flooring Services of North Jersey;Silver Hammer Handyman"
"alpha","warren","drywall","2","2","0","Manual assignment and free lead forwarding","Brush House Painting and Flooring Services of North Jersey;Silver Hammer Handyman"
"alpha","warren","tile","2","2","0","Manual assignment and free lead forwarding","Brush House Painting and Flooring Services of North Jersey;Silver Hammer Handyman"
"alpha","warren","plumbing","2","2","0","Manual assignment and free lead forwarding","All A's Plumbing and Heating;All County Plumbing and Heating"
"alpha","warren","electrical","2","2","0","Manual assignment and free lead forwarding","HK Electrical Group;K2 Electric"
"belvidere","warren","handyman","2","2","0","Manual assignment and free lead forwarding","Geo's Handyman;Silver Hammer Handyman"
"belvidere","warren","masonry","2","2","0","Manual assignment and free lead forwarding","A&E Exteriors LLC;Jersey Complete Construction"
"belvidere","warren","landscaping","2","2","0","Manual assignment and free lead forwarding","Hidden Leaf Landscaping;Tarazona Lawn Care LLC"
"belvidere","warren","painting","2","2","0","Manual assignment and free lead forwarding","Brush House Painting and Flooring Services of North Jersey;Silver Hammer Handyman"
"belvidere","warren","drywall","2","2","0","Manual assignment and free lead forwarding","Brush House Painting and Flooring Services of North Jersey;Silver Hammer Handyman"
"belvidere","warren","tile","2","2","0","Manual assignment and free lead forwarding","Brush House Painting and Flooring Services of North Jersey;Silver Hammer Handyman"
"belvidere","warren","plumbing","2","2","0","Manual assignment and free lead forwarding","All A's Plumbing and Heating;All County Plumbing and Heating"
"belvidere","warren","electrical","2","2","0","Manual assignment and free lead forwarding","HK Electrical Group;K2 Electric"
"blairstown","warren","handyman","2","2","0","Manual assignment and free lead forwarding","Geo's Handyman;Silver Hammer Handyman"
"blairstown","warren","masonry","2","2","0","Manual assignment and free lead forwarding","A&E Exteriors LLC;Jersey Complete Construction"
"blairstown","warren","landscaping","2","2","0","Manual assignment and free lead forwarding","Hidden Leaf Landscaping;Tarazona Lawn Care LLC"
"blairstown","warren","painting","2","2","0","Manual assignment and free lead forwarding","Brush House Painting and Flooring Services of North Jersey;Silver Hammer Handyman"
"blairstown","warren","drywall","2","2","0","Manual assignment and free lead forwarding","Brush House Painting and Flooring Services of North Jersey;Silver Hammer Handyman"
"blairstown","warren","tile","2","2","0","Manual assignment and free lead forwarding","Brush House Painting and Flooring Services of North Jersey;Silver Hammer Handyman"
"blairstown","warren","plumbing","2","2","0","Manual assignment and free lead forwarding","All A's Plumbing and Heating;All County Plumbing and Heating"
"blairstown","warren","electrical","2","2","0","Manual assignment and free lead forwarding","HK Electrical Group;K2 Electric"
"franklin-township","warren","handyman","2","2","0","Manual assignment and free lead forwarding","Geo's Handyman;Silver Hammer Handyman"
"franklin-township","warren","masonry","2","2","0","Manual assignment and free lead forwarding","A&E Exteriors LLC;Jersey Complete Construction"
"franklin-township","warren","landscaping","2","2","0","Manual assignment and free lead forwarding","Hidden Leaf Landscaping;Tarazona Lawn Care LLC"
"franklin-township","warren","painting","2","2","0","Manual assignment and free lead forwarding","Brush House Painting and Flooring Services of North Jersey;Silver Hammer Handyman"
"franklin-township","warren","drywall","2","2","0","Manual assignment and free lead forwarding","Brush House Painting and Flooring Services of North Jersey;Silver Hammer Handyman"
"franklin-township","warren","tile","2","2","0","Manual assignment and free lead forwarding","Brush House Painting and Flooring Services of North Jersey;Silver Hammer Handyman"
"franklin-township","warren","plumbing","2","2","0","Manual assignment and free lead forwarding","All A's Plumbing and Heating;All County Plumbing and Heating"
"franklin-township","warren","electrical","2","2","0","Manual assignment and free lead forwarding","HK Electrical Group;K2 Electric"
"frelinghuysen","warren","handyman","2","2","0","Manual assignment and free lead forwarding","Geo's Handyman;Silver Hammer Handyman"
"frelinghuysen","warren","masonry","2","2","0","Manual assignment and free lead forwarding","A&E Exteriors LLC;Jersey Complete Construction"
"frelinghuysen","warren","landscaping","2","2","0","Manual assignment and free lead forwarding","Hidden Leaf Landscaping;Tarazona Lawn Care LLC"
"frelinghuysen","warren","painting","2","2","0","Manual assignment and free lead forwarding","Brush House Painting and Flooring Services of North Jersey;Silver Hammer Handyman"
"frelinghuysen","warren","drywall","2","2","0","Manual assignment and free lead forwarding","Brush House Painting and Flooring Services of North Jersey;Silver Hammer Handyman"
"frelinghuysen","warren","tile","2","2","0","Manual assignment and free lead forwarding","Brush House Painting and Flooring Services of North Jersey;Silver Hammer Handyman"
"frelinghuysen","warren","plumbing","2","2","0","Manual assignment and free lead forwarding","All A's Plumbing and Heating;All County Plumbing and Heating"
"frelinghuysen","warren","electrical","2","2","0","Manual assignment and free lead forwarding","HK Electrical Group;K2 Electric"
"greenwich-township","warren","handyman","2","2","0","Manual assignment and free lead forwarding","Geo's Handyman;Silver Hammer Handyman"
"greenwich-township","warren","masonry","2","2","0","Manual assignment and free lead forwarding","A&E Exteriors LLC;Jersey Complete Construction"
"greenwich-township","warren","landscaping","2","2","0","Manual assignment and free lead forwarding","Hidden Leaf Landscaping;Tarazona Lawn Care LLC"
"greenwich-township","warren","painting","2","2","0","Manual assignment and free lead forwarding","Brush House Painting and Flooring Services of North Jersey;Silver Hammer Handyman"
"greenwich-township","warren","drywall","2","2","0","Manual assignment and free lead forwarding","Brush House Painting and Flooring Services of North Jersey;Silver Hammer Handyman"
"greenwich-township","warren","tile","2","2","0","Manual assignment and free lead forwarding","Brush House Painting and Flooring Services of North Jersey;Silver Hammer Handyman"
"greenwich-township","warren","plumbing","2","2","0","Manual assignment and free lead forwarding","All A's Plumbing and Heating;All County Plumbing and Heating"
"greenwich-township","warren","electrical","2","2","0","Manual assignment and free lead forwarding","HK Electrical Group;K2 Electric"
"hackettstown","warren","handyman","2","2","0","Manual assignment and free lead forwarding","Geo's Handyman;Silver Hammer Handyman"
"hackettstown","warren","masonry","2","2","0","Manual assignment and free lead forwarding","A&E Exteriors LLC;Jersey Complete Construction"
"hackettstown","warren","landscaping","2","2","0","Manual assignment and free lead forwarding","Hidden Leaf Landscaping;Tarazona Lawn Care LLC"
"hackettstown","warren","painting","2","2","0","Manual assignment and free lead forwarding","Brush House Painting and Flooring Services of North Jersey;Silver Hammer Handyman"
"hackettstown","warren","drywall","2","2","0","Manual assignment and free lead forwarding","Brush House Painting and Flooring Services of North Jersey;Silver Hammer Handyman"
"hackettstown","warren","tile","2","2","0","Manual assignment and free lead forwarding","Brush House Painting and Flooring Services of North Jersey;Silver Hammer Handyman"
"hackettstown","warren","plumbing","2","2","0","Manual assignment and free lead forwarding","All A's Plumbing and Heating;All County Plumbing and Heating"
"hackettstown","warren","electrical","2","2","0","Manual assignment and free lead forwarding","HK Electrical Group;K2 Electric"
"hardwick","warren","handyman","2","2","0","Manual assignment and free lead forwarding","Geo's Handyman;Silver Hammer Handyman"
"hardwick","warren","masonry","2","2","0","Manual assignment and free lead forwarding","A&E Exteriors LLC;Jersey Complete Construction"
"hardwick","warren","landscaping","2","2","0","Manual assignment and free lead forwarding","Hidden Leaf Landscaping;Tarazona Lawn Care LLC"
"hardwick","warren","painting","2","2","0","Manual assignment and free lead forwarding","Brush House Painting and Flooring Services of North Jersey;Silver Hammer Handyman"
"hardwick","warren","drywall","2","2","0","Manual assignment and free lead forwarding","Brush House Painting and Flooring Services of North Jersey;Silver Hammer Handyman"
"hardwick","warren","tile","2","2","0","Manual assignment and free lead forwarding","Brush House Painting and Flooring Services of North Jersey;Silver Hammer Handyman"
"hardwick","warren","plumbing","2","2","0","Manual assignment and free lead forwarding","All A's Plumbing and Heating;All County Plumbing and Heating"
"hardwick","warren","electrical","2","2","0","Manual assignment and free lead forwarding","HK Electrical Group;K2 Electric"
"harmony","warren","handyman","2","2","0","Manual assignment and free lead forwarding","Geo's Handyman;Silver Hammer Handyman"
"harmony","warren","masonry","2","2","0","Manual assignment and free lead forwarding","A&E Exteriors LLC;Jersey Complete Construction"
"harmony","warren","landscaping","2","2","0","Manual assignment and free lead forwarding","Hidden Leaf Landscaping;Tarazona Lawn Care LLC"
"harmony","warren","painting","2","2","0","Manual assignment and free lead forwarding","Brush House Painting and Flooring Services of North Jersey;Silver Hammer Handyman"
"harmony","warren","drywall","2","2","0","Manual assignment and free lead forwarding","Brush House Painting and Flooring Services of North Jersey;Silver Hammer Handyman"
"harmony","warren","tile","2","2","0","Manual assignment and free lead forwarding","Brush House Painting and Flooring Services of North Jersey;Silver Hammer Handyman"
"harmony","warren","plumbing","2","2","0","Manual assignment and free lead forwarding","All A's Plumbing and Heating;All County Plumbing and Heating"
"harmony","warren","electrical","2","2","0","Manual assignment and free lead forwarding","HK Electrical Group;K2 Electric"
"hope","warren","handyman","2","2","0","Manual assignment and free lead forwarding","Geo's Handyman;Silver Hammer Handyman"
"hope","warren","masonry","2","2","0","Manual assignment and free lead forwarding","A&E Exteriors LLC;Jersey Complete Construction"
"hope","warren","landscaping","2","2","0","Manual assignment and free lead forwarding","Hidden Leaf Landscaping;Tarazona Lawn Care LLC"
"hope","warren","painting","2","2","0","Manual assignment and free lead forwarding","Brush House Painting and Flooring Services of North Jersey;Silver Hammer Handyman"
"hope","warren","drywall","2","2","0","Manual assignment and free lead forwarding","Brush House Painting and Flooring Services of North Jersey;Silver Hammer Handyman"
"hope","warren","tile","2","2","0","Manual assignment and free lead forwarding","Brush House Painting and Flooring Services of North Jersey;Silver Hammer Handyman"
"hope","warren","plumbing","2","2","0","Manual assignment and free lead forwarding","All A's Plumbing and Heating;All County Plumbing and Heating"
"hope","warren","electrical","2","2","0","Manual assignment and free lead forwarding","HK Electrical Group;K2 Electric"
"independence","warren","handyman","2","2","0","Manual assignment and free lead forwarding","Geo's Handyman;Silver Hammer Handyman"
"independence","warren","masonry","2","2","0","Manual assignment and free lead forwarding","A&E Exteriors LLC;Jersey Complete Construction"
"independence","warren","landscaping","2","2","0","Manual assignment and free lead forwarding","Hidden Leaf Landscaping;Tarazona Lawn Care LLC"
"independence","warren","painting","2","2","0","Manual assignment and free lead forwarding","Brush House Painting and Flooring Services of North Jersey;Silver Hammer Handyman"
"independence","warren","drywall","2","2","0","Manual assignment and free lead forwarding","Brush House Painting and Flooring Services of North Jersey;Silver Hammer Handyman"
"independence","warren","tile","2","2","0","Manual assignment and free lead forwarding","Brush House Painting and Flooring Services of North Jersey;Silver Hammer Handyman"
"independence","warren","plumbing","2","2","0","Manual assignment and free lead forwarding","All A's Plumbing and Heating;All County Plumbing and Heating"
"independence","warren","electrical","2","2","0","Manual assignment and free lead forwarding","HK Electrical Group;K2 Electric"
"knowlton","warren","handyman","2","2","0","Manual assignment and free lead forwarding","Geo's Handyman;Silver Hammer Handyman"
"knowlton","warren","masonry","2","2","0","Manual assignment and free lead forwarding","A&E Exteriors LLC;Jersey Complete Construction"
"knowlton","warren","landscaping","2","2","0","Manual assignment and free lead forwarding","Hidden Leaf Landscaping;Tarazona Lawn Care LLC"
"knowlton","warren","painting","2","2","0","Manual assignment and free lead forwarding","Brush House Painting and Flooring Services of North Jersey;Silver Hammer Handyman"
"knowlton","warren","drywall","2","2","0","Manual assignment and free lead forwarding","Brush House Painting and Flooring Services of North Jersey;Silver Hammer Handyman"
"knowlton","warren","tile","2","2","0","Manual assignment and free lead forwarding","Brush House Painting and Flooring Services of North Jersey;Silver Hammer Handyman"
"knowlton","warren","plumbing","2","2","0","Manual assignment and free lead forwarding","All A's Plumbing and Heating;All County Plumbing and Heating"
"knowlton","warren","electrical","2","2","0","Manual assignment and free lead forwarding","HK Electrical Group;K2 Electric"
"liberty-township","warren","handyman","2","2","0","Manual assignment and free lead forwarding","Geo's Handyman;Silver Hammer Handyman"
"liberty-township","warren","masonry","2","2","0","Manual assignment and free lead forwarding","A&E Exteriors LLC;Jersey Complete Construction"
"liberty-township","warren","landscaping","2","2","0","Manual assignment and free lead forwarding","Hidden Leaf Landscaping;Tarazona Lawn Care LLC"
"liberty-township","warren","painting","2","2","0","Manual assignment and free lead forwarding","Brush House Painting and Flooring Services of North Jersey;Silver Hammer Handyman"
"liberty-township","warren","drywall","2","2","0","Manual assignment and free lead forwarding","Brush House Painting and Flooring Services of North Jersey;Silver Hammer Handyman"
"liberty-township","warren","tile","2","2","0","Manual assignment and free lead forwarding","Brush House Painting and Flooring Services of North Jersey;Silver Hammer Handyman"
"liberty-township","warren","plumbing","2","2","0","Manual assignment and free lead forwarding","All A's Plumbing and Heating;All County Plumbing and Heating"
"liberty-township","warren","electrical","2","2","0","Manual assignment and free lead forwarding","HK Electrical Group;K2 Electric"
"lopatcong","warren","handyman","2","2","0","Manual assignment and free lead forwarding","Geo's Handyman;Silver Hammer Handyman"
"lopatcong","warren","masonry","2","2","0","Manual assignment and free lead forwarding","A&E Exteriors LLC;Jersey Complete Construction"
"lopatcong","warren","landscaping","2","2","0","Manual assignment and free lead forwarding","Hidden Leaf Landscaping;Tarazona Lawn Care LLC"
"lopatcong","warren","painting","2","2","0","Manual assignment and free lead forwarding","Brush House Painting and Flooring Services of North Jersey;Silver Hammer Handyman"
"lopatcong","warren","drywall","2","2","0","Manual assignment and free lead forwarding","Brush House Painting and Flooring Services of North Jersey;Silver Hammer Handyman"
"lopatcong","warren","tile","2","2","0","Manual assignment and free lead forwarding","Brush House Painting and Flooring Services of North Jersey;Silver Hammer Handyman"
"lopatcong","warren","plumbing","2","2","0","Manual assignment and free lead forwarding","All A's Plumbing and Heating;All County Plumbing and Heating"
"lopatcong","warren","electrical","2","2","0","Manual assignment and free lead forwarding","HK Electrical Group;K2 Electric"
"mansfield-township","warren","handyman","2","2","0","Manual assignment and free lead forwarding","Geo's Handyman;Silver Hammer Handyman"
"mansfield-township","warren","masonry","2","2","0","Manual assignment and free lead forwarding","A&E Exteriors LLC;Jersey Complete Construction"
"mansfield-township","warren","landscaping","2","2","0","Manual assignment and free lead forwarding","Hidden Leaf Landscaping;Tarazona Lawn Care LLC"
"mansfield-township","warren","painting","2","2","0","Manual assignment and free lead forwarding","Brush House Painting and Flooring Services of North Jersey;Silver Hammer Handyman"
"mansfield-township","warren","drywall","2","2","0","Manual assignment and free lead forwarding","Brush House Painting and Flooring Services of North Jersey;Silver Hammer Handyman"
"mansfield-township","warren","tile","2","2","0","Manual assignment and free lead forwarding","Brush House Painting and Flooring Services of North Jersey;Silver Hammer Handyman"
"mansfield-township","warren","plumbing","2","2","0","Manual assignment and free lead forwarding","All A's Plumbing and Heating;All County Plumbing and Heating"
"mansfield-township","warren","electrical","2","2","0","Manual assignment and free lead forwarding","HK Electrical Group;K2 Electric"
"oxford","warren","handyman","2","2","0","Manual assignment and free lead forwarding","Geo's Handyman;Silver Hammer Handyman"
"oxford","warren","masonry","2","2","0","Manual assignment and free lead forwarding","A&E Exteriors LLC;Jersey Complete Construction"
"oxford","warren","landscaping","2","2","0","Manual assignment and free lead forwarding","Hidden Leaf Landscaping;Tarazona Lawn Care LLC"
"oxford","warren","painting","2","2","0","Manual assignment and free lead forwarding","Brush House Painting and Flooring Services of North Jersey;Silver Hammer Handyman"
"oxford","warren","drywall","2","2","0","Manual assignment and free lead forwarding","Brush House Painting and Flooring Services of North Jersey;Silver Hammer Handyman"
"oxford","warren","tile","2","2","0","Manual assignment and free lead forwarding","Brush House Painting and Flooring Services of North Jersey;Silver Hammer Handyman"
"oxford","warren","plumbing","2","2","0","Manual assignment and free lead forwarding","All A's Plumbing and Heating;All County Plumbing and Heating"
"oxford","warren","electrical","2","2","0","Manual assignment and free lead forwarding","HK Electrical Group;K2 Electric"
"phillipsburg","warren","handyman","2","2","0","Manual assignment and free lead forwarding","Geo's Handyman;Silver Hammer Handyman"
"phillipsburg","warren","masonry","2","2","0","Manual assignment and free lead forwarding","A&E Exteriors LLC;Jersey Complete Construction"
"phillipsburg","warren","landscaping","2","2","0","Manual assignment and free lead forwarding","Hidden Leaf Landscaping;Tarazona Lawn Care LLC"
"phillipsburg","warren","painting","2","2","0","Manual assignment and free lead forwarding","Brush House Painting and Flooring Services of North Jersey;Silver Hammer Handyman"
"phillipsburg","warren","drywall","2","2","0","Manual assignment and free lead forwarding","Brush House Painting and Flooring Services of North Jersey;Silver Hammer Handyman"
"phillipsburg","warren","tile","2","2","0","Manual assignment and free lead forwarding","Brush House Painting and Flooring Services of North Jersey;Silver Hammer Handyman"
"phillipsburg","warren","plumbing","2","2","0","Manual assignment and free lead forwarding","All A's Plumbing and Heating;All County Plumbing and Heating"
"phillipsburg","warren","electrical","2","2","0","Manual assignment and free lead forwarding","HK Electrical Group;K2 Electric"
"pohatcong","warren","handyman","2","2","0","Manual assignment and free lead forwarding","Geo's Handyman;Silver Hammer Handyman"
"pohatcong","warren","masonry","2","2","0","Manual assignment and free lead forwarding","A&E Exteriors LLC;Jersey Complete Construction"
"pohatcong","warren","landscaping","2","2","0","Manual assignment and free lead forwarding","Hidden Leaf Landscaping;Tarazona Lawn Care LLC"
"pohatcong","warren","painting","2","2","0","Manual assignment and free lead forwarding","Brush House Painting and Flooring Services of North Jersey;Silver Hammer Handyman"
"pohatcong","warren","drywall","2","2","0","Manual assignment and free lead forwarding","Brush House Painting and Flooring Services of North Jersey;Silver Hammer Handyman"
"pohatcong","warren","tile","2","2","0","Manual assignment and free lead forwarding","Brush House Painting and Flooring Services of North Jersey;Silver Hammer Handyman"
"pohatcong","warren","plumbing","2","2","0","Manual assignment and free lead forwarding","All A's Plumbing and Heating;All County Plumbing and Heating"
"pohatcong","warren","electrical","2","2","0","Manual assignment and free lead forwarding","HK Electrical Group;K2 Electric"
"washington-borough","warren","handyman","2","2","0","Manual assignment and free lead forwarding","Geo's Handyman;Silver Hammer Handyman"
"washington-borough","warren","masonry","2","2","0","Manual assignment and free lead forwarding","A&E Exteriors LLC;Jersey Complete Construction"
"washington-borough","warren","landscaping","2","2","0","Manual assignment and free lead forwarding","Hidden Leaf Landscaping;Tarazona Lawn Care LLC"
"washington-borough","warren","painting","2","2","0","Manual assignment and free lead forwarding","Brush House Painting and Flooring Services of North Jersey;Silver Hammer Handyman"
"washington-borough","warren","drywall","2","2","0","Manual assignment and free lead forwarding","Brush House Painting and Flooring Services of North Jersey;Silver Hammer Handyman"
"washington-borough","warren","tile","2","2","0","Manual assignment and free lead forwarding","Brush House Painting and Flooring Services of North Jersey;Silver Hammer Handyman"
"washington-borough","warren","plumbing","2","2","0","Manual assignment and free lead forwarding","All A's Plumbing and Heating;All County Plumbing and Heating"
"washington-borough","warren","electrical","2","2","0","Manual assignment and free lead forwarding","HK Electrical Group;K2 Electric"
"washington-township-warren","warren","handyman","2","2","0","Manual assignment and free lead forwarding","Geo's Handyman;Silver Hammer Handyman"
"washington-township-warren","warren","masonry","2","2","0","Manual assignment and free lead forwarding","A&E Exteriors LLC;Jersey Complete Construction"
"washington-township-warren","warren","landscaping","2","2","0","Manual assignment and free lead forwarding","Hidden Leaf Landscaping;Tarazona Lawn Care LLC"
"washington-township-warren","warren","painting","2","2","0","Manual assignment and free lead forwarding","Brush House Painting and Flooring Services of North Jersey;Silver Hammer Handyman"
"washington-township-warren","warren","drywall","2","2","0","Manual assignment and free lead forwarding","Brush House Painting and Flooring Services of North Jersey;Silver Hammer Handyman"
"washington-township-warren","warren","tile","2","2","0","Manual assignment and free lead forwarding","Brush House Painting and Flooring Services of North Jersey;Silver Hammer Handyman"
"washington-township-warren","warren","plumbing","2","2","0","Manual assignment and free lead forwarding","All A's Plumbing and Heating;All County Plumbing and Heating"
"washington-township-warren","warren","electrical","2","2","0","Manual assignment and free lead forwarding","HK Electrical Group;K2 Electric"
"white-township","warren","handyman","2","2","0","Manual assignment and free lead forwarding","Geo's Handyman;Silver Hammer Handyman"
"white-township","warren","masonry","2","2","0","Manual assignment and free lead forwarding","A&E Exteriors LLC;Jersey Complete Construction"
"white-township","warren","landscaping","2","2","0","Manual assignment and free lead forwarding","Hidden Leaf Landscaping;Tarazona Lawn Care LLC"
"white-township","warren","painting","2","2","0","Manual assignment and free lead forwarding","Brush House Painting and Flooring Services of North Jersey;Silver Hammer Handyman"
"white-township","warren","drywall","2","2","0","Manual assignment and free lead forwarding","Brush House Painting and Flooring Services of North Jersey;Silver Hammer Handyman"
"white-township","warren","tile","2","2","0","Manual assignment and free lead forwarding","Brush House Painting and Flooring Services of North Jersey;Silver Hammer Handyman"
"white-township","warren","plumbing","2","2","0","Manual assignment and free lead forwarding","All A's Plumbing and Heating;All County Plumbing and Heating"
"white-township","warren","electrical","2","2","0","Manual assignment and free lead forwarding","HK Electrical Group;K2 Electric"
