county,municipality,service,new_candidates,email_candidates,confirmed_primary,confirmed_backup,next_action,candidate_names
"morris","florham-park","handyman","3","3","0","0","Kevin: confirm scope, territory, capacity, credentials and recipient","Griffith Handyman;Sentinel Handyman LLC;Silver Hammer Handyman"
"morris","florham-park","masonry","3","3","0","0","Kevin: confirm scope, territory, capacity, credentials and recipient","Griffith Handyman;Jersey Complete Construction;A&E Exteriors LLC"
"morris","florham-park","landscaping","3","3","0","0","Kevin: confirm scope, territory, capacity, credentials and recipient","Hubinger Landscaping;Finishing Touch Landscape Construction;Custom Clippings"
"morris","florham-park","painting","4","4","0","0","Kevin: confirm scope, territory, capacity, credentials and recipient","Griffith Handyman;Sentinel Handyman LLC;Silver Hammer Handyman;Brush House Painting and Flooring Services of North Jersey"
"morris","florham-park","drywall","4","4","0","0","Kevin: confirm scope, territory, capacity, credentials and recipient","Griffith Handyman;Sentinel Handyman LLC;Silver Hammer Handyman;Brush House Painting and Flooring Services of North Jersey"
"morris","florham-park","tile","3","3","0","0","Kevin: confirm scope, territory, capacity, credentials and recipient","Griffith Handyman;Silver Hammer Handyman;Brush House Painting and Flooring Services of North Jersey"
"morris","florham-park","plumbing","3","3","0","0","Kevin: confirm scope, territory, capacity, credentials and recipient","All County Plumbing and Heating;Daibes Plumbing and Heating;All A's Plumbing and Heating"
"morris","florham-park","electrical","2","2","0","0","Kevin: confirm scope, territory, capacity, credentials and recipient","K2 Electric;HK Electrical Group"
"morris","madison","handyman","3","3","0","0","Kevin: confirm scope, territory, capacity, credentials and recipient","Griffith Handyman;Sentinel Handyman LLC;Silver Hammer Handyman"
"morris","madison","masonry","3","3","0","0","Kevin: confirm scope, territory, capacity, credentials and recipient","Griffith Handyman;Jersey Complete Construction;A&E Exteriors LLC"
"morris","madison","landscaping","3","3","0","0","Kevin: confirm scope, territory, capacity, credentials and recipient","Hubinger Landscaping;Finishing Touch Landscape Construction;Custom Clippings"
"morris","madison","painting","4","4","0","0","Kevin: confirm scope, territory, capacity, credentials and recipient","Griffith Handyman;Sentinel Handyman LLC;Silver Hammer Handyman;Brush House Painting and Flooring Services of North Jersey"
"morris","madison","drywall","4","4","0","0","Kevin: confirm scope, territory, capacity, credentials and recipient","Griffith Handyman;Sentinel Handyman LLC;Silver Hammer Handyman;Brush House Painting and Flooring Services of North Jersey"
"morris","madison","tile","3","3","0","0","Kevin: confirm scope, territory, capacity, credentials and recipient","Griffith Handyman;Silver Hammer Handyman;Brush House Painting and Flooring Services of North Jersey"
"morris","madison","plumbing","3","3","0","0","Kevin: confirm scope, territory, capacity, credentials and recipient","All County Plumbing and Heating;Daibes Plumbing and Heating;All A's Plumbing and Heating"
"morris","madison","electrical","2","2","0","0","Kevin: confirm scope, territory, capacity, credentials and recipient","K2 Electric;HK Electrical Group"
"morris","morris-township","handyman","3","3","0","0","Kevin: confirm scope, territory, capacity, credentials and recipient","Griffith Handyman;Sentinel Handyman LLC;Silver Hammer Handyman"
"morris","morris-township","masonry","3","3","0","0","Kevin: confirm scope, territory, capacity, credentials and recipient","Griffith Handyman;Jersey Complete Construction;A&E Exteriors LLC"
"morris","morris-township","landscaping","3","3","0","0","Kevin: confirm scope, territory, capacity, credentials and recipient","Hubinger Landscaping;Finishing Touch Landscape Construction;Custom Clippings"
"morris","morris-township","painting","4","4","0","0","Kevin: confirm scope, territory, capacity, credentials and recipient","Griffith Handyman;Sentinel Handyman LLC;Silver Hammer Handyman;Brush House Painting and Flooring Services of North Jersey"
"morris","morris-township","drywall","4","4","0","0","Kevin: confirm scope, territory, capacity, credentials and recipient","Griffith Handyman;Sentinel Handyman LLC;Silver Hammer Handyman;Brush House Painting and Flooring Services of North Jersey"
"morris","morris-township","tile","3","3","0","0","Kevin: confirm scope, territory, capacity, credentials and recipient","Griffith Handyman;Silver Hammer Handyman;Brush House Painting and Flooring Services of North Jersey"
"morris","morris-township","plumbing","3","3","0","0","Kevin: confirm scope, territory, capacity, credentials and recipient","All County Plumbing and Heating;Daibes Plumbing and Heating;All A's Plumbing and Heating"
"morris","morris-township","electrical","2","2","0","0","Kevin: confirm scope, territory, capacity, credentials and recipient","K2 Electric;HK Electrical Group"
"morris","morristown","handyman","4","4","0","0","Kevin: confirm scope, territory, capacity, credentials and recipient","Griffith Handyman;Sentinel Handyman LLC;Silver Hammer Handyman;Tropic Pro Services"
"morris","morristown","masonry","3","3","0","0","Kevin: confirm scope, territory, capacity, credentials and recipient","Griffith Handyman;Jersey Complete Construction;A&E Exteriors LLC"
"morris","morristown","landscaping","3","3","0","0","Kevin: confirm scope, territory, capacity, credentials and recipient","Hubinger Landscaping;Finishing Touch Landscape Construction;Custom Clippings"
"morris","morristown","painting","5","5","0","0","Kevin: confirm scope, territory, capacity, credentials and recipient","Griffith Handyman;Sentinel Handyman LLC;Silver Hammer Handyman;Brush House Painting and Flooring Services of North Jersey;Tropic Pro Services"
"morris","morristown","drywall","4","4","0","0","Kevin: confirm scope, territory, capacity, credentials and recipient","Griffith Handyman;Sentinel Handyman LLC;Silver Hammer Handyman;Brush House Painting and Flooring Services of North Jersey"
"morris","morristown","tile","3","3","0","0","Kevin: confirm scope, territory, capacity, credentials and recipient","Griffith Handyman;Silver Hammer Handyman;Brush House Painting and Flooring Services of North Jersey"
"morris","morristown","plumbing","3","3","0","0","Kevin: confirm scope, territory, capacity, credentials and recipient","All County Plumbing and Heating;Daibes Plumbing and Heating;All A's Plumbing and Heating"
"morris","morristown","electrical","2","2","0","0","Kevin: confirm scope, territory, capacity, credentials and recipient","K2 Electric;HK Electrical Group"
"morris","east-hanover","handyman","3","3","0","0","Kevin: confirm scope, territory, capacity, credentials and recipient","Griffith Handyman;Sentinel Handyman LLC;Silver Hammer Handyman"
"morris","east-hanover","masonry","3","3","0","0","Kevin: confirm scope, territory, capacity, credentials and recipient","Griffith Handyman;Jersey Complete Construction;A&E Exteriors LLC"
"morris","east-hanover","landscaping","3","3","0","0","Kevin: confirm scope, territory, capacity, credentials and recipient","Hubinger Landscaping;Finishing Touch Landscape Construction;Custom Clippings"
"morris","east-hanover","painting","4","4","0","0","Kevin: confirm scope, territory, capacity, credentials and recipient","Griffith Handyman;Sentinel Handyman LLC;Silver Hammer Handyman;Brush House Painting and Flooring Services of North Jersey"
"morris","east-hanover","drywall","4","4","0","0","Kevin: confirm scope, territory, capacity, credentials and recipient","Griffith Handyman;Sentinel Handyman LLC;Silver Hammer Handyman;Brush House Painting and Flooring Services of North Jersey"
"morris","east-hanover","tile","3","3","0","0","Kevin: confirm scope, territory, capacity, credentials and recipient","Griffith Handyman;Silver Hammer Handyman;Brush House Painting and Flooring Services of North Jersey"
"morris","east-hanover","plumbing","3","3","0","0","Kevin: confirm scope, territory, capacity, credentials and recipient","All County Plumbing and Heating;Daibes Plumbing and Heating;All A's Plumbing and Heating"
"morris","east-hanover","electrical","2","2","0","0","Kevin: confirm scope, territory, capacity, credentials and recipient","K2 Electric;HK Electrical Group"
"essex","livingston","handyman","3","3","0","0","Kevin: confirm scope, territory, capacity, credentials and recipient","Griffith Handyman;Sentinel Handyman LLC;Tropic Pro Services"
"essex","livingston","masonry","3","3","0","0","Kevin: confirm scope, territory, capacity, credentials and recipient","Griffith Handyman;Jersey Complete Construction;A&E Exteriors LLC"
"essex","livingston","landscaping","3","3","0","0","Kevin: confirm scope, territory, capacity, credentials and recipient","Hubinger Landscaping;Finishing Touch Landscape Construction;Custom Clippings"
"essex","livingston","painting","4","4","0","0","Kevin: confirm scope, territory, capacity, credentials and recipient","Griffith Handyman;Sentinel Handyman LLC;Brush House Painting and Flooring Services of North Jersey;Tropic Pro Services"
"essex","livingston","drywall","3","3","0","0","Kevin: confirm scope, territory, capacity, credentials and recipient","Griffith Handyman;Sentinel Handyman LLC;Brush House Painting and Flooring Services of North Jersey"
"essex","livingston","tile","2","2","0","0","Kevin: confirm scope, territory, capacity, credentials and recipient","Griffith Handyman;Brush House Painting and Flooring Services of North Jersey"
"essex","livingston","plumbing","3","3","0","0","Kevin: confirm scope, territory, capacity, credentials and recipient","All County Plumbing and Heating;Daibes Plumbing and Heating;Clear Flow Plumbing Heating and HVAC"
"essex","livingston","electrical","2","2","0","0","Kevin: confirm scope, territory, capacity, credentials and recipient","K2 Electric;HK Electrical Group"
"union","summit","handyman","2","2","0","0","Kevin: confirm scope, territory, capacity, credentials and recipient","Griffith Handyman;Sentinel Handyman LLC"
"union","summit","masonry","3","3","0","0","Kevin: confirm scope, territory, capacity, credentials and recipient","Griffith Handyman;Jersey Complete Construction;A&E Exteriors LLC"
"union","summit","landscaping","2","2","0","0","Kevin: confirm scope, territory, capacity, credentials and recipient","Finishing Touch Landscape Construction;Custom Clippings"
"union","summit","painting","3","3","0","0","Kevin: confirm scope, territory, capacity, credentials and recipient","Griffith Handyman;Sentinel Handyman LLC;Brush House Painting and Flooring Services of North Jersey"
"union","summit","drywall","3","3","0","0","Kevin: confirm scope, territory, capacity, credentials and recipient","Griffith Handyman;Sentinel Handyman LLC;Brush House Painting and Flooring Services of North Jersey"
"union","summit","tile","2","2","0","0","Kevin: confirm scope, territory, capacity, credentials and recipient","Griffith Handyman;Brush House Painting and Flooring Services of North Jersey"
"union","summit","plumbing","3","3","0","0","Kevin: confirm scope, territory, capacity, credentials and recipient","All County Plumbing and Heating;Daibes Plumbing and Heating;Clear Flow Plumbing Heating and HVAC"
"union","summit","electrical","2","2","0","0","Kevin: confirm scope, territory, capacity, credentials and recipient","K2 Electric;HK Electrical Group"
"morris","hanover-township","handyman","3","3","0","0","Kevin: confirm scope, territory, capacity, credentials and recipient","Griffith Handyman;Sentinel Handyman LLC;Silver Hammer Handyman"
"morris","hanover-township","masonry","3","3","0","0","Kevin: confirm scope, territory, capacity, credentials and recipient","Griffith Handyman;Jersey Complete Construction;A&E Exteriors LLC"
"morris","hanover-township","landscaping","3","3","0","0","Kevin: confirm scope, territory, capacity, credentials and recipient","Hubinger Landscaping;Finishing Touch Landscape Construction;Custom Clippings"
"morris","hanover-township","painting","4","4","0","0","Kevin: confirm scope, territory, capacity, credentials and recipient","Griffith Handyman;Sentinel Handyman LLC;Silver Hammer Handyman;Brush House Painting and Flooring Services of North Jersey"
"morris","hanover-township","drywall","4","4","0","0","Kevin: confirm scope, territory, capacity, credentials and recipient","Griffith Handyman;Sentinel Handyman LLC;Silver Hammer Handyman;Brush House Painting and Flooring Services of North Jersey"
"morris","hanover-township","tile","3","3","0","0","Kevin: confirm scope, territory, capacity, credentials and recipient","Griffith Handyman;Silver Hammer Handyman;Brush House Painting and Flooring Services of North Jersey"
"morris","hanover-township","plumbing","3","3","0","0","Kevin: confirm scope, territory, capacity, credentials and recipient","All County Plumbing and Heating;Daibes Plumbing and Heating;All A's Plumbing and Heating"
"morris","hanover-township","electrical","2","2","0","0","Kevin: confirm scope, territory, capacity, credentials and recipient","K2 Electric;HK Electrical Group"
"bergen","allendale","handyman","4","4","0","0","Kevin: confirm scope, territory, capacity, credentials and recipient","Griffith Handyman;Sentinel Handyman LLC;Neighbor First Home Services;M & S Premier Home Services"
"bergen","allendale","masonry","3","3","0","0","Kevin: confirm scope, territory, capacity, credentials and recipient","Griffith Handyman;Jersey Complete Construction;A&E Exteriors LLC"
"bergen","allendale","landscaping","2","2","0","0","Kevin: confirm scope, territory, capacity, credentials and recipient","Hubinger Landscaping;Finishing Touch Landscape Construction"
"bergen","allendale","painting","3","3","0","0","Kevin: confirm scope, territory, capacity, credentials and recipient","Griffith Handyman;Sentinel Handyman LLC;Brush House Painting and Flooring Services of North Jersey"
"bergen","allendale","drywall","3","3","0","0","Kevin: confirm scope, territory, capacity, credentials and recipient","Griffith Handyman;Sentinel Handyman LLC;Brush House Painting and Flooring Services of North Jersey"
"bergen","allendale","tile","2","2","0","0","Kevin: confirm scope, territory, capacity, credentials and recipient","Griffith Handyman;Brush House Painting and Flooring Services of North Jersey"
"bergen","allendale","plumbing","4","4","0","0","Kevin: confirm scope, territory, capacity, credentials and recipient","All County Plumbing and Heating;Daibes Plumbing and Heating;All A's Plumbing and Heating;Clear Flow Plumbing Heating and HVAC"
"bergen","allendale","electrical","2","2","0","0","Kevin: confirm scope, territory, capacity, credentials and recipient","K2 Electric;HK Electrical Group"
"bergen","alpine","handyman","3","3","0","0","Kevin: confirm scope, territory, capacity, credentials and recipient","Griffith Handyman;Sentinel Handyman LLC;Neighbor First Home Services"
"bergen","alpine","masonry","3","3","0","0","Kevin: confirm scope, territory, capacity, credentials and recipient","Griffith Handyman;Jersey Complete Construction;A&E Exteriors LLC"
"bergen","alpine","landscaping","2","2","0","0","Kevin: confirm scope, territory, capacity, credentials and recipient","Hubinger Landscaping;Finishing Touch Landscape Construction"
"bergen","alpine","painting","3","3","0","0","Kevin: confirm scope, territory, capacity, credentials and recipient","Griffith Handyman;Sentinel Handyman LLC;Brush House Painting and Flooring Services of North Jersey"
"bergen","alpine","drywall","3","3","0","0","Kevin: confirm scope, territory, capacity, credentials and recipient","Griffith Handyman;Sentinel Handyman LLC;Brush House Painting and Flooring Services of North Jersey"
"bergen","alpine","tile","2","2","0","0","Kevin: confirm scope, territory, capacity, credentials and recipient","Griffith Handyman;Brush House Painting and Flooring Services of North Jersey"
"bergen","alpine","plumbing","4","4","0","0","Kevin: confirm scope, territory, capacity, credentials and recipient","All County Plumbing and Heating;Daibes Plumbing and Heating;All A's Plumbing and Heating;Clear Flow Plumbing Heating and HVAC"
"bergen","alpine","electrical","2","2","0","0","Kevin: confirm scope, territory, capacity, credentials and recipient","K2 Electric;HK Electrical Group"
"bergen","bergenfield","handyman","3","3","0","0","Kevin: confirm scope, territory, capacity, credentials and recipient","Griffith Handyman;Sentinel Handyman LLC;Neighbor First Home Services"
"bergen","bergenfield","masonry","3","3","0","0","Kevin: confirm scope, territory, capacity, credentials and recipient","Griffith Handyman;Jersey Complete Construction;A&E Exteriors LLC"
"bergen","bergenfield","landscaping","2","2","0","0","Kevin: confirm scope, territory, capacity, credentials and recipient","Hubinger Landscaping;Finishing Touch Landscape Construction"
"bergen","bergenfield","painting","3","3","0","0","Kevin: confirm scope, territory, capacity, credentials and recipient","Griffith Handyman;Sentinel Handyman LLC;Brush House Painting and Flooring Services of North Jersey"
"bergen","bergenfield","drywall","3","3","0","0","Kevin: confirm scope, territory, capacity, credentials and recipient","Griffith Handyman;Sentinel Handyman LLC;Brush House Painting and Flooring Services of North Jersey"
"bergen","bergenfield","tile","2","2","0","0","Kevin: confirm scope, territory, capacity, credentials and recipient","Griffith Handyman;Brush House Painting and Flooring Services of North Jersey"
"bergen","bergenfield","plumbing","4","4","0","0","Kevin: confirm scope, territory, capacity, credentials and recipient","All County Plumbing and Heating;Daibes Plumbing and Heating;All A's Plumbing and Heating;Clear Flow Plumbing Heating and HVAC"
"bergen","bergenfield","electrical","2","2","0","0","Kevin: confirm scope, territory, capacity, credentials and recipient","K2 Electric;HK Electrical Group"
"bergen","bogota","handyman","3","3","0","0","Kevin: confirm scope, territory, capacity, credentials and recipient","Griffith Handyman;Sentinel Handyman LLC;Neighbor First Home Services"
"bergen","bogota","masonry","3","3","0","0","Kevin: confirm scope, territory, capacity, credentials and recipient","Griffith Handyman;Jersey Complete Construction;A&E Exteriors LLC"
"bergen","bogota","landscaping","2","2","0","0","Kevin: confirm scope, territory, capacity, credentials and recipient","Hubinger Landscaping;Finishing Touch Landscape Construction"
"bergen","bogota","painting","3","3","0","0","Kevin: confirm scope, territory, capacity, credentials and recipient","Griffith Handyman;Sentinel Handyman LLC;Brush House Painting and Flooring Services of North Jersey"
"bergen","bogota","drywall","3","3","0","0","Kevin: confirm scope, territory, capacity, credentials and recipient","Griffith Handyman;Sentinel Handyman LLC;Brush House Painting and Flooring Services of North Jersey"
"bergen","bogota","tile","2","2","0","0","Kevin: confirm scope, territory, capacity, credentials and recipient","Griffith Handyman;Brush House Painting and Flooring Services of North Jersey"
"bergen","bogota","plumbing","4","4","0","0","Kevin: confirm scope, territory, capacity, credentials and recipient","All County Plumbing and Heating;Daibes Plumbing and Heating;All A's Plumbing and Heating;Clear Flow Plumbing Heating and HVAC"
"bergen","bogota","electrical","2","2","0","0","Kevin: confirm scope, territory, capacity, credentials and recipient","K2 Electric;HK Electrical Group"
"bergen","carlstadt","handyman","3","3","0","0","Kevin: confirm scope, territory, capacity, credentials and recipient","Griffith Handyman;Sentinel Handyman LLC;Neighbor First Home Services"
"bergen","carlstadt","masonry","3","3","0","0","Kevin: confirm scope, territory, capacity, credentials and recipient","Griffith Handyman;Jersey Complete Construction;A&E Exteriors LLC"
"bergen","carlstadt","landscaping","2","2","0","0","Kevin: confirm scope, territory, capacity, credentials and recipient","Hubinger Landscaping;Finishing Touch Landscape Construction"
"bergen","carlstadt","painting","3","3","0","0","Kevin: confirm scope, territory, capacity, credentials and recipient","Griffith Handyman;Sentinel Handyman LLC;Brush House Painting and Flooring Services of North Jersey"
"bergen","carlstadt","drywall","3","3","0","0","Kevin: confirm scope, territory, capacity, credentials and recipient","Griffith Handyman;Sentinel Handyman LLC;Brush House Painting and Flooring Services of North Jersey"
"bergen","carlstadt","tile","2","2","0","0","Kevin: confirm scope, territory, capacity, credentials and recipient","Griffith Handyman;Brush House Painting and Flooring Services of North Jersey"
"bergen","carlstadt","plumbing","4","4","0","0","Kevin: confirm scope, territory, capacity, credentials and recipient","All County Plumbing and Heating;Daibes Plumbing and Heating;All A's Plumbing and Heating;Clear Flow Plumbing Heating and HVAC"
"bergen","carlstadt","electrical","2","2","0","0","Kevin: confirm scope, territory, capacity, credentials and recipient","K2 Electric;HK Electrical Group"
"bergen","cliffside-park","handyman","3","3","0","0","Kevin: confirm scope, territory, capacity, credentials and recipient","Griffith Handyman;Sentinel Handyman LLC;Neighbor First Home Services"
"bergen","cliffside-park","masonry","3","3","0","0","Kevin: confirm scope, territory, capacity, credentials and recipient","Griffith Handyman;Jersey Complete Construction;A&E Exteriors LLC"
"bergen","cliffside-park","landscaping","2","2","0","0","Kevin: confirm scope, territory, capacity, credentials and recipient","Hubinger Landscaping;Finishing Touch Landscape Construction"
"bergen","cliffside-park","painting","3","3","0","0","Kevin: confirm scope, territory, capacity, credentials and recipient","Griffith Handyman;Sentinel Handyman LLC;Brush House Painting and Flooring Services of North Jersey"
"bergen","cliffside-park","drywall","3","3","0","0","Kevin: confirm scope, territory, capacity, credentials and recipient","Griffith Handyman;Sentinel Handyman LLC;Brush House Painting and Flooring Services of North Jersey"
"bergen","cliffside-park","tile","2","2","0","0","Kevin: confirm scope, territory, capacity, credentials and recipient","Griffith Handyman;Brush House Painting and Flooring Services of North Jersey"
"bergen","cliffside-park","plumbing","4","4","0","0","Kevin: confirm scope, territory, capacity, credentials and recipient","All County Plumbing and Heating;Daibes Plumbing and Heating;All A's Plumbing and Heating;Clear Flow Plumbing Heating and HVAC"
"bergen","cliffside-park","electrical","2","2","0","0","Kevin: confirm scope, territory, capacity, credentials and recipient","K2 Electric;HK Electrical Group"
"bergen","closter","handyman","3","3","0","0","Kevin: confirm scope, territory, capacity, credentials and recipient","Griffith Handyman;Sentinel Handyman LLC;Neighbor First Home Services"
"bergen","closter","masonry","3","3","0","0","Kevin: confirm scope, territory, capacity, credentials and recipient","Griffith Handyman;Jersey Complete Construction;A&E Exteriors LLC"
"bergen","closter","landscaping","2","2","0","0","Kevin: confirm scope, territory, capacity, credentials and recipient","Hubinger Landscaping;Finishing Touch Landscape Construction"
"bergen","closter","painting","3","3","0","0","Kevin: confirm scope, territory, capacity, credentials and recipient","Griffith Handyman;Sentinel Handyman LLC;Brush House Painting and Flooring Services of North Jersey"
"bergen","closter","drywall","3","3","0","0","Kevin: confirm scope, territory, capacity, credentials and recipient","Griffith Handyman;Sentinel Handyman LLC;Brush House Painting and Flooring Services of North Jersey"
"bergen","closter","tile","2","2","0","0","Kevin: confirm scope, territory, capacity, credentials and recipient","Griffith Handyman;Brush House Painting and Flooring Services of North Jersey"
"bergen","closter","plumbing","4","4","0","0","Kevin: confirm scope, territory, capacity, credentials and recipient","All County Plumbing and Heating;Daibes Plumbing and Heating;All A's Plumbing and Heating;Clear Flow Plumbing Heating and HVAC"
"bergen","closter","electrical","2","2","0","0","Kevin: confirm scope, territory, capacity, credentials and recipient","K2 Electric;HK Electrical Group"
"bergen","cresskill","handyman","3","3","0","0","Kevin: confirm scope, territory, capacity, credentials and recipient","Griffith Handyman;Sentinel Handyman LLC;Neighbor First Home Services"
"bergen","cresskill","masonry","3","3","0","0","Kevin: confirm scope, territory, capacity, credentials and recipient","Griffith Handyman;Jersey Complete Construction;A&E Exteriors LLC"
"bergen","cresskill","landscaping","2","2","0","0","Kevin: confirm scope, territory, capacity, credentials and recipient","Hubinger Landscaping;Finishing Touch Landscape Construction"
"bergen","cresskill","painting","3","3","0","0","Kevin: confirm scope, territory, capacity, credentials and recipient","Griffith Handyman;Sentinel Handyman LLC;Brush House Painting and Flooring Services of North Jersey"
"bergen","cresskill","drywall","3","3","0","0","Kevin: confirm scope, territory, capacity, credentials and recipient","Griffith Handyman;Sentinel Handyman LLC;Brush House Painting and Flooring Services of North Jersey"
"bergen","cresskill","tile","2","2","0","0","Kevin: confirm scope, territory, capacity, credentials and recipient","Griffith Handyman;Brush House Painting and Flooring Services of North Jersey"
"bergen","cresskill","plumbing","4","4","0","0","Kevin: confirm scope, territory, capacity, credentials and recipient","All County Plumbing and Heating;Daibes Plumbing and Heating;All A's Plumbing and Heating;Clear Flow Plumbing Heating and HVAC"
"bergen","cresskill","electrical","2","2","0","0","Kevin: confirm scope, territory, capacity, credentials and recipient","K2 Electric;HK Electrical Group"
"bergen","demarest","handyman","3","3","0","0","Kevin: confirm scope, territory, capacity, credentials and recipient","Griffith Handyman;Sentinel Handyman LLC;Neighbor First Home Services"
"bergen","demarest","masonry","3","3","0","0","Kevin: confirm scope, territory, capacity, credentials and recipient","Griffith Handyman;Jersey Complete Construction;A&E Exteriors LLC"
"bergen","demarest","landscaping","2","2","0","0","Kevin: confirm scope, territory, capacity, credentials and recipient","Hubinger Landscaping;Finishing Touch Landscape Construction"
"bergen","demarest","painting","3","3","0","0","Kevin: confirm scope, territory, capacity, credentials and recipient","Griffith Handyman;Sentinel Handyman LLC;Brush House Painting and Flooring Services of North Jersey"
"bergen","demarest","drywall","3","3","0","0","Kevin: confirm scope, territory, capacity, credentials and recipient","Griffith Handyman;Sentinel Handyman LLC;Brush House Painting and Flooring Services of North Jersey"
"bergen","demarest","tile","2","2","0","0","Kevin: confirm scope, territory, capacity, credentials and recipient","Griffith Handyman;Brush House Painting and Flooring Services of North Jersey"
"bergen","demarest","plumbing","4","4","0","0","Kevin: confirm scope, territory, capacity, credentials and recipient","All County Plumbing and Heating;Daibes Plumbing and Heating;All A's Plumbing and Heating;Clear Flow Plumbing Heating and HVAC"
"bergen","demarest","electrical","2","2","0","0","Kevin: confirm scope, territory, capacity, credentials and recipient","K2 Electric;HK Electrical Group"
"bergen","dumont","handyman","3","3","0","0","Kevin: confirm scope, territory, capacity, credentials and recipient","Griffith Handyman;Sentinel Handyman LLC;Neighbor First Home Services"
"bergen","dumont","masonry","3","3","0","0","Kevin: confirm scope, territory, capacity, credentials and recipient","Griffith Handyman;Jersey Complete Construction;A&E Exteriors LLC"
"bergen","dumont","landscaping","2","2","0","0","Kevin: confirm scope, territory, capacity, credentials and recipient","Hubinger Landscaping;Finishing Touch Landscape Construction"
"bergen","dumont","painting","3","3","0","0","Kevin: confirm scope, territory, capacity, credentials and recipient","Griffith Handyman;Sentinel Handyman LLC;Brush House Painting and Flooring Services of North Jersey"
"bergen","dumont","drywall","3","3","0","0","Kevin: confirm scope, territory, capacity, credentials and recipient","Griffith Handyman;Sentinel Handyman LLC;Brush House Painting and Flooring Services of North Jersey"
"bergen","dumont","tile","2","2","0","0","Kevin: confirm scope, territory, capacity, credentials and recipient","Griffith Handyman;Brush House Painting and Flooring Services of North Jersey"
"bergen","dumont","plumbing","4","4","0","0","Kevin: confirm scope, territory, capacity, credentials and recipient","All County Plumbing and Heating;Daibes Plumbing and Heating;All A's Plumbing and Heating;Clear Flow Plumbing Heating and HVAC"
"bergen","dumont","electrical","2","2","0","0","Kevin: confirm scope, territory, capacity, credentials and recipient","K2 Electric;HK Electrical Group"
"bergen","east-rutherford","handyman","3","3","0","0","Kevin: confirm scope, territory, capacity, credentials and recipient","Griffith Handyman;Sentinel Handyman LLC;Neighbor First Home Services"
"bergen","east-rutherford","masonry","3","3","0","0","Kevin: confirm scope, territory, capacity, credentials and recipient","Griffith Handyman;Jersey Complete Construction;A&E Exteriors LLC"
"bergen","east-rutherford","landscaping","2","2","0","0","Kevin: confirm scope, territory, capacity, credentials and recipient","Hubinger Landscaping;Finishing Touch Landscape Construction"
"bergen","east-rutherford","painting","3","3","0","0","Kevin: confirm scope, territory, capacity, credentials and recipient","Griffith Handyman;Sentinel Handyman LLC;Brush House Painting and Flooring Services of North Jersey"
"bergen","east-rutherford","drywall","3","3","0","0","Kevin: confirm scope, territory, capacity, credentials and recipient","Griffith Handyman;Sentinel Handyman LLC;Brush House Painting and Flooring Services of North Jersey"
"bergen","east-rutherford","tile","2","2","0","0","Kevin: confirm scope, territory, capacity, credentials and recipient","Griffith Handyman;Brush House Painting and Flooring Services of North Jersey"
"bergen","east-rutherford","plumbing","4","4","0","0","Kevin: confirm scope, territory, capacity, credentials and recipient","All County Plumbing and Heating;Daibes Plumbing and Heating;All A's Plumbing and Heating;Clear Flow Plumbing Heating and HVAC"
"bergen","east-rutherford","electrical","2","2","0","0","Kevin: confirm scope, territory, capacity, credentials and recipient","K2 Electric;HK Electrical Group"
"bergen","edgewater","handyman","3","3","0","0","Kevin: confirm scope, territory, capacity, credentials and recipient","Griffith Handyman;Sentinel Handyman LLC;Neighbor First Home Services"
"bergen","edgewater","masonry","3","3","0","0","Kevin: confirm scope, territory, capacity, credentials and recipient","Griffith Handyman;Jersey Complete Construction;A&E Exteriors LLC"
"bergen","edgewater","landscaping","2","2","0","0","Kevin: confirm scope, territory, capacity, credentials and recipient","Hubinger Landscaping;Finishing Touch Landscape Construction"
"bergen","edgewater","painting","3","3","0","0","Kevin: confirm scope, territory, capacity, credentials and recipient","Griffith Handyman;Sentinel Handyman LLC;Brush House Painting and Flooring Services of North Jersey"
"bergen","edgewater","drywall","3","3","0","0","Kevin: confirm scope, territory, capacity, credentials and recipient","Griffith Handyman;Sentinel Handyman LLC;Brush House Painting and Flooring Services of North Jersey"
"bergen","edgewater","tile","2","2","0","0","Kevin: confirm scope, territory, capacity, credentials and recipient","Griffith Handyman;Brush House Painting and Flooring Services of North Jersey"
"bergen","edgewater","plumbing","4","4","0","0","Kevin: confirm scope, territory, capacity, credentials and recipient","All County Plumbing and Heating;Daibes Plumbing and Heating;All A's Plumbing and Heating;Clear Flow Plumbing Heating and HVAC"
"bergen","edgewater","electrical","2","2","0","0","Kevin: confirm scope, territory, capacity, credentials and recipient","K2 Electric;HK Electrical Group"
"bergen","elmwood-park","handyman","3","3","0","0","Kevin: confirm scope, territory, capacity, credentials and recipient","Griffith Handyman;Sentinel Handyman LLC;Neighbor First Home Services"
"bergen","elmwood-park","masonry","3","3","0","0","Kevin: confirm scope, territory, capacity, credentials and recipient","Griffith Handyman;Jersey Complete Construction;A&E Exteriors LLC"
"bergen","elmwood-park","landscaping","2","2","0","0","Kevin: confirm scope, territory, capacity, credentials and recipient","Hubinger Landscaping;Finishing Touch Landscape Construction"
"bergen","elmwood-park","painting","3","3","0","0","Kevin: confirm scope, territory, capacity, credentials and recipient","Griffith Handyman;Sentinel Handyman LLC;Brush House Painting and Flooring Services of North Jersey"
"bergen","elmwood-park","drywall","3","3","0","0","Kevin: confirm scope, territory, capacity, credentials and recipient","Griffith Handyman;Sentinel Handyman LLC;Brush House Painting and Flooring Services of North Jersey"
"bergen","elmwood-park","tile","2","2","0","0","Kevin: confirm scope, territory, capacity, credentials and recipient","Griffith Handyman;Brush House Painting and Flooring Services of North Jersey"
"bergen","elmwood-park","plumbing","4","4","0","0","Kevin: confirm scope, territory, capacity, credentials and recipient","All County Plumbing and Heating;Daibes Plumbing and Heating;All A's Plumbing and Heating;Clear Flow Plumbing Heating and HVAC"
"bergen","elmwood-park","electrical","2","2","0","0","Kevin: confirm scope, territory, capacity, credentials and recipient","K2 Electric;HK Electrical Group"
"bergen","emerson","handyman","3","3","0","0","Kevin: confirm scope, territory, capacity, credentials and recipient","Griffith Handyman;Sentinel Handyman LLC;Neighbor First Home Services"
"bergen","emerson","masonry","3","3","0","0","Kevin: confirm scope, territory, capacity, credentials and recipient","Griffith Handyman;Jersey Complete Construction;A&E Exteriors LLC"
"bergen","emerson","landscaping","2","2","0","0","Kevin: confirm scope, territory, capacity, credentials and recipient","Hubinger Landscaping;Finishing Touch Landscape Construction"
"bergen","emerson","painting","3","3","0","0","Kevin: confirm scope, territory, capacity, credentials and recipient","Griffith Handyman;Sentinel Handyman LLC;Brush House Painting and Flooring Services of North Jersey"
"bergen","emerson","drywall","3","3","0","0","Kevin: confirm scope, territory, capacity, credentials and recipient","Griffith Handyman;Sentinel Handyman LLC;Brush House Painting and Flooring Services of North Jersey"
"bergen","emerson","tile","2","2","0","0","Kevin: confirm scope, territory, capacity, credentials and recipient","Griffith Handyman;Brush House Painting and Flooring Services of North Jersey"
"bergen","emerson","plumbing","4","4","0","0","Kevin: confirm scope, territory, capacity, credentials and recipient","All County Plumbing and Heating;Daibes Plumbing and Heating;All A's Plumbing and Heating;Clear Flow Plumbing Heating and HVAC"
"bergen","emerson","electrical","2","2","0","0","Kevin: confirm scope, territory, capacity, credentials and recipient","K2 Electric;HK Electrical Group"
"bergen","englewood","handyman","3","3","0","0","Kevin: confirm scope, territory, capacity, credentials and recipient","Griffith Handyman;Sentinel Handyman LLC;Neighbor First Home Services"
"bergen","englewood","masonry","3","3","0","0","Kevin: confirm scope, territory, capacity, credentials and recipient","Griffith Handyman;Jersey Complete Construction;A&E Exteriors LLC"
"bergen","englewood","landscaping","2","2","0","0","Kevin: confirm scope, territory, capacity, credentials and recipient","Hubinger Landscaping;Finishing Touch Landscape Construction"
"bergen","englewood","painting","3","3","0","0","Kevin: confirm scope, territory, capacity, credentials and recipient","Griffith Handyman;Sentinel Handyman LLC;Brush House Painting and Flooring Services of North Jersey"
"bergen","englewood","drywall","3","3","0","0","Kevin: confirm scope, territory, capacity, credentials and recipient","Griffith Handyman;Sentinel Handyman LLC;Brush House Painting and Flooring Services of North Jersey"
"bergen","englewood","tile","2","2","0","0","Kevin: confirm scope, territory, capacity, credentials and recipient","Griffith Handyman;Brush House Painting and Flooring Services of North Jersey"
"bergen","englewood","plumbing","4","4","0","0","Kevin: confirm scope, territory, capacity, credentials and recipient","All County Plumbing and Heating;Daibes Plumbing and Heating;All A's Plumbing and Heating;Clear Flow Plumbing Heating and HVAC"
"bergen","englewood","electrical","2","2","0","0","Kevin: confirm scope, territory, capacity, credentials and recipient","K2 Electric;HK Electrical Group"
"bergen","englewood-cliffs","handyman","3","3","0","0","Kevin: confirm scope, territory, capacity, credentials and recipient","Griffith Handyman;Sentinel Handyman LLC;Neighbor First Home Services"
"bergen","englewood-cliffs","masonry","3","3","0","0","Kevin: confirm scope, territory, capacity, credentials and recipient","Griffith Handyman;Jersey Complete Construction;A&E Exteriors LLC"
"bergen","englewood-cliffs","landscaping","2","2","0","0","Kevin: confirm scope, territory, capacity, credentials and recipient","Hubinger Landscaping;Finishing Touch Landscape Construction"
"bergen","englewood-cliffs","painting","3","3","0","0","Kevin: confirm scope, territory, capacity, credentials and recipient","Griffith Handyman;Sentinel Handyman LLC;Brush House Painting and Flooring Services of North Jersey"
"bergen","englewood-cliffs","drywall","3","3","0","0","Kevin: confirm scope, territory, capacity, credentials and recipient","Griffith Handyman;Sentinel Handyman LLC;Brush House Painting and Flooring Services of North Jersey"
"bergen","englewood-cliffs","tile","2","2","0","0","Kevin: confirm scope, territory, capacity, credentials and recipient","Griffith Handyman;Brush House Painting and Flooring Services of North Jersey"
"bergen","englewood-cliffs","plumbing","4","4","0","0","Kevin: confirm scope, territory, capacity, credentials and recipient","All County Plumbing and Heating;Daibes Plumbing and Heating;All A's Plumbing and Heating;Clear Flow Plumbing Heating and HVAC"
"bergen","englewood-cliffs","electrical","2","2","0","0","Kevin: confirm scope, territory, capacity, credentials and recipient","K2 Electric;HK Electrical Group"
"bergen","fair-lawn","handyman","4","4","0","0","Kevin: confirm scope, territory, capacity, credentials and recipient","Griffith Handyman;Sentinel Handyman LLC;Neighbor First Home Services;M & S Premier Home Services"
"bergen","fair-lawn","masonry","3","3","0","0","Kevin: confirm scope, territory, capacity, credentials and recipient","Griffith Handyman;Jersey Complete Construction;A&E Exteriors LLC"
"bergen","fair-lawn","landscaping","2","2","0","0","Kevin: confirm scope, territory, capacity, credentials and recipient","Hubinger Landscaping;Finishing Touch Landscape Construction"
"bergen","fair-lawn","painting","3","3","0","0","Kevin: confirm scope, territory, capacity, credentials and recipient","Griffith Handyman;Sentinel Handyman LLC;Brush House Painting and Flooring Services of North Jersey"
"bergen","fair-lawn","drywall","3","3","0","0","Kevin: confirm scope, territory, capacity, credentials and recipient","Griffith Handyman;Sentinel Handyman LLC;Brush House Painting and Flooring Services of North Jersey"
"bergen","fair-lawn","tile","2","2","0","0","Kevin: confirm scope, territory, capacity, credentials and recipient","Griffith Handyman;Brush House Painting and Flooring Services of North Jersey"
"bergen","fair-lawn","plumbing","4","4","0","0","Kevin: confirm scope, territory, capacity, credentials and recipient","All County Plumbing and Heating;Daibes Plumbing and Heating;All A's Plumbing and Heating;Clear Flow Plumbing Heating and HVAC"
"bergen","fair-lawn","electrical","2","2","0","0","Kevin: confirm scope, territory, capacity, credentials and recipient","K2 Electric;HK Electrical Group"
"bergen","fairview","handyman","3","3","0","0","Kevin: confirm scope, territory, capacity, credentials and recipient","Griffith Handyman;Sentinel Handyman LLC;Neighbor First Home Services"
"bergen","fairview","masonry","3","3","0","0","Kevin: confirm scope, territory, capacity, credentials and recipient","Griffith Handyman;Jersey Complete Construction;A&E Exteriors LLC"
"bergen","fairview","landscaping","2","2","0","0","Kevin: confirm scope, territory, capacity, credentials and recipient","Hubinger Landscaping;Finishing Touch Landscape Construction"
"bergen","fairview","painting","3","3","0","0","Kevin: confirm scope, territory, capacity, credentials and recipient","Griffith Handyman;Sentinel Handyman LLC;Brush House Painting and Flooring Services of North Jersey"
"bergen","fairview","drywall","3","3","0","0","Kevin: confirm scope, territory, capacity, credentials and recipient","Griffith Handyman;Sentinel Handyman LLC;Brush House Painting and Flooring Services of North Jersey"
"bergen","fairview","tile","2","2","0","0","Kevin: confirm scope, territory, capacity, credentials and recipient","Griffith Handyman;Brush House Painting and Flooring Services of North Jersey"
"bergen","fairview","plumbing","4","4","0","0","Kevin: confirm scope, territory, capacity, credentials and recipient","All County Plumbing and Heating;Daibes Plumbing and Heating;All A's Plumbing and Heating;Clear Flow Plumbing Heating and HVAC"
"bergen","fairview","electrical","2","2","0","0","Kevin: confirm scope, territory, capacity, credentials and recipient","K2 Electric;HK Electrical Group"
"bergen","fort-lee","handyman","4","4","0","0","Kevin: confirm scope, territory, capacity, credentials and recipient","Griffith Handyman;Sentinel Handyman LLC;Neighbor First Home Services;Tropic Pro Services"
"bergen","fort-lee","masonry","3","3","0","0","Kevin: confirm scope, territory, capacity, credentials and recipient","Griffith Handyman;Jersey Complete Construction;A&E Exteriors LLC"
"bergen","fort-lee","landscaping","2","2","0","0","Kevin: confirm scope, territory, capacity, credentials and recipient","Hubinger Landscaping;Finishing Touch Landscape Construction"
"bergen","fort-lee","painting","4","4","0","0","Kevin: confirm scope, territory, capacity, credentials and recipient","Griffith Handyman;Sentinel Handyman LLC;Brush House Painting and Flooring Services of North Jersey;Tropic Pro Services"
"bergen","fort-lee","drywall","3","3","0","0","Kevin: confirm scope, territory, capacity, credentials and recipient","Griffith Handyman;Sentinel Handyman LLC;Brush House Painting and Flooring Services of North Jersey"
"bergen","fort-lee","tile","2","2","0","0","Kevin: confirm scope, territory, capacity, credentials and recipient","Griffith Handyman;Brush House Painting and Flooring Services of North Jersey"
"bergen","fort-lee","plumbing","4","4","0","0","Kevin: confirm scope, territory, capacity, credentials and recipient","All County Plumbing and Heating;Daibes Plumbing and Heating;All A's Plumbing and Heating;Clear Flow Plumbing Heating and HVAC"
"bergen","fort-lee","electrical","2","2","0","0","Kevin: confirm scope, territory, capacity, credentials and recipient","K2 Electric;HK Electrical Group"
"bergen","franklin-lakes","handyman","5","5","0","0","Kevin: confirm scope, territory, capacity, credentials and recipient","Griffith Handyman;Sentinel Handyman LLC;Neighbor First Home Services;M & S Premier Home Services;Tropic Pro Services"
"bergen","franklin-lakes","masonry","3","3","0","0","Kevin: confirm scope, territory, capacity, credentials and recipient","Griffith Handyman;Jersey Complete Construction;A&E Exteriors LLC"
"bergen","franklin-lakes","landscaping","2","2","0","0","Kevin: confirm scope, territory, capacity, credentials and recipient","Hubinger Landscaping;Finishing Touch Landscape Construction"
"bergen","franklin-lakes","painting","4","4","0","0","Kevin: confirm scope, territory, capacity, credentials and recipient","Griffith Handyman;Sentinel Handyman LLC;Brush House Painting and Flooring Services of North Jersey;Tropic Pro Services"
"bergen","franklin-lakes","drywall","3","3","0","0","Kevin: confirm scope, territory, capacity, credentials and recipient","Griffith Handyman;Sentinel Handyman LLC;Brush House Painting and Flooring Services of North Jersey"
"bergen","franklin-lakes","tile","2","2","0","0","Kevin: confirm scope, territory, capacity, credentials and recipient","Griffith Handyman;Brush House Painting and Flooring Services of North Jersey"
"bergen","franklin-lakes","plumbing","4","4","0","0","Kevin: confirm scope, territory, capacity, credentials and recipient","All County Plumbing and Heating;Daibes Plumbing and Heating;All A's Plumbing and Heating;Clear Flow Plumbing Heating and HVAC"
"bergen","franklin-lakes","electrical","2","2","0","0","Kevin: confirm scope, territory, capacity, credentials and recipient","K2 Electric;HK Electrical Group"
"bergen","garfield","handyman","3","3","0","0","Kevin: confirm scope, territory, capacity, credentials and recipient","Griffith Handyman;Sentinel Handyman LLC;Neighbor First Home Services"
"bergen","garfield","masonry","3","3","0","0","Kevin: confirm scope, territory, capacity, credentials and recipient","Griffith Handyman;Jersey Complete Construction;A&E Exteriors LLC"
"bergen","garfield","landscaping","2","2","0","0","Kevin: confirm scope, territory, capacity, credentials and recipient","Hubinger Landscaping;Finishing Touch Landscape Construction"
"bergen","garfield","painting","3","3","0","0","Kevin: confirm scope, territory, capacity, credentials and recipient","Griffith Handyman;Sentinel Handyman LLC;Brush House Painting and Flooring Services of North Jersey"
"bergen","garfield","drywall","3","3","0","0","Kevin: confirm scope, territory, capacity, credentials and recipient","Griffith Handyman;Sentinel Handyman LLC;Brush House Painting and Flooring Services of North Jersey"
"bergen","garfield","tile","2","2","0","0","Kevin: confirm scope, territory, capacity, credentials and recipient","Griffith Handyman;Brush House Painting and Flooring Services of North Jersey"
"bergen","garfield","plumbing","4","4","0","0","Kevin: confirm scope, territory, capacity, credentials and recipient","All County Plumbing and Heating;Daibes Plumbing and Heating;All A's Plumbing and Heating;Clear Flow Plumbing Heating and HVAC"
"bergen","garfield","electrical","2","2","0","0","Kevin: confirm scope, territory, capacity, credentials and recipient","K2 Electric;HK Electrical Group"
"bergen","glen-rock","handyman","4","4","0","0","Kevin: confirm scope, territory, capacity, credentials and recipient","Griffith Handyman;Sentinel Handyman LLC;Neighbor First Home Services;M & S Premier Home Services"
"bergen","glen-rock","masonry","3","3","0","0","Kevin: confirm scope, territory, capacity, credentials and recipient","Griffith Handyman;Jersey Complete Construction;A&E Exteriors LLC"
"bergen","glen-rock","landscaping","2","2","0","0","Kevin: confirm scope, territory, capacity, credentials and recipient","Hubinger Landscaping;Finishing Touch Landscape Construction"
"bergen","glen-rock","painting","3","3","0","0","Kevin: confirm scope, territory, capacity, credentials and recipient","Griffith Handyman;Sentinel Handyman LLC;Brush House Painting and Flooring Services of North Jersey"
"bergen","glen-rock","drywall","3","3","0","0","Kevin: confirm scope, territory, capacity, credentials and recipient","Griffith Handyman;Sentinel Handyman LLC;Brush House Painting and Flooring Services of North Jersey"
"bergen","glen-rock","tile","2","2","0","0","Kevin: confirm scope, territory, capacity, credentials and recipient","Griffith Handyman;Brush House Painting and Flooring Services of North Jersey"
"bergen","glen-rock","plumbing","4","4","0","0","Kevin: confirm scope, territory, capacity, credentials and recipient","All County Plumbing and Heating;Daibes Plumbing and Heating;All A's Plumbing and Heating;Clear Flow Plumbing Heating and HVAC"
"bergen","glen-rock","electrical","2","2","0","0","Kevin: confirm scope, territory, capacity, credentials and recipient","K2 Electric;HK Electrical Group"
"bergen","hackensack","handyman","3","3","0","0","Kevin: confirm scope, territory, capacity, credentials and recipient","Griffith Handyman;Sentinel Handyman LLC;Neighbor First Home Services"
"bergen","hackensack","masonry","3","3","0","0","Kevin: confirm scope, territory, capacity, credentials and recipient","Griffith Handyman;Jersey Complete Construction;A&E Exteriors LLC"
"bergen","hackensack","landscaping","2","2","0","0","Kevin: confirm scope, territory, capacity, credentials and recipient","Hubinger Landscaping;Finishing Touch Landscape Construction"
"bergen","hackensack","painting","3","3","0","0","Kevin: confirm scope, territory, capacity, credentials and recipient","Griffith Handyman;Sentinel Handyman LLC;Brush House Painting and Flooring Services of North Jersey"
"bergen","hackensack","drywall","3","3","0","0","Kevin: confirm scope, territory, capacity, credentials and recipient","Griffith Handyman;Sentinel Handyman LLC;Brush House Painting and Flooring Services of North Jersey"
"bergen","hackensack","tile","2","2","0","0","Kevin: confirm scope, territory, capacity, credentials and recipient","Griffith Handyman;Brush House Painting and Flooring Services of North Jersey"
"bergen","hackensack","plumbing","4","4","0","0","Kevin: confirm scope, territory, capacity, credentials and recipient","All County Plumbing and Heating;Daibes Plumbing and Heating;All A's Plumbing and Heating;Clear Flow Plumbing Heating and HVAC"
"bergen","hackensack","electrical","2","2","0","0","Kevin: confirm scope, territory, capacity, credentials and recipient","K2 Electric;HK Electrical Group"
"bergen","harrington-park","handyman","3","3","0","0","Kevin: confirm scope, territory, capacity, credentials and recipient","Griffith Handyman;Sentinel Handyman LLC;Neighbor First Home Services"
"bergen","harrington-park","masonry","3","3","0","0","Kevin: confirm scope, territory, capacity, credentials and recipient","Griffith Handyman;Jersey Complete Construction;A&E Exteriors LLC"
"bergen","harrington-park","landscaping","2","2","0","0","Kevin: confirm scope, territory, capacity, credentials and recipient","Hubinger Landscaping;Finishing Touch Landscape Construction"
"bergen","harrington-park","painting","3","3","0","0","Kevin: confirm scope, territory, capacity, credentials and recipient","Griffith Handyman;Sentinel Handyman LLC;Brush House Painting and Flooring Services of North Jersey"
"bergen","harrington-park","drywall","3","3","0","0","Kevin: confirm scope, territory, capacity, credentials and recipient","Griffith Handyman;Sentinel Handyman LLC;Brush House Painting and Flooring Services of North Jersey"
"bergen","harrington-park","tile","2","2","0","0","Kevin: confirm scope, territory, capacity, credentials and recipient","Griffith Handyman;Brush House Painting and Flooring Services of North Jersey"
"bergen","harrington-park","plumbing","4","4","0","0","Kevin: confirm scope, territory, capacity, credentials and recipient","All County Plumbing and Heating;Daibes Plumbing and Heating;All A's Plumbing and Heating;Clear Flow Plumbing Heating and HVAC"
"bergen","harrington-park","electrical","2","2","0","0","Kevin: confirm scope, territory, capacity, credentials and recipient","K2 Electric;HK Electrical Group"
"bergen","hasbrouck-heights","handyman","3","3","0","0","Kevin: confirm scope, territory, capacity, credentials and recipient","Griffith Handyman;Sentinel Handyman LLC;Neighbor First Home Services"
"bergen","hasbrouck-heights","masonry","3","3","0","0","Kevin: confirm scope, territory, capacity, credentials and recipient","Griffith Handyman;Jersey Complete Construction;A&E Exteriors LLC"
"bergen","hasbrouck-heights","landscaping","2","2","0","0","Kevin: confirm scope, territory, capacity, credentials and recipient","Hubinger Landscaping;Finishing Touch Landscape Construction"
"bergen","hasbrouck-heights","painting","3","3","0","0","Kevin: confirm scope, territory, capacity, credentials and recipient","Griffith Handyman;Sentinel Handyman LLC;Brush House Painting and Flooring Services of North Jersey"
"bergen","hasbrouck-heights","drywall","3","3","0","0","Kevin: confirm scope, territory, capacity, credentials and recipient","Griffith Handyman;Sentinel Handyman LLC;Brush House Painting and Flooring Services of North Jersey"
"bergen","hasbrouck-heights","tile","2","2","0","0","Kevin: confirm scope, territory, capacity, credentials and recipient","Griffith Handyman;Brush House Painting and Flooring Services of North Jersey"
"bergen","hasbrouck-heights","plumbing","4","4","0","0","Kevin: confirm scope, territory, capacity, credentials and recipient","All County Plumbing and Heating;Daibes Plumbing and Heating;All A's Plumbing and Heating;Clear Flow Plumbing Heating and HVAC"
"bergen","hasbrouck-heights","electrical","2","2","0","0","Kevin: confirm scope, territory, capacity, credentials and recipient","K2 Electric;HK Electrical Group"
"bergen","haworth","handyman","3","3","0","0","Kevin: confirm scope, territory, capacity, credentials and recipient","Griffith Handyman;Sentinel Handyman LLC;Neighbor First Home Services"
"bergen","haworth","masonry","3","3","0","0","Kevin: confirm scope, territory, capacity, credentials and recipient","Griffith Handyman;Jersey Complete Construction;A&E Exteriors LLC"
"bergen","haworth","landscaping","2","2","0","0","Kevin: confirm scope, territory, capacity, credentials and recipient","Hubinger Landscaping;Finishing Touch Landscape Construction"
"bergen","haworth","painting","3","3","0","0","Kevin: confirm scope, territory, capacity, credentials and recipient","Griffith Handyman;Sentinel Handyman LLC;Brush House Painting and Flooring Services of North Jersey"
"bergen","haworth","drywall","3","3","0","0","Kevin: confirm scope, territory, capacity, credentials and recipient","Griffith Handyman;Sentinel Handyman LLC;Brush House Painting and Flooring Services of North Jersey"
"bergen","haworth","tile","2","2","0","0","Kevin: confirm scope, territory, capacity, credentials and recipient","Griffith Handyman;Brush House Painting and Flooring Services of North Jersey"
"bergen","haworth","plumbing","4","4","0","0","Kevin: confirm scope, territory, capacity, credentials and recipient","All County Plumbing and Heating;Daibes Plumbing and Heating;All A's Plumbing and Heating;Clear Flow Plumbing Heating and HVAC"
"bergen","haworth","electrical","2","2","0","0","Kevin: confirm scope, territory, capacity, credentials and recipient","K2 Electric;HK Electrical Group"
"bergen","hillsdale","handyman","3","3","0","0","Kevin: confirm scope, territory, capacity, credentials and recipient","Griffith Handyman;Sentinel Handyman LLC;Neighbor First Home Services"
"bergen","hillsdale","masonry","3","3","0","0","Kevin: confirm scope, territory, capacity, credentials and recipient","Griffith Handyman;Jersey Complete Construction;A&E Exteriors LLC"
"bergen","hillsdale","landscaping","2","2","0","0","Kevin: confirm scope, territory, capacity, credentials and recipient","Hubinger Landscaping;Finishing Touch Landscape Construction"
"bergen","hillsdale","painting","3","3","0","0","Kevin: confirm scope, territory, capacity, credentials and recipient","Griffith Handyman;Sentinel Handyman LLC;Brush House Painting and Flooring Services of North Jersey"
"bergen","hillsdale","drywall","3","3","0","0","Kevin: confirm scope, territory, capacity, credentials and recipient","Griffith Handyman;Sentinel Handyman LLC;Brush House Painting and Flooring Services of North Jersey"
"bergen","hillsdale","tile","2","2","0","0","Kevin: confirm scope, territory, capacity, credentials and recipient","Griffith Handyman;Brush House Painting and Flooring Services of North Jersey"
"bergen","hillsdale","plumbing","4","4","0","0","Kevin: confirm scope, territory, capacity, credentials and recipient","All County Plumbing and Heating;Daibes Plumbing and Heating;All A's Plumbing and Heating;Clear Flow Plumbing Heating and HVAC"
"bergen","hillsdale","electrical","2","2","0","0","Kevin: confirm scope, territory, capacity, credentials and recipient","K2 Electric;HK Electrical Group"
"bergen","ho-ho-kus","handyman","4","4","0","0","Kevin: confirm scope, territory, capacity, credentials and recipient","Griffith Handyman;Sentinel Handyman LLC;Neighbor First Home Services;M & S Premier Home Services"
"bergen","ho-ho-kus","masonry","3","3","0","0","Kevin: confirm scope, territory, capacity, credentials and recipient","Griffith Handyman;Jersey Complete Construction;A&E Exteriors LLC"
"bergen","ho-ho-kus","landscaping","2","2","0","0","Kevin: confirm scope, territory, capacity, credentials and recipient","Hubinger Landscaping;Finishing Touch Landscape Construction"
"bergen","ho-ho-kus","painting","3","3","0","0","Kevin: confirm scope, territory, capacity, credentials and recipient","Griffith Handyman;Sentinel Handyman LLC;Brush House Painting and Flooring Services of North Jersey"
"bergen","ho-ho-kus","drywall","3","3","0","0","Kevin: confirm scope, territory, capacity, credentials and recipient","Griffith Handyman;Sentinel Handyman LLC;Brush House Painting and Flooring Services of North Jersey"
"bergen","ho-ho-kus","tile","2","2","0","0","Kevin: confirm scope, territory, capacity, credentials and recipient","Griffith Handyman;Brush House Painting and Flooring Services of North Jersey"
"bergen","ho-ho-kus","plumbing","4","4","0","0","Kevin: confirm scope, territory, capacity, credentials and recipient","All County Plumbing and Heating;Daibes Plumbing and Heating;All A's Plumbing and Heating;Clear Flow Plumbing Heating and HVAC"
"bergen","ho-ho-kus","electrical","2","2","0","0","Kevin: confirm scope, territory, capacity, credentials and recipient","K2 Electric;HK Electrical Group"
"bergen","leonia","handyman","3","3","0","0","Kevin: confirm scope, territory, capacity, credentials and recipient","Griffith Handyman;Sentinel Handyman LLC;Neighbor First Home Services"
"bergen","leonia","masonry","3","3","0","0","Kevin: confirm scope, territory, capacity, credentials and recipient","Griffith Handyman;Jersey Complete Construction;A&E Exteriors LLC"
"bergen","leonia","landscaping","2","2","0","0","Kevin: confirm scope, territory, capacity, credentials and recipient","Hubinger Landscaping;Finishing Touch Landscape Construction"
"bergen","leonia","painting","3","3","0","0","Kevin: confirm scope, territory, capacity, credentials and recipient","Griffith Handyman;Sentinel Handyman LLC;Brush House Painting and Flooring Services of North Jersey"
"bergen","leonia","drywall","3","3","0","0","Kevin: confirm scope, territory, capacity, credentials and recipient","Griffith Handyman;Sentinel Handyman LLC;Brush House Painting and Flooring Services of North Jersey"
"bergen","leonia","tile","2","2","0","0","Kevin: confirm scope, territory, capacity, credentials and recipient","Griffith Handyman;Brush House Painting and Flooring Services of North Jersey"
"bergen","leonia","plumbing","4","4","0","0","Kevin: confirm scope, territory, capacity, credentials and recipient","All County Plumbing and Heating;Daibes Plumbing and Heating;All A's Plumbing and Heating;Clear Flow Plumbing Heating and HVAC"
"bergen","leonia","electrical","2","2","0","0","Kevin: confirm scope, territory, capacity, credentials and recipient","K2 Electric;HK Electrical Group"
"bergen","little-ferry","handyman","3","3","0","0","Kevin: confirm scope, territory, capacity, credentials and recipient","Griffith Handyman;Sentinel Handyman LLC;Neighbor First Home Services"
"bergen","little-ferry","masonry","3","3","0","0","Kevin: confirm scope, territory, capacity, credentials and recipient","Griffith Handyman;Jersey Complete Construction;A&E Exteriors LLC"
"bergen","little-ferry","landscaping","2","2","0","0","Kevin: confirm scope, territory, capacity, credentials and recipient","Hubinger Landscaping;Finishing Touch Landscape Construction"
"bergen","little-ferry","painting","3","3","0","0","Kevin: confirm scope, territory, capacity, credentials and recipient","Griffith Handyman;Sentinel Handyman LLC;Brush House Painting and Flooring Services of North Jersey"
"bergen","little-ferry","drywall","3","3","0","0","Kevin: confirm scope, territory, capacity, credentials and recipient","Griffith Handyman;Sentinel Handyman LLC;Brush House Painting and Flooring Services of North Jersey"
"bergen","little-ferry","tile","2","2","0","0","Kevin: confirm scope, territory, capacity, credentials and recipient","Griffith Handyman;Brush House Painting and Flooring Services of North Jersey"
"bergen","little-ferry","plumbing","4","4","0","0","Kevin: confirm scope, territory, capacity, credentials and recipient","All County Plumbing and Heating;Daibes Plumbing and Heating;All A's Plumbing and Heating;Clear Flow Plumbing Heating and HVAC"
"bergen","little-ferry","electrical","2","2","0","0","Kevin: confirm scope, territory, capacity, credentials and recipient","K2 Electric;HK Electrical Group"
"bergen","lodi","handyman","3","3","0","0","Kevin: confirm scope, territory, capacity, credentials and recipient","Griffith Handyman;Sentinel Handyman LLC;Neighbor First Home Services"
"bergen","lodi","masonry","3","3","0","0","Kevin: confirm scope, territory, capacity, credentials and recipient","Griffith Handyman;Jersey Complete Construction;A&E Exteriors LLC"
"bergen","lodi","landscaping","2","2","0","0","Kevin: confirm scope, territory, capacity, credentials and recipient","Hubinger Landscaping;Finishing Touch Landscape Construction"
"bergen","lodi","painting","3","3","0","0","Kevin: confirm scope, territory, capacity, credentials and recipient","Griffith Handyman;Sentinel Handyman LLC;Brush House Painting and Flooring Services of North Jersey"
"bergen","lodi","drywall","3","3","0","0","Kevin: confirm scope, territory, capacity, credentials and recipient","Griffith Handyman;Sentinel Handyman LLC;Brush House Painting and Flooring Services of North Jersey"
"bergen","lodi","tile","2","2","0","0","Kevin: confirm scope, territory, capacity, credentials and recipient","Griffith Handyman;Brush House Painting and Flooring Services of North Jersey"
"bergen","lodi","plumbing","4","4","0","0","Kevin: confirm scope, territory, capacity, credentials and recipient","All County Plumbing and Heating;Daibes Plumbing and Heating;All A's Plumbing and Heating;Clear Flow Plumbing Heating and HVAC"
"bergen","lodi","electrical","2","2","0","0","Kevin: confirm scope, territory, capacity, credentials and recipient","K2 Electric;HK Electrical Group"
"bergen","lyndhurst","handyman","3","3","0","0","Kevin: confirm scope, territory, capacity, credentials and recipient","Griffith Handyman;Sentinel Handyman LLC;Neighbor First Home Services"
"bergen","lyndhurst","masonry","3","3","0","0","Kevin: confirm scope, territory, capacity, credentials and recipient","Griffith Handyman;Jersey Complete Construction;A&E Exteriors LLC"
"bergen","lyndhurst","landscaping","2","2","0","0","Kevin: confirm scope, territory, capacity, credentials and recipient","Hubinger Landscaping;Finishing Touch Landscape Construction"
"bergen","lyndhurst","painting","3","3","0","0","Kevin: confirm scope, territory, capacity, credentials and recipient","Griffith Handyman;Sentinel Handyman LLC;Brush House Painting and Flooring Services of North Jersey"
"bergen","lyndhurst","drywall","3","3","0","0","Kevin: confirm scope, territory, capacity, credentials and recipient","Griffith Handyman;Sentinel Handyman LLC;Brush House Painting and Flooring Services of North Jersey"
"bergen","lyndhurst","tile","2","2","0","0","Kevin: confirm scope, territory, capacity, credentials and recipient","Griffith Handyman;Brush House Painting and Flooring Services of North Jersey"
"bergen","lyndhurst","plumbing","4","4","0","0","Kevin: confirm scope, territory, capacity, credentials and recipient","All County Plumbing and Heating;Daibes Plumbing and Heating;All A's Plumbing and Heating;Clear Flow Plumbing Heating and HVAC"
"bergen","lyndhurst","electrical","2","2","0","0","Kevin: confirm scope, territory, capacity, credentials and recipient","K2 Electric;HK Electrical Group"
"bergen","mahwah","handyman","4","4","0","0","Kevin: confirm scope, territory, capacity, credentials and recipient","Griffith Handyman;Sentinel Handyman LLC;Neighbor First Home Services;M & S Premier Home Services"
"bergen","mahwah","masonry","3","3","0","0","Kevin: confirm scope, territory, capacity, credentials and recipient","Griffith Handyman;Jersey Complete Construction;A&E Exteriors LLC"
"bergen","mahwah","landscaping","2","2","0","0","Kevin: confirm scope, territory, capacity, credentials and recipient","Hubinger Landscaping;Finishing Touch Landscape Construction"
"bergen","mahwah","painting","3","3","0","0","Kevin: confirm scope, territory, capacity, credentials and recipient","Griffith Handyman;Sentinel Handyman LLC;Brush House Painting and Flooring Services of North Jersey"
"bergen","mahwah","drywall","3","3","0","0","Kevin: confirm scope, territory, capacity, credentials and recipient","Griffith Handyman;Sentinel Handyman LLC;Brush House Painting and Flooring Services of North Jersey"
"bergen","mahwah","tile","2","2","0","0","Kevin: confirm scope, territory, capacity, credentials and recipient","Griffith Handyman;Brush House Painting and Flooring Services of North Jersey"
"bergen","mahwah","plumbing","4","4","0","0","Kevin: confirm scope, territory, capacity, credentials and recipient","All County Plumbing and Heating;Daibes Plumbing and Heating;All A's Plumbing and Heating;Clear Flow Plumbing Heating and HVAC"
"bergen","mahwah","electrical","2","2","0","0","Kevin: confirm scope, territory, capacity, credentials and recipient","K2 Electric;HK Electrical Group"
"bergen","maywood","handyman","3","3","0","0","Kevin: confirm scope, territory, capacity, credentials and recipient","Griffith Handyman;Sentinel Handyman LLC;Neighbor First Home Services"
"bergen","maywood","masonry","3","3","0","0","Kevin: confirm scope, territory, capacity, credentials and recipient","Griffith Handyman;Jersey Complete Construction;A&E Exteriors LLC"
"bergen","maywood","landscaping","2","2","0","0","Kevin: confirm scope, territory, capacity, credentials and recipient","Hubinger Landscaping;Finishing Touch Landscape Construction"
"bergen","maywood","painting","3","3","0","0","Kevin: confirm scope, territory, capacity, credentials and recipient","Griffith Handyman;Sentinel Handyman LLC;Brush House Painting and Flooring Services of North Jersey"
"bergen","maywood","drywall","3","3","0","0","Kevin: confirm scope, territory, capacity, credentials and recipient","Griffith Handyman;Sentinel Handyman LLC;Brush House Painting and Flooring Services of North Jersey"
"bergen","maywood","tile","2","2","0","0","Kevin: confirm scope, territory, capacity, credentials and recipient","Griffith Handyman;Brush House Painting and Flooring Services of North Jersey"
"bergen","maywood","plumbing","4","4","0","0","Kevin: confirm scope, territory, capacity, credentials and recipient","All County Plumbing and Heating;Daibes Plumbing and Heating;All A's Plumbing and Heating;Clear Flow Plumbing Heating and HVAC"
"bergen","maywood","electrical","2","2","0","0","Kevin: confirm scope, territory, capacity, credentials and recipient","K2 Electric;HK Electrical Group"
"bergen","midland-park","handyman","4","4","0","0","Kevin: confirm scope, territory, capacity, credentials and recipient","Griffith Handyman;Sentinel Handyman LLC;Neighbor First Home Services;M & S Premier Home Services"
"bergen","midland-park","masonry","3","3","0","0","Kevin: confirm scope, territory, capacity, credentials and recipient","Griffith Handyman;Jersey Complete Construction;A&E Exteriors LLC"
"bergen","midland-park","landscaping","2","2","0","0","Kevin: confirm scope, territory, capacity, credentials and recipient","Hubinger Landscaping;Finishing Touch Landscape Construction"
"bergen","midland-park","painting","3","3","0","0","Kevin: confirm scope, territory, capacity, credentials and recipient","Griffith Handyman;Sentinel Handyman LLC;Brush House Painting and Flooring Services of North Jersey"
"bergen","midland-park","drywall","3","3","0","0","Kevin: confirm scope, territory, capacity, credentials and recipient","Griffith Handyman;Sentinel Handyman LLC;Brush House Painting and Flooring Services of North Jersey"
"bergen","midland-park","tile","2","2","0","0","Kevin: confirm scope, territory, capacity, credentials and recipient","Griffith Handyman;Brush House Painting and Flooring Services of North Jersey"
"bergen","midland-park","plumbing","4","4","0","0","Kevin: confirm scope, territory, capacity, credentials and recipient","All County Plumbing and Heating;Daibes Plumbing and Heating;All A's Plumbing and Heating;Clear Flow Plumbing Heating and HVAC"
"bergen","midland-park","electrical","2","2","0","0","Kevin: confirm scope, territory, capacity, credentials and recipient","K2 Electric;HK Electrical Group"
"bergen","montvale","handyman","3","3","0","0","Kevin: confirm scope, territory, capacity, credentials and recipient","Griffith Handyman;Sentinel Handyman LLC;Neighbor First Home Services"
"bergen","montvale","masonry","3","3","0","0","Kevin: confirm scope, territory, capacity, credentials and recipient","Griffith Handyman;Jersey Complete Construction;A&E Exteriors LLC"
"bergen","montvale","landscaping","2","2","0","0","Kevin: confirm scope, territory, capacity, credentials and recipient","Hubinger Landscaping;Finishing Touch Landscape Construction"
"bergen","montvale","painting","3","3","0","0","Kevin: confirm scope, territory, capacity, credentials and recipient","Griffith Handyman;Sentinel Handyman LLC;Brush House Painting and Flooring Services of North Jersey"
"bergen","montvale","drywall","3","3","0","0","Kevin: confirm scope, territory, capacity, credentials and recipient","Griffith Handyman;Sentinel Handyman LLC;Brush House Painting and Flooring Services of North Jersey"
"bergen","montvale","tile","2","2","0","0","Kevin: confirm scope, territory, capacity, credentials and recipient","Griffith Handyman;Brush House Painting and Flooring Services of North Jersey"
"bergen","montvale","plumbing","4","4","0","0","Kevin: confirm scope, territory, capacity, credentials and recipient","All County Plumbing and Heating;Daibes Plumbing and Heating;All A's Plumbing and Heating;Clear Flow Plumbing Heating and HVAC"
"bergen","montvale","electrical","2","2","0","0","Kevin: confirm scope, territory, capacity, credentials and recipient","K2 Electric;HK Electrical Group"
"bergen","moonachie","handyman","3","3","0","0","Kevin: confirm scope, territory, capacity, credentials and recipient","Griffith Handyman;Sentinel Handyman LLC;Neighbor First Home Services"
"bergen","moonachie","masonry","3","3","0","0","Kevin: confirm scope, territory, capacity, credentials and recipient","Griffith Handyman;Jersey Complete Construction;A&E Exteriors LLC"
"bergen","moonachie","landscaping","2","2","0","0","Kevin: confirm scope, territory, capacity, credentials and recipient","Hubinger Landscaping;Finishing Touch Landscape Construction"
"bergen","moonachie","painting","3","3","0","0","Kevin: confirm scope, territory, capacity, credentials and recipient","Griffith Handyman;Sentinel Handyman LLC;Brush House Painting and Flooring Services of North Jersey"
"bergen","moonachie","drywall","3","3","0","0","Kevin: confirm scope, territory, capacity, credentials and recipient","Griffith Handyman;Sentinel Handyman LLC;Brush House Painting and Flooring Services of North Jersey"
"bergen","moonachie","tile","2","2","0","0","Kevin: confirm scope, territory, capacity, credentials and recipient","Griffith Handyman;Brush House Painting and Flooring Services of North Jersey"
"bergen","moonachie","plumbing","4","4","0","0","Kevin: confirm scope, territory, capacity, credentials and recipient","All County Plumbing and Heating;Daibes Plumbing and Heating;All A's Plumbing and Heating;Clear Flow Plumbing Heating and HVAC"
"bergen","moonachie","electrical","2","2","0","0","Kevin: confirm scope, territory, capacity, credentials and recipient","K2 Electric;HK Electrical Group"
"bergen","new-milford","handyman","3","3","0","0","Kevin: confirm scope, territory, capacity, credentials and recipient","Griffith Handyman;Sentinel Handyman LLC;Neighbor First Home Services"
"bergen","new-milford","masonry","3","3","0","0","Kevin: confirm scope, territory, capacity, credentials and recipient","Griffith Handyman;Jersey Complete Construction;A&E Exteriors LLC"
"bergen","new-milford","landscaping","2","2","0","0","Kevin: confirm scope, territory, capacity, credentials and recipient","Hubinger Landscaping;Finishing Touch Landscape Construction"
"bergen","new-milford","painting","3","3","0","0","Kevin: confirm scope, territory, capacity, credentials and recipient","Griffith Handyman;Sentinel Handyman LLC;Brush House Painting and Flooring Services of North Jersey"
"bergen","new-milford","drywall","3","3","0","0","Kevin: confirm scope, territory, capacity, credentials and recipient","Griffith Handyman;Sentinel Handyman LLC;Brush House Painting and Flooring Services of North Jersey"
"bergen","new-milford","tile","2","2","0","0","Kevin: confirm scope, territory, capacity, credentials and recipient","Griffith Handyman;Brush House Painting and Flooring Services of North Jersey"
"bergen","new-milford","plumbing","4","4","0","0","Kevin: confirm scope, territory, capacity, credentials and recipient","All County Plumbing and Heating;Daibes Plumbing and Heating;All A's Plumbing and Heating;Clear Flow Plumbing Heating and HVAC"
"bergen","new-milford","electrical","2","2","0","0","Kevin: confirm scope, territory, capacity, credentials and recipient","K2 Electric;HK Electrical Group"
"bergen","north-arlington","handyman","3","3","0","0","Kevin: confirm scope, territory, capacity, credentials and recipient","Griffith Handyman;Sentinel Handyman LLC;Neighbor First Home Services"
"bergen","north-arlington","masonry","3","3","0","0","Kevin: confirm scope, territory, capacity, credentials and recipient","Griffith Handyman;Jersey Complete Construction;A&E Exteriors LLC"
"bergen","north-arlington","landscaping","2","2","0","0","Kevin: confirm scope, territory, capacity, credentials and recipient","Hubinger Landscaping;Finishing Touch Landscape Construction"
"bergen","north-arlington","painting","3","3","0","0","Kevin: confirm scope, territory, capacity, credentials and recipient","Griffith Handyman;Sentinel Handyman LLC;Brush House Painting and Flooring Services of North Jersey"
"bergen","north-arlington","drywall","3","3","0","0","Kevin: confirm scope, territory, capacity, credentials and recipient","Griffith Handyman;Sentinel Handyman LLC;Brush House Painting and Flooring Services of North Jersey"
"bergen","north-arlington","tile","2","2","0","0","Kevin: confirm scope, territory, capacity, credentials and recipient","Griffith Handyman;Brush House Painting and Flooring Services of North Jersey"
"bergen","north-arlington","plumbing","4","4","0","0","Kevin: confirm scope, territory, capacity, credentials and recipient","All County Plumbing and Heating;Daibes Plumbing and Heating;All A's Plumbing and Heating;Clear Flow Plumbing Heating and HVAC"
"bergen","north-arlington","electrical","2","2","0","0","Kevin: confirm scope, territory, capacity, credentials and recipient","K2 Electric;HK Electrical Group"
"bergen","northvale","handyman","3","3","0","0","Kevin: confirm scope, territory, capacity, credentials and recipient","Griffith Handyman;Sentinel Handyman LLC;Neighbor First Home Services"
"bergen","northvale","masonry","3","3","0","0","Kevin: confirm scope, territory, capacity, credentials and recipient","Griffith Handyman;Jersey Complete Construction;A&E Exteriors LLC"
"bergen","northvale","landscaping","2","2","0","0","Kevin: confirm scope, territory, capacity, credentials and recipient","Hubinger Landscaping;Finishing Touch Landscape Construction"
"bergen","northvale","painting","3","3","0","0","Kevin: confirm scope, territory, capacity, credentials and recipient","Griffith Handyman;Sentinel Handyman LLC;Brush House Painting and Flooring Services of North Jersey"
"bergen","northvale","drywall","3","3","0","0","Kevin: confirm scope, territory, capacity, credentials and recipient","Griffith Handyman;Sentinel Handyman LLC;Brush House Painting and Flooring Services of North Jersey"
"bergen","northvale","tile","2","2","0","0","Kevin: confirm scope, territory, capacity, credentials and recipient","Griffith Handyman;Brush House Painting and Flooring Services of North Jersey"
"bergen","northvale","plumbing","4","4","0","0","Kevin: confirm scope, territory, capacity, credentials and recipient","All County Plumbing and Heating;Daibes Plumbing and Heating;All A's Plumbing and Heating;Clear Flow Plumbing Heating and HVAC"
"bergen","northvale","electrical","2","2","0","0","Kevin: confirm scope, territory, capacity, credentials and recipient","K2 Electric;HK Electrical Group"
"bergen","norwood","handyman","3","3","0","0","Kevin: confirm scope, territory, capacity, credentials and recipient","Griffith Handyman;Sentinel Handyman LLC;Neighbor First Home Services"
"bergen","norwood","masonry","3","3","0","0","Kevin: confirm scope, territory, capacity, credentials and recipient","Griffith Handyman;Jersey Complete Construction;A&E Exteriors LLC"
"bergen","norwood","landscaping","2","2","0","0","Kevin: confirm scope, territory, capacity, credentials and recipient","Hubinger Landscaping;Finishing Touch Landscape Construction"
"bergen","norwood","painting","3","3","0","0","Kevin: confirm scope, territory, capacity, credentials and recipient","Griffith Handyman;Sentinel Handyman LLC;Brush House Painting and Flooring Services of North Jersey"
"bergen","norwood","drywall","3","3","0","0","Kevin: confirm scope, territory, capacity, credentials and recipient","Griffith Handyman;Sentinel Handyman LLC;Brush House Painting and Flooring Services of North Jersey"
"bergen","norwood","tile","2","2","0","0","Kevin: confirm scope, territory, capacity, credentials and recipient","Griffith Handyman;Brush House Painting and Flooring Services of North Jersey"
"bergen","norwood","plumbing","4","4","0","0","Kevin: confirm scope, territory, capacity, credentials and recipient","All County Plumbing and Heating;Daibes Plumbing and Heating;All A's Plumbing and Heating;Clear Flow Plumbing Heating and HVAC"
"bergen","norwood","electrical","2","2","0","0","Kevin: confirm scope, territory, capacity, credentials and recipient","K2 Electric;HK Electrical Group"
"bergen","oakland","handyman","3","3","0","0","Kevin: confirm scope, territory, capacity, credentials and recipient","Griffith Handyman;Sentinel Handyman LLC;Neighbor First Home Services"
"bergen","oakland","masonry","3","3","0","0","Kevin: confirm scope, territory, capacity, credentials and recipient","Griffith Handyman;Jersey Complete Construction;A&E Exteriors LLC"
"bergen","oakland","landscaping","2","2","0","0","Kevin: confirm scope, territory, capacity, credentials and recipient","Hubinger Landscaping;Finishing Touch Landscape Construction"
"bergen","oakland","painting","3","3","0","0","Kevin: confirm scope, territory, capacity, credentials and recipient","Griffith Handyman;Sentinel Handyman LLC;Brush House Painting and Flooring Services of North Jersey"
"bergen","oakland","drywall","3","3","0","0","Kevin: confirm scope, territory, capacity, credentials and recipient","Griffith Handyman;Sentinel Handyman LLC;Brush House Painting and Flooring Services of North Jersey"
"bergen","oakland","tile","2","2","0","0","Kevin: confirm scope, territory, capacity, credentials and recipient","Griffith Handyman;Brush House Painting and Flooring Services of North Jersey"
"bergen","oakland","plumbing","4","4","0","0","Kevin: confirm scope, territory, capacity, credentials and recipient","All County Plumbing and Heating;Daibes Plumbing and Heating;All A's Plumbing and Heating;Clear Flow Plumbing Heating and HVAC"
"bergen","oakland","electrical","2","2","0","0","Kevin: confirm scope, territory, capacity, credentials and recipient","K2 Electric;HK Electrical Group"
"bergen","old-tappan","handyman","3","3","0","0","Kevin: confirm scope, territory, capacity, credentials and recipient","Griffith Handyman;Sentinel Handyman LLC;Neighbor First Home Services"
"bergen","old-tappan","masonry","3","3","0","0","Kevin: confirm scope, territory, capacity, credentials and recipient","Griffith Handyman;Jersey Complete Construction;A&E Exteriors LLC"
"bergen","old-tappan","landscaping","2","2","0","0","Kevin: confirm scope, territory, capacity, credentials and recipient","Hubinger Landscaping;Finishing Touch Landscape Construction"
"bergen","old-tappan","painting","3","3","0","0","Kevin: confirm scope, territory, capacity, credentials and recipient","Griffith Handyman;Sentinel Handyman LLC;Brush House Painting and Flooring Services of North Jersey"
"bergen","old-tappan","drywall","3","3","0","0","Kevin: confirm scope, territory, capacity, credentials and recipient","Griffith Handyman;Sentinel Handyman LLC;Brush House Painting and Flooring Services of North Jersey"
"bergen","old-tappan","tile","2","2","0","0","Kevin: confirm scope, territory, capacity, credentials and recipient","Griffith Handyman;Brush House Painting and Flooring Services of North Jersey"
"bergen","old-tappan","plumbing","4","4","0","0","Kevin: confirm scope, territory, capacity, credentials and recipient","All County Plumbing and Heating;Daibes Plumbing and Heating;All A's Plumbing and Heating;Clear Flow Plumbing Heating and HVAC"
"bergen","old-tappan","electrical","2","2","0","0","Kevin: confirm scope, territory, capacity, credentials and recipient","K2 Electric;HK Electrical Group"
"bergen","oradell","handyman","3","3","0","0","Kevin: confirm scope, territory, capacity, credentials and recipient","Griffith Handyman;Sentinel Handyman LLC;Neighbor First Home Services"
"bergen","oradell","masonry","3","3","0","0","Kevin: confirm scope, territory, capacity, credentials and recipient","Griffith Handyman;Jersey Complete Construction;A&E Exteriors LLC"
"bergen","oradell","landscaping","2","2","0","0","Kevin: confirm scope, territory, capacity, credentials and recipient","Hubinger Landscaping;Finishing Touch Landscape Construction"
"bergen","oradell","painting","3","3","0","0","Kevin: confirm scope, territory, capacity, credentials and recipient","Griffith Handyman;Sentinel Handyman LLC;Brush House Painting and Flooring Services of North Jersey"
"bergen","oradell","drywall","3","3","0","0","Kevin: confirm scope, territory, capacity, credentials and recipient","Griffith Handyman;Sentinel Handyman LLC;Brush House Painting and Flooring Services of North Jersey"
"bergen","oradell","tile","2","2","0","0","Kevin: confirm scope, territory, capacity, credentials and recipient","Griffith Handyman;Brush House Painting and Flooring Services of North Jersey"
"bergen","oradell","plumbing","4","4","0","0","Kevin: confirm scope, territory, capacity, credentials and recipient","All County Plumbing and Heating;Daibes Plumbing and Heating;All A's Plumbing and Heating;Clear Flow Plumbing Heating and HVAC"
"bergen","oradell","electrical","2","2","0","0","Kevin: confirm scope, territory, capacity, credentials and recipient","K2 Electric;HK Electrical Group"
"bergen","palisades-park","handyman","3","3","0","0","Kevin: confirm scope, territory, capacity, credentials and recipient","Griffith Handyman;Sentinel Handyman LLC;Neighbor First Home Services"
"bergen","palisades-park","masonry","3","3","0","0","Kevin: confirm scope, territory, capacity, credentials and recipient","Griffith Handyman;Jersey Complete Construction;A&E Exteriors LLC"
"bergen","palisades-park","landscaping","2","2","0","0","Kevin: confirm scope, territory, capacity, credentials and recipient","Hubinger Landscaping;Finishing Touch Landscape Construction"
"bergen","palisades-park","painting","3","3","0","0","Kevin: confirm scope, territory, capacity, credentials and recipient","Griffith Handyman;Sentinel Handyman LLC;Brush House Painting and Flooring Services of North Jersey"
"bergen","palisades-park","drywall","3","3","0","0","Kevin: confirm scope, territory, capacity, credentials and recipient","Griffith Handyman;Sentinel Handyman LLC;Brush House Painting and Flooring Services of North Jersey"
"bergen","palisades-park","tile","2","2","0","0","Kevin: confirm scope, territory, capacity, credentials and recipient","Griffith Handyman;Brush House Painting and Flooring Services of North Jersey"
"bergen","palisades-park","plumbing","4","4","0","0","Kevin: confirm scope, territory, capacity, credentials and recipient","All County Plumbing and Heating;Daibes Plumbing and Heating;All A's Plumbing and Heating;Clear Flow Plumbing Heating and HVAC"
"bergen","palisades-park","electrical","2","2","0","0","Kevin: confirm scope, territory, capacity, credentials and recipient","K2 Electric;HK Electrical Group"
"bergen","paramus","handyman","5","5","0","0","Kevin: confirm scope, territory, capacity, credentials and recipient","Griffith Handyman;Sentinel Handyman LLC;Neighbor First Home Services;M & S Premier Home Services;Tropic Pro Services"
"bergen","paramus","masonry","3","3","0","0","Kevin: confirm scope, territory, capacity, credentials and recipient","Griffith Handyman;Jersey Complete Construction;A&E Exteriors LLC"
"bergen","paramus","landscaping","2","2","0","0","Kevin: confirm scope, territory, capacity, credentials and recipient","Hubinger Landscaping;Finishing Touch Landscape Construction"
"bergen","paramus","painting","4","4","0","0","Kevin: confirm scope, territory, capacity, credentials and recipient","Griffith Handyman;Sentinel Handyman LLC;Brush House Painting and Flooring Services of North Jersey;Tropic Pro Services"
"bergen","paramus","drywall","3","3","0","0","Kevin: confirm scope, territory, capacity, credentials and recipient","Griffith Handyman;Sentinel Handyman LLC;Brush House Painting and Flooring Services of North Jersey"
"bergen","paramus","tile","2","2","0","0","Kevin: confirm scope, territory, capacity, credentials and recipient","Griffith Handyman;Brush House Painting and Flooring Services of North Jersey"
"bergen","paramus","plumbing","4","4","0","0","Kevin: confirm scope, territory, capacity, credentials and recipient","All County Plumbing and Heating;Daibes Plumbing and Heating;All A's Plumbing and Heating;Clear Flow Plumbing Heating and HVAC"
"bergen","paramus","electrical","2","2","0","0","Kevin: confirm scope, territory, capacity, credentials and recipient","K2 Electric;HK Electrical Group"
"bergen","park-ridge","handyman","4","4","0","0","Kevin: confirm scope, territory, capacity, credentials and recipient","Griffith Handyman;Sentinel Handyman LLC;Neighbor First Home Services;M & S Premier Home Services"
"bergen","park-ridge","masonry","3","3","0","0","Kevin: confirm scope, territory, capacity, credentials and recipient","Griffith Handyman;Jersey Complete Construction;A&E Exteriors LLC"
"bergen","park-ridge","landscaping","2","2","0","0","Kevin: confirm scope, territory, capacity, credentials and recipient","Hubinger Landscaping;Finishing Touch Landscape Construction"
"bergen","park-ridge","painting","3","3","0","0","Kevin: confirm scope, territory, capacity, credentials and recipient","Griffith Handyman;Sentinel Handyman LLC;Brush House Painting and Flooring Services of North Jersey"
"bergen","park-ridge","drywall","3","3","0","0","Kevin: confirm scope, territory, capacity, credentials and recipient","Griffith Handyman;Sentinel Handyman LLC;Brush House Painting and Flooring Services of North Jersey"
"bergen","park-ridge","tile","2","2","0","0","Kevin: confirm scope, territory, capacity, credentials and recipient","Griffith Handyman;Brush House Painting and Flooring Services of North Jersey"
"bergen","park-ridge","plumbing","4","4","0","0","Kevin: confirm scope, territory, capacity, credentials and recipient","All County Plumbing and Heating;Daibes Plumbing and Heating;All A's Plumbing and Heating;Clear Flow Plumbing Heating and HVAC"
"bergen","park-ridge","electrical","2","2","0","0","Kevin: confirm scope, territory, capacity, credentials and recipient","K2 Electric;HK Electrical Group"
"bergen","ramsey","handyman","5","5","0","0","Kevin: confirm scope, territory, capacity, credentials and recipient","Griffith Handyman;Sentinel Handyman LLC;Neighbor First Home Services;M & S Premier Home Services;Tropic Pro Services"
"bergen","ramsey","masonry","3","3","0","0","Kevin: confirm scope, territory, capacity, credentials and recipient","Griffith Handyman;Jersey Complete Construction;A&E Exteriors LLC"
"bergen","ramsey","landscaping","2","2","0","0","Kevin: confirm scope, territory, capacity, credentials and recipient","Hubinger Landscaping;Finishing Touch Landscape Construction"
"bergen","ramsey","painting","4","4","0","0","Kevin: confirm scope, territory, capacity, credentials and recipient","Griffith Handyman;Sentinel Handyman LLC;Brush House Painting and Flooring Services of North Jersey;Tropic Pro Services"
"bergen","ramsey","drywall","3","3","0","0","Kevin: confirm scope, territory, capacity, credentials and recipient","Griffith Handyman;Sentinel Handyman LLC;Brush House Painting and Flooring Services of North Jersey"
"bergen","ramsey","tile","2","2","0","0","Kevin: confirm scope, territory, capacity, credentials and recipient","Griffith Handyman;Brush House Painting and Flooring Services of North Jersey"
"bergen","ramsey","plumbing","4","4","0","0","Kevin: confirm scope, territory, capacity, credentials and recipient","All County Plumbing and Heating;Daibes Plumbing and Heating;All A's Plumbing and Heating;Clear Flow Plumbing Heating and HVAC"
"bergen","ramsey","electrical","2","2","0","0","Kevin: confirm scope, territory, capacity, credentials and recipient","K2 Electric;HK Electrical Group"
"bergen","ridgefield","handyman","3","3","0","0","Kevin: confirm scope, territory, capacity, credentials and recipient","Griffith Handyman;Sentinel Handyman LLC;Neighbor First Home Services"
"bergen","ridgefield","masonry","3","3","0","0","Kevin: confirm scope, territory, capacity, credentials and recipient","Griffith Handyman;Jersey Complete Construction;A&E Exteriors LLC"
"bergen","ridgefield","landscaping","2","2","0","0","Kevin: confirm scope, territory, capacity, credentials and recipient","Hubinger Landscaping;Finishing Touch Landscape Construction"
"bergen","ridgefield","painting","3","3","0","0","Kevin: confirm scope, territory, capacity, credentials and recipient","Griffith Handyman;Sentinel Handyman LLC;Brush House Painting and Flooring Services of North Jersey"
"bergen","ridgefield","drywall","3","3","0","0","Kevin: confirm scope, territory, capacity, credentials and recipient","Griffith Handyman;Sentinel Handyman LLC;Brush House Painting and Flooring Services of North Jersey"
"bergen","ridgefield","tile","2","2","0","0","Kevin: confirm scope, territory, capacity, credentials and recipient","Griffith Handyman;Brush House Painting and Flooring Services of North Jersey"
"bergen","ridgefield","plumbing","4","4","0","0","Kevin: confirm scope, territory, capacity, credentials and recipient","All County Plumbing and Heating;Daibes Plumbing and Heating;All A's Plumbing and Heating;Clear Flow Plumbing Heating and HVAC"
"bergen","ridgefield","electrical","2","2","0","0","Kevin: confirm scope, territory, capacity, credentials and recipient","K2 Electric;HK Electrical Group"
"bergen","ridgefield-park","handyman","3","3","0","0","Kevin: confirm scope, territory, capacity, credentials and recipient","Griffith Handyman;Sentinel Handyman LLC;Neighbor First Home Services"
"bergen","ridgefield-park","masonry","3","3","0","0","Kevin: confirm scope, territory, capacity, credentials and recipient","Griffith Handyman;Jersey Complete Construction;A&E Exteriors LLC"
"bergen","ridgefield-park","landscaping","2","2","0","0","Kevin: confirm scope, territory, capacity, credentials and recipient","Hubinger Landscaping;Finishing Touch Landscape Construction"
"bergen","ridgefield-park","painting","3","3","0","0","Kevin: confirm scope, territory, capacity, credentials and recipient","Griffith Handyman;Sentinel Handyman LLC;Brush House Painting and Flooring Services of North Jersey"
"bergen","ridgefield-park","drywall","3","3","0","0","Kevin: confirm scope, territory, capacity, credentials and recipient","Griffith Handyman;Sentinel Handyman LLC;Brush House Painting and Flooring Services of North Jersey"
"bergen","ridgefield-park","tile","2","2","0","0","Kevin: confirm scope, territory, capacity, credentials and recipient","Griffith Handyman;Brush House Painting and Flooring Services of North Jersey"
"bergen","ridgefield-park","plumbing","4","4","0","0","Kevin: confirm scope, territory, capacity, credentials and recipient","All County Plumbing and Heating;Daibes Plumbing and Heating;All A's Plumbing and Heating;Clear Flow Plumbing Heating and HVAC"
"bergen","ridgefield-park","electrical","2","2","0","0","Kevin: confirm scope, territory, capacity, credentials and recipient","K2 Electric;HK Electrical Group"
"bergen","ridgewood","handyman","4","4","0","0","Kevin: confirm scope, territory, capacity, credentials and recipient","Griffith Handyman;Sentinel Handyman LLC;Neighbor First Home Services;M & S Premier Home Services"
"bergen","ridgewood","masonry","3","3","0","0","Kevin: confirm scope, territory, capacity, credentials and recipient","Griffith Handyman;Jersey Complete Construction;A&E Exteriors LLC"
"bergen","ridgewood","landscaping","2","2","0","0","Kevin: confirm scope, territory, capacity, credentials and recipient","Hubinger Landscaping;Finishing Touch Landscape Construction"
"bergen","ridgewood","painting","3","3","0","0","Kevin: confirm scope, territory, capacity, credentials and recipient","Griffith Handyman;Sentinel Handyman LLC;Brush House Painting and Flooring Services of North Jersey"
"bergen","ridgewood","drywall","3","3","0","0","Kevin: confirm scope, territory, capacity, credentials and recipient","Griffith Handyman;Sentinel Handyman LLC;Brush House Painting and Flooring Services of North Jersey"
"bergen","ridgewood","tile","2","2","0","0","Kevin: confirm scope, territory, capacity, credentials and recipient","Griffith Handyman;Brush House Painting and Flooring Services of North Jersey"
"bergen","ridgewood","plumbing","4","4","0","0","Kevin: confirm scope, territory, capacity, credentials and recipient","All County Plumbing and Heating;Daibes Plumbing and Heating;All A's Plumbing and Heating;Clear Flow Plumbing Heating and HVAC"
"bergen","ridgewood","electrical","2","2","0","0","Kevin: confirm scope, territory, capacity, credentials and recipient","K2 Electric;HK Electrical Group"
"bergen","river-edge","handyman","3","3","0","0","Kevin: confirm scope, territory, capacity, credentials and recipient","Griffith Handyman;Sentinel Handyman LLC;Neighbor First Home Services"
"bergen","river-edge","masonry","3","3","0","0","Kevin: confirm scope, territory, capacity, credentials and recipient","Griffith Handyman;Jersey Complete Construction;A&E Exteriors LLC"
"bergen","river-edge","landscaping","2","2","0","0","Kevin: confirm scope, territory, capacity, credentials and recipient","Hubinger Landscaping;Finishing Touch Landscape Construction"
"bergen","river-edge","painting","3","3","0","0","Kevin: confirm scope, territory, capacity, credentials and recipient","Griffith Handyman;Sentinel Handyman LLC;Brush House Painting and Flooring Services of North Jersey"
"bergen","river-edge","drywall","3","3","0","0","Kevin: confirm scope, territory, capacity, credentials and recipient","Griffith Handyman;Sentinel Handyman LLC;Brush House Painting and Flooring Services of North Jersey"
"bergen","river-edge","tile","2","2","0","0","Kevin: confirm scope, territory, capacity, credentials and recipient","Griffith Handyman;Brush House Painting and Flooring Services of North Jersey"
"bergen","river-edge","plumbing","4","4","0","0","Kevin: confirm scope, territory, capacity, credentials and recipient","All County Plumbing and Heating;Daibes Plumbing and Heating;All A's Plumbing and Heating;Clear Flow Plumbing Heating and HVAC"
"bergen","river-edge","electrical","2","2","0","0","Kevin: confirm scope, territory, capacity, credentials and recipient","K2 Electric;HK Electrical Group"
"bergen","river-vale","handyman","3","3","0","0","Kevin: confirm scope, territory, capacity, credentials and recipient","Griffith Handyman;Sentinel Handyman LLC;Neighbor First Home Services"
"bergen","river-vale","masonry","3","3","0","0","Kevin: confirm scope, territory, capacity, credentials and recipient","Griffith Handyman;Jersey Complete Construction;A&E Exteriors LLC"
"bergen","river-vale","landscaping","2","2","0","0","Kevin: confirm scope, territory, capacity, credentials and recipient","Hubinger Landscaping;Finishing Touch Landscape Construction"
"bergen","river-vale","painting","3","3","0","0","Kevin: confirm scope, territory, capacity, credentials and recipient","Griffith Handyman;Sentinel Handyman LLC;Brush House Painting and Flooring Services of North Jersey"
"bergen","river-vale","drywall","3","3","0","0","Kevin: confirm scope, territory, capacity, credentials and recipient","Griffith Handyman;Sentinel Handyman LLC;Brush House Painting and Flooring Services of North Jersey"
"bergen","river-vale","tile","2","2","0","0","Kevin: confirm scope, territory, capacity, credentials and recipient","Griffith Handyman;Brush House Painting and Flooring Services of North Jersey"
"bergen","river-vale","plumbing","4","4","0","0","Kevin: confirm scope, territory, capacity, credentials and recipient","All County Plumbing and Heating;Daibes Plumbing and Heating;All A's Plumbing and Heating;Clear Flow Plumbing Heating and HVAC"
"bergen","river-vale","electrical","2","2","0","0","Kevin: confirm scope, territory, capacity, credentials and recipient","K2 Electric;HK Electrical Group"
"bergen","rochelle-park","handyman","3","3","0","0","Kevin: confirm scope, territory, capacity, credentials and recipient","Griffith Handyman;Sentinel Handyman LLC;Neighbor First Home Services"
"bergen","rochelle-park","masonry","3","3","0","0","Kevin: confirm scope, territory, capacity, credentials and recipient","Griffith Handyman;Jersey Complete Construction;A&E Exteriors LLC"
"bergen","rochelle-park","landscaping","2","2","0","0","Kevin: confirm scope, territory, capacity, credentials and recipient","Hubinger Landscaping;Finishing Touch Landscape Construction"
"bergen","rochelle-park","painting","3","3","0","0","Kevin: confirm scope, territory, capacity, credentials and recipient","Griffith Handyman;Sentinel Handyman LLC;Brush House Painting and Flooring Services of North Jersey"
"bergen","rochelle-park","drywall","3","3","0","0","Kevin: confirm scope, territory, capacity, credentials and recipient","Griffith Handyman;Sentinel Handyman LLC;Brush House Painting and Flooring Services of North Jersey"
"bergen","rochelle-park","tile","2","2","0","0","Kevin: confirm scope, territory, capacity, credentials and recipient","Griffith Handyman;Brush House Painting and Flooring Services of North Jersey"
"bergen","rochelle-park","plumbing","4","4","0","0","Kevin: confirm scope, territory, capacity, credentials and recipient","All County Plumbing and Heating;Daibes Plumbing and Heating;All A's Plumbing and Heating;Clear Flow Plumbing Heating and HVAC"
"bergen","rochelle-park","electrical","2","2","0","0","Kevin: confirm scope, territory, capacity, credentials and recipient","K2 Electric;HK Electrical Group"
"bergen","rockleigh","handyman","3","3","0","0","Kevin: confirm scope, territory, capacity, credentials and recipient","Griffith Handyman;Sentinel Handyman LLC;Neighbor First Home Services"
"bergen","rockleigh","masonry","3","3","0","0","Kevin: confirm scope, territory, capacity, credentials and recipient","Griffith Handyman;Jersey Complete Construction;A&E Exteriors LLC"
"bergen","rockleigh","landscaping","2","2","0","0","Kevin: confirm scope, territory, capacity, credentials and recipient","Hubinger Landscaping;Finishing Touch Landscape Construction"
"bergen","rockleigh","painting","3","3","0","0","Kevin: confirm scope, territory, capacity, credentials and recipient","Griffith Handyman;Sentinel Handyman LLC;Brush House Painting and Flooring Services of North Jersey"
"bergen","rockleigh","drywall","3","3","0","0","Kevin: confirm scope, territory, capacity, credentials and recipient","Griffith Handyman;Sentinel Handyman LLC;Brush House Painting and Flooring Services of North Jersey"
"bergen","rockleigh","tile","2","2","0","0","Kevin: confirm scope, territory, capacity, credentials and recipient","Griffith Handyman;Brush House Painting and Flooring Services of North Jersey"
"bergen","rockleigh","plumbing","4","4","0","0","Kevin: confirm scope, territory, capacity, credentials and recipient","All County Plumbing and Heating;Daibes Plumbing and Heating;All A's Plumbing and Heating;Clear Flow Plumbing Heating and HVAC"
"bergen","rockleigh","electrical","2","2","0","0","Kevin: confirm scope, territory, capacity, credentials and recipient","K2 Electric;HK Electrical Group"
"bergen","rutherford","handyman","3","3","0","0","Kevin: confirm scope, territory, capacity, credentials and recipient","Griffith Handyman;Sentinel Handyman LLC;Neighbor First Home Services"
"bergen","rutherford","masonry","3","3","0","0","Kevin: confirm scope, territory, capacity, credentials and recipient","Griffith Handyman;Jersey Complete Construction;A&E Exteriors LLC"
"bergen","rutherford","landscaping","2","2","0","0","Kevin: confirm scope, territory, capacity, credentials and recipient","Hubinger Landscaping;Finishing Touch Landscape Construction"
"bergen","rutherford","painting","3","3","0","0","Kevin: confirm scope, territory, capacity, credentials and recipient","Griffith Handyman;Sentinel Handyman LLC;Brush House Painting and Flooring Services of North Jersey"
"bergen","rutherford","drywall","3","3","0","0","Kevin: confirm scope, territory, capacity, credentials and recipient","Griffith Handyman;Sentinel Handyman LLC;Brush House Painting and Flooring Services of North Jersey"
"bergen","rutherford","tile","2","2","0","0","Kevin: confirm scope, territory, capacity, credentials and recipient","Griffith Handyman;Brush House Painting and Flooring Services of North Jersey"
"bergen","rutherford","plumbing","4","4","0","0","Kevin: confirm scope, territory, capacity, credentials and recipient","All County Plumbing and Heating;Daibes Plumbing and Heating;All A's Plumbing and Heating;Clear Flow Plumbing Heating and HVAC"
"bergen","rutherford","electrical","2","2","0","0","Kevin: confirm scope, territory, capacity, credentials and recipient","K2 Electric;HK Electrical Group"
"bergen","saddle-brook","handyman","3","3","0","0","Kevin: confirm scope, territory, capacity, credentials and recipient","Griffith Handyman;Sentinel Handyman LLC;Neighbor First Home Services"
"bergen","saddle-brook","masonry","3","3","0","0","Kevin: confirm scope, territory, capacity, credentials and recipient","Griffith Handyman;Jersey Complete Construction;A&E Exteriors LLC"
"bergen","saddle-brook","landscaping","2","2","0","0","Kevin: confirm scope, territory, capacity, credentials and recipient","Hubinger Landscaping;Finishing Touch Landscape Construction"
"bergen","saddle-brook","painting","3","3","0","0","Kevin: confirm scope, territory, capacity, credentials and recipient","Griffith Handyman;Sentinel Handyman LLC;Brush House Painting and Flooring Services of North Jersey"
"bergen","saddle-brook","drywall","3","3","0","0","Kevin: confirm scope, territory, capacity, credentials and recipient","Griffith Handyman;Sentinel Handyman LLC;Brush House Painting and Flooring Services of North Jersey"
"bergen","saddle-brook","tile","2","2","0","0","Kevin: confirm scope, territory, capacity, credentials and recipient","Griffith Handyman;Brush House Painting and Flooring Services of North Jersey"
"bergen","saddle-brook","plumbing","4","4","0","0","Kevin: confirm scope, territory, capacity, credentials and recipient","All County Plumbing and Heating;Daibes Plumbing and Heating;All A's Plumbing and Heating;Clear Flow Plumbing Heating and HVAC"
"bergen","saddle-brook","electrical","2","2","0","0","Kevin: confirm scope, territory, capacity, credentials and recipient","K2 Electric;HK Electrical Group"
"bergen","saddle-river","handyman","3","3","0","0","Kevin: confirm scope, territory, capacity, credentials and recipient","Griffith Handyman;Sentinel Handyman LLC;Neighbor First Home Services"
"bergen","saddle-river","masonry","3","3","0","0","Kevin: confirm scope, territory, capacity, credentials and recipient","Griffith Handyman;Jersey Complete Construction;A&E Exteriors LLC"
"bergen","saddle-river","landscaping","2","2","0","0","Kevin: confirm scope, territory, capacity, credentials and recipient","Hubinger Landscaping;Finishing Touch Landscape Construction"
"bergen","saddle-river","painting","3","3","0","0","Kevin: confirm scope, territory, capacity, credentials and recipient","Griffith Handyman;Sentinel Handyman LLC;Brush House Painting and Flooring Services of North Jersey"
"bergen","saddle-river","drywall","3","3","0","0","Kevin: confirm scope, territory, capacity, credentials and recipient","Griffith Handyman;Sentinel Handyman LLC;Brush House Painting and Flooring Services of North Jersey"
"bergen","saddle-river","tile","2","2","0","0","Kevin: confirm scope, territory, capacity, credentials and recipient","Griffith Handyman;Brush House Painting and Flooring Services of North Jersey"
"bergen","saddle-river","plumbing","4","4","0","0","Kevin: confirm scope, territory, capacity, credentials and recipient","All County Plumbing and Heating;Daibes Plumbing and Heating;All A's Plumbing and Heating;Clear Flow Plumbing Heating and HVAC"
"bergen","saddle-river","electrical","2","2","0","0","Kevin: confirm scope, territory, capacity, credentials and recipient","K2 Electric;HK Electrical Group"
"bergen","south-hackensack","handyman","3","3","0","0","Kevin: confirm scope, territory, capacity, credentials and recipient","Griffith Handyman;Sentinel Handyman LLC;Neighbor First Home Services"
"bergen","south-hackensack","masonry","3","3","0","0","Kevin: confirm scope, territory, capacity, credentials and recipient","Griffith Handyman;Jersey Complete Construction;A&E Exteriors LLC"
"bergen","south-hackensack","landscaping","2","2","0","0","Kevin: confirm scope, territory, capacity, credentials and recipient","Hubinger Landscaping;Finishing Touch Landscape Construction"
"bergen","south-hackensack","painting","3","3","0","0","Kevin: confirm scope, territory, capacity, credentials and recipient","Griffith Handyman;Sentinel Handyman LLC;Brush House Painting and Flooring Services of North Jersey"
"bergen","south-hackensack","drywall","3","3","0","0","Kevin: confirm scope, territory, capacity, credentials and recipient","Griffith Handyman;Sentinel Handyman LLC;Brush House Painting and Flooring Services of North Jersey"
"bergen","south-hackensack","tile","2","2","0","0","Kevin: confirm scope, territory, capacity, credentials and recipient","Griffith Handyman;Brush House Painting and Flooring Services of North Jersey"
"bergen","south-hackensack","plumbing","4","4","0","0","Kevin: confirm scope, territory, capacity, credentials and recipient","All County Plumbing and Heating;Daibes Plumbing and Heating;All A's Plumbing and Heating;Clear Flow Plumbing Heating and HVAC"
"bergen","south-hackensack","electrical","2","2","0","0","Kevin: confirm scope, territory, capacity, credentials and recipient","K2 Electric;HK Electrical Group"
"bergen","teaneck","handyman","3","3","0","0","Kevin: confirm scope, territory, capacity, credentials and recipient","Griffith Handyman;Sentinel Handyman LLC;Neighbor First Home Services"
"bergen","teaneck","masonry","3","3","0","0","Kevin: confirm scope, territory, capacity, credentials and recipient","Griffith Handyman;Jersey Complete Construction;A&E Exteriors LLC"
"bergen","teaneck","landscaping","2","2","0","0","Kevin: confirm scope, territory, capacity, credentials and recipient","Hubinger Landscaping;Finishing Touch Landscape Construction"
"bergen","teaneck","painting","3","3","0","0","Kevin: confirm scope, territory, capacity, credentials and recipient","Griffith Handyman;Sentinel Handyman LLC;Brush House Painting and Flooring Services of North Jersey"
"bergen","teaneck","drywall","3","3","0","0","Kevin: confirm scope, territory, capacity, credentials and recipient","Griffith Handyman;Sentinel Handyman LLC;Brush House Painting and Flooring Services of North Jersey"
"bergen","teaneck","tile","2","2","0","0","Kevin: confirm scope, territory, capacity, credentials and recipient","Griffith Handyman;Brush House Painting and Flooring Services of North Jersey"
"bergen","teaneck","plumbing","4","4","0","0","Kevin: confirm scope, territory, capacity, credentials and recipient","All County Plumbing and Heating;Daibes Plumbing and Heating;All A's Plumbing and Heating;Clear Flow Plumbing Heating and HVAC"
"bergen","teaneck","electrical","2","2","0","0","Kevin: confirm scope, territory, capacity, credentials and recipient","K2 Electric;HK Electrical Group"
"bergen","tenafly","handyman","3","3","0","0","Kevin: confirm scope, territory, capacity, credentials and recipient","Griffith Handyman;Sentinel Handyman LLC;Neighbor First Home Services"
"bergen","tenafly","masonry","3","3","0","0","Kevin: confirm scope, territory, capacity, credentials and recipient","Griffith Handyman;Jersey Complete Construction;A&E Exteriors LLC"
"bergen","tenafly","landscaping","2","2","0","0","Kevin: confirm scope, territory, capacity, credentials and recipient","Hubinger Landscaping;Finishing Touch Landscape Construction"
"bergen","tenafly","painting","3","3","0","0","Kevin: confirm scope, territory, capacity, credentials and recipient","Griffith Handyman;Sentinel Handyman LLC;Brush House Painting and Flooring Services of North Jersey"
"bergen","tenafly","drywall","3","3","0","0","Kevin: confirm scope, territory, capacity, credentials and recipient","Griffith Handyman;Sentinel Handyman LLC;Brush House Painting and Flooring Services of North Jersey"
"bergen","tenafly","tile","2","2","0","0","Kevin: confirm scope, territory, capacity, credentials and recipient","Griffith Handyman;Brush House Painting and Flooring Services of North Jersey"
"bergen","tenafly","plumbing","4","4","0","0","Kevin: confirm scope, territory, capacity, credentials and recipient","All County Plumbing and Heating;Daibes Plumbing and Heating;All A's Plumbing and Heating;Clear Flow Plumbing Heating and HVAC"
"bergen","tenafly","electrical","2","2","0","0","Kevin: confirm scope, territory, capacity, credentials and recipient","K2 Electric;HK Electrical Group"
"bergen","teterboro","handyman","3","3","0","0","Kevin: confirm scope, territory, capacity, credentials and recipient","Griffith Handyman;Sentinel Handyman LLC;Neighbor First Home Services"
"bergen","teterboro","masonry","3","3","0","0","Kevin: confirm scope, territory, capacity, credentials and recipient","Griffith Handyman;Jersey Complete Construction;A&E Exteriors LLC"
"bergen","teterboro","landscaping","2","2","0","0","Kevin: confirm scope, territory, capacity, credentials and recipient","Hubinger Landscaping;Finishing Touch Landscape Construction"
"bergen","teterboro","painting","3","3","0","0","Kevin: confirm scope, territory, capacity, credentials and recipient","Griffith Handyman;Sentinel Handyman LLC;Brush House Painting and Flooring Services of North Jersey"
"bergen","teterboro","drywall","3","3","0","0","Kevin: confirm scope, territory, capacity, credentials and recipient","Griffith Handyman;Sentinel Handyman LLC;Brush House Painting and Flooring Services of North Jersey"
"bergen","teterboro","tile","2","2","0","0","Kevin: confirm scope, territory, capacity, credentials and recipient","Griffith Handyman;Brush House Painting and Flooring Services of North Jersey"
"bergen","teterboro","plumbing","4","4","0","0","Kevin: confirm scope, territory, capacity, credentials and recipient","All County Plumbing and Heating;Daibes Plumbing and Heating;All A's Plumbing and Heating;Clear Flow Plumbing Heating and HVAC"
"bergen","teterboro","electrical","2","2","0","0","Kevin: confirm scope, territory, capacity, credentials and recipient","K2 Electric;HK Electrical Group"
"bergen","upper-saddle-river","handyman","3","3","0","0","Kevin: confirm scope, territory, capacity, credentials and recipient","Griffith Handyman;Sentinel Handyman LLC;Neighbor First Home Services"
"bergen","upper-saddle-river","masonry","3","3","0","0","Kevin: confirm scope, territory, capacity, credentials and recipient","Griffith Handyman;Jersey Complete Construction;A&E Exteriors LLC"
"bergen","upper-saddle-river","landscaping","2","2","0","0","Kevin: confirm scope, territory, capacity, credentials and recipient","Hubinger Landscaping;Finishing Touch Landscape Construction"
"bergen","upper-saddle-river","painting","3","3","0","0","Kevin: confirm scope, territory, capacity, credentials and recipient","Griffith Handyman;Sentinel Handyman LLC;Brush House Painting and Flooring Services of North Jersey"
"bergen","upper-saddle-river","drywall","3","3","0","0","Kevin: confirm scope, territory, capacity, credentials and recipient","Griffith Handyman;Sentinel Handyman LLC;Brush House Painting and Flooring Services of North Jersey"
"bergen","upper-saddle-river","tile","2","2","0","0","Kevin: confirm scope, territory, capacity, credentials and recipient","Griffith Handyman;Brush House Painting and Flooring Services of North Jersey"
"bergen","upper-saddle-river","plumbing","4","4","0","0","Kevin: confirm scope, territory, capacity, credentials and recipient","All County Plumbing and Heating;Daibes Plumbing and Heating;All A's Plumbing and Heating;Clear Flow Plumbing Heating and HVAC"
"bergen","upper-saddle-river","electrical","2","2","0","0","Kevin: confirm scope, territory, capacity, credentials and recipient","K2 Electric;HK Electrical Group"
"bergen","waldwick","handyman","4","4","0","0","Kevin: confirm scope, territory, capacity, credentials and recipient","Griffith Handyman;Sentinel Handyman LLC;Neighbor First Home Services;M & S Premier Home Services"
"bergen","waldwick","masonry","3","3","0","0","Kevin: confirm scope, territory, capacity, credentials and recipient","Griffith Handyman;Jersey Complete Construction;A&E Exteriors LLC"
"bergen","waldwick","landscaping","2","2","0","0","Kevin: confirm scope, territory, capacity, credentials and recipient","Hubinger Landscaping;Finishing Touch Landscape Construction"
"bergen","waldwick","painting","3","3","0","0","Kevin: confirm scope, territory, capacity, credentials and recipient","Griffith Handyman;Sentinel Handyman LLC;Brush House Painting and Flooring Services of North Jersey"
"bergen","waldwick","drywall","3","3","0","0","Kevin: confirm scope, territory, capacity, credentials and recipient","Griffith Handyman;Sentinel Handyman LLC;Brush House Painting and Flooring Services of North Jersey"
"bergen","waldwick","tile","2","2","0","0","Kevin: confirm scope, territory, capacity, credentials and recipient","Griffith Handyman;Brush House Painting and Flooring Services of North Jersey"
"bergen","waldwick","plumbing","4","4","0","0","Kevin: confirm scope, territory, capacity, credentials and recipient","All County Plumbing and Heating;Daibes Plumbing and Heating;All A's Plumbing and Heating;Clear Flow Plumbing Heating and HVAC"
"bergen","waldwick","electrical","2","2","0","0","Kevin: confirm scope, territory, capacity, credentials and recipient","K2 Electric;HK Electrical Group"
"bergen","wallington","handyman","3","3","0","0","Kevin: confirm scope, territory, capacity, credentials and recipient","Griffith Handyman;Sentinel Handyman LLC;Neighbor First Home Services"
"bergen","wallington","masonry","3","3","0","0","Kevin: confirm scope, territory, capacity, credentials and recipient","Griffith Handyman;Jersey Complete Construction;A&E Exteriors LLC"
"bergen","wallington","landscaping","2","2","0","0","Kevin: confirm scope, territory, capacity, credentials and recipient","Hubinger Landscaping;Finishing Touch Landscape Construction"
"bergen","wallington","painting","3","3","0","0","Kevin: confirm scope, territory, capacity, credentials and recipient","Griffith Handyman;Sentinel Handyman LLC;Brush House Painting and Flooring Services of North Jersey"
"bergen","wallington","drywall","3","3","0","0","Kevin: confirm scope, territory, capacity, credentials and recipient","Griffith Handyman;Sentinel Handyman LLC;Brush House Painting and Flooring Services of North Jersey"
"bergen","wallington","tile","2","2","0","0","Kevin: confirm scope, territory, capacity, credentials and recipient","Griffith Handyman;Brush House Painting and Flooring Services of North Jersey"
"bergen","wallington","plumbing","4","4","0","0","Kevin: confirm scope, territory, capacity, credentials and recipient","All County Plumbing and Heating;Daibes Plumbing and Heating;All A's Plumbing and Heating;Clear Flow Plumbing Heating and HVAC"
"bergen","wallington","electrical","2","2","0","0","Kevin: confirm scope, territory, capacity, credentials and recipient","K2 Electric;HK Electrical Group"
"bergen","washington-township-bergen","handyman","3","3","0","0","Kevin: confirm scope, territory, capacity, credentials and recipient","Griffith Handyman;Sentinel Handyman LLC;Neighbor First Home Services"
"bergen","washington-township-bergen","masonry","3","3","0","0","Kevin: confirm scope, territory, capacity, credentials and recipient","Griffith Handyman;Jersey Complete Construction;A&E Exteriors LLC"
"bergen","washington-township-bergen","landscaping","2","2","0","0","Kevin: confirm scope, territory, capacity, credentials and recipient","Hubinger Landscaping;Finishing Touch Landscape Construction"
"bergen","washington-township-bergen","painting","3","3","0","0","Kevin: confirm scope, territory, capacity, credentials and recipient","Griffith Handyman;Sentinel Handyman LLC;Brush House Painting and Flooring Services of North Jersey"
"bergen","washington-township-bergen","drywall","3","3","0","0","Kevin: confirm scope, territory, capacity, credentials and recipient","Griffith Handyman;Sentinel Handyman LLC;Brush House Painting and Flooring Services of North Jersey"
"bergen","washington-township-bergen","tile","2","2","0","0","Kevin: confirm scope, territory, capacity, credentials and recipient","Griffith Handyman;Brush House Painting and Flooring Services of North Jersey"
"bergen","washington-township-bergen","plumbing","4","4","0","0","Kevin: confirm scope, territory, capacity, credentials and recipient","All County Plumbing and Heating;Daibes Plumbing and Heating;All A's Plumbing and Heating;Clear Flow Plumbing Heating and HVAC"
"bergen","washington-township-bergen","electrical","2","2","0","0","Kevin: confirm scope, territory, capacity, credentials and recipient","K2 Electric;HK Electrical Group"
"bergen","westwood","handyman","5","5","0","0","Kevin: confirm scope, territory, capacity, credentials and recipient","Griffith Handyman;Sentinel Handyman LLC;Neighbor First Home Services;M & S Premier Home Services;Tropic Pro Services"
"bergen","westwood","masonry","3","3","0","0","Kevin: confirm scope, territory, capacity, credentials and recipient","Griffith Handyman;Jersey Complete Construction;A&E Exteriors LLC"
"bergen","westwood","landscaping","2","2","0","0","Kevin: confirm scope, territory, capacity, credentials and recipient","Hubinger Landscaping;Finishing Touch Landscape Construction"
"bergen","westwood","painting","4","4","0","0","Kevin: confirm scope, territory, capacity, credentials and recipient","Griffith Handyman;Sentinel Handyman LLC;Brush House Painting and Flooring Services of North Jersey;Tropic Pro Services"
"bergen","westwood","drywall","3","3","0","0","Kevin: confirm scope, territory, capacity, credentials and recipient","Griffith Handyman;Sentinel Handyman LLC;Brush House Painting and Flooring Services of North Jersey"
"bergen","westwood","tile","2","2","0","0","Kevin: confirm scope, territory, capacity, credentials and recipient","Griffith Handyman;Brush House Painting and Flooring Services of North Jersey"
"bergen","westwood","plumbing","4","4","0","0","Kevin: confirm scope, territory, capacity, credentials and recipient","All County Plumbing and Heating;Daibes Plumbing and Heating;All A's Plumbing and Heating;Clear Flow Plumbing Heating and HVAC"
"bergen","westwood","electrical","2","2","0","0","Kevin: confirm scope, territory, capacity, credentials and recipient","K2 Electric;HK Electrical Group"
"bergen","woodcliff-lake","handyman","3","3","0","0","Kevin: confirm scope, territory, capacity, credentials and recipient","Griffith Handyman;Sentinel Handyman LLC;Neighbor First Home Services"
"bergen","woodcliff-lake","masonry","3","3","0","0","Kevin: confirm scope, territory, capacity, credentials and recipient","Griffith Handyman;Jersey Complete Construction;A&E Exteriors LLC"
"bergen","woodcliff-lake","landscaping","2","2","0","0","Kevin: confirm scope, territory, capacity, credentials and recipient","Hubinger Landscaping;Finishing Touch Landscape Construction"
"bergen","woodcliff-lake","painting","3","3","0","0","Kevin: confirm scope, territory, capacity, credentials and recipient","Griffith Handyman;Sentinel Handyman LLC;Brush House Painting and Flooring Services of North Jersey"
"bergen","woodcliff-lake","drywall","3","3","0","0","Kevin: confirm scope, territory, capacity, credentials and recipient","Griffith Handyman;Sentinel Handyman LLC;Brush House Painting and Flooring Services of North Jersey"
"bergen","woodcliff-lake","tile","2","2","0","0","Kevin: confirm scope, territory, capacity, credentials and recipient","Griffith Handyman;Brush House Painting and Flooring Services of North Jersey"
"bergen","woodcliff-lake","plumbing","4","4","0","0","Kevin: confirm scope, territory, capacity, credentials and recipient","All County Plumbing and Heating;Daibes Plumbing and Heating;All A's Plumbing and Heating;Clear Flow Plumbing Heating and HVAC"
"bergen","woodcliff-lake","electrical","2","2","0","0","Kevin: confirm scope, territory, capacity, credentials and recipient","K2 Electric;HK Electrical Group"
"bergen","wood-ridge","handyman","3","3","0","0","Kevin: confirm scope, territory, capacity, credentials and recipient","Griffith Handyman;Sentinel Handyman LLC;Neighbor First Home Services"
"bergen","wood-ridge","masonry","3","3","0","0","Kevin: confirm scope, territory, capacity, credentials and recipient","Griffith Handyman;Jersey Complete Construction;A&E Exteriors LLC"
"bergen","wood-ridge","landscaping","2","2","0","0","Kevin: confirm scope, territory, capacity, credentials and recipient","Hubinger Landscaping;Finishing Touch Landscape Construction"
"bergen","wood-ridge","painting","3","3","0","0","Kevin: confirm scope, territory, capacity, credentials and recipient","Griffith Handyman;Sentinel Handyman LLC;Brush House Painting and Flooring Services of North Jersey"
"bergen","wood-ridge","drywall","3","3","0","0","Kevin: confirm scope, territory, capacity, credentials and recipient","Griffith Handyman;Sentinel Handyman LLC;Brush House Painting and Flooring Services of North Jersey"
"bergen","wood-ridge","tile","2","2","0","0","Kevin: confirm scope, territory, capacity, credentials and recipient","Griffith Handyman;Brush House Painting and Flooring Services of North Jersey"
"bergen","wood-ridge","plumbing","4","4","0","0","Kevin: confirm scope, territory, capacity, credentials and recipient","All County Plumbing and Heating;Daibes Plumbing and Heating;All A's Plumbing and Heating;Clear Flow Plumbing Heating and HVAC"
"bergen","wood-ridge","electrical","2","2","0","0","Kevin: confirm scope, territory, capacity, credentials and recipient","K2 Electric;HK Electrical Group"
"bergen","wyckoff","handyman","4","4","0","0","Kevin: confirm scope, territory, capacity, credentials and recipient","Griffith Handyman;Sentinel Handyman LLC;Neighbor First Home Services;M & S Premier Home Services"
"bergen","wyckoff","masonry","3","3","0","0","Kevin: confirm scope, territory, capacity, credentials and recipient","Griffith Handyman;Jersey Complete Construction;A&E Exteriors LLC"
"bergen","wyckoff","landscaping","2","2","0","0","Kevin: confirm scope, territory, capacity, credentials and recipient","Hubinger Landscaping;Finishing Touch Landscape Construction"
"bergen","wyckoff","painting","3","3","0","0","Kevin: confirm scope, territory, capacity, credentials and recipient","Griffith Handyman;Sentinel Handyman LLC;Brush House Painting and Flooring Services of North Jersey"
"bergen","wyckoff","drywall","3","3","0","0","Kevin: confirm scope, territory, capacity, credentials and recipient","Griffith Handyman;Sentinel Handyman LLC;Brush House Painting and Flooring Services of North Jersey"
"bergen","wyckoff","tile","2","2","0","0","Kevin: confirm scope, territory, capacity, credentials and recipient","Griffith Handyman;Brush House Painting and Flooring Services of North Jersey"
"bergen","wyckoff","plumbing","4","4","0","0","Kevin: confirm scope, territory, capacity, credentials and recipient","All County Plumbing and Heating;Daibes Plumbing and Heating;All A's Plumbing and Heating;Clear Flow Plumbing Heating and HVAC"
"bergen","wyckoff","electrical","2","2","0","0","Kevin: confirm scope, territory, capacity, credentials and recipient","K2 Electric;HK Electrical Group"
"essex","belleville","handyman","2","2","0","0","Kevin: confirm scope, territory, capacity, credentials and recipient","Griffith Handyman;Sentinel Handyman LLC"
"essex","belleville","masonry","3","3","0","0","Kevin: confirm scope, territory, capacity, credentials and recipient","Griffith Handyman;Jersey Complete Construction;A&E Exteriors LLC"
"essex","belleville","landscaping","3","3","0","0","Kevin: confirm scope, territory, capacity, credentials and recipient","Hubinger Landscaping;Finishing Touch Landscape Construction;Custom Clippings"
"essex","belleville","painting","3","3","0","0","Kevin: confirm scope, territory, capacity, credentials and recipient","Griffith Handyman;Sentinel Handyman LLC;Brush House Painting and Flooring Services of North Jersey"
"essex","belleville","drywall","3","3","0","0","Kevin: confirm scope, territory, capacity, credentials and recipient","Griffith Handyman;Sentinel Handyman LLC;Brush House Painting and Flooring Services of North Jersey"
"essex","belleville","tile","2","2","0","0","Kevin: confirm scope, territory, capacity, credentials and recipient","Griffith Handyman;Brush House Painting and Flooring Services of North Jersey"
"essex","belleville","plumbing","3","3","0","0","Kevin: confirm scope, territory, capacity, credentials and recipient","All County Plumbing and Heating;Daibes Plumbing and Heating;Clear Flow Plumbing Heating and HVAC"
"essex","belleville","electrical","2","2","0","0","Kevin: confirm scope, territory, capacity, credentials and recipient","K2 Electric;HK Electrical Group"
"essex","bloomfield","handyman","2","2","0","0","Kevin: confirm scope, territory, capacity, credentials and recipient","Griffith Handyman;Sentinel Handyman LLC"
"essex","bloomfield","masonry","3","3","0","0","Kevin: confirm scope, territory, capacity, credentials and recipient","Griffith Handyman;Jersey Complete Construction;A&E Exteriors LLC"
"essex","bloomfield","landscaping","3","3","0","0","Kevin: confirm scope, territory, capacity, credentials and recipient","Hubinger Landscaping;Finishing Touch Landscape Construction;Custom Clippings"
"essex","bloomfield","painting","3","3","0","0","Kevin: confirm scope, territory, capacity, credentials and recipient","Griffith Handyman;Sentinel Handyman LLC;Brush House Painting and Flooring Services of North Jersey"
"essex","bloomfield","drywall","3","3","0","0","Kevin: confirm scope, territory, capacity, credentials and recipient","Griffith Handyman;Sentinel Handyman LLC;Brush House Painting and Flooring Services of North Jersey"
"essex","bloomfield","tile","2","2","0","0","Kevin: confirm scope, territory, capacity, credentials and recipient","Griffith Handyman;Brush House Painting and Flooring Services of North Jersey"
"essex","bloomfield","plumbing","3","3","0","0","Kevin: confirm scope, territory, capacity, credentials and recipient","All County Plumbing and Heating;Daibes Plumbing and Heating;Clear Flow Plumbing Heating and HVAC"
"essex","bloomfield","electrical","2","2","0","0","Kevin: confirm scope, territory, capacity, credentials and recipient","K2 Electric;HK Electrical Group"
"essex","caldwell","handyman","2","2","0","0","Kevin: confirm scope, territory, capacity, credentials and recipient","Griffith Handyman;Sentinel Handyman LLC"
"essex","caldwell","masonry","3","3","0","0","Kevin: confirm scope, territory, capacity, credentials and recipient","Griffith Handyman;Jersey Complete Construction;A&E Exteriors LLC"
"essex","caldwell","landscaping","3","3","0","0","Kevin: confirm scope, territory, capacity, credentials and recipient","Hubinger Landscaping;Finishing Touch Landscape Construction;Custom Clippings"
"essex","caldwell","painting","3","3","0","0","Kevin: confirm scope, territory, capacity, credentials and recipient","Griffith Handyman;Sentinel Handyman LLC;Brush House Painting and Flooring Services of North Jersey"
"essex","caldwell","drywall","3","3","0","0","Kevin: confirm scope, territory, capacity, credentials and recipient","Griffith Handyman;Sentinel Handyman LLC;Brush House Painting and Flooring Services of North Jersey"
"essex","caldwell","tile","2","2","0","0","Kevin: confirm scope, territory, capacity, credentials and recipient","Griffith Handyman;Brush House Painting and Flooring Services of North Jersey"
"essex","caldwell","plumbing","3","3","0","0","Kevin: confirm scope, territory, capacity, credentials and recipient","All County Plumbing and Heating;Daibes Plumbing and Heating;Clear Flow Plumbing Heating and HVAC"
"essex","caldwell","electrical","2","2","0","0","Kevin: confirm scope, territory, capacity, credentials and recipient","K2 Electric;HK Electrical Group"
"essex","cedar-grove","handyman","2","2","0","0","Kevin: confirm scope, territory, capacity, credentials and recipient","Griffith Handyman;Sentinel Handyman LLC"
"essex","cedar-grove","masonry","3","3","0","0","Kevin: confirm scope, territory, capacity, credentials and recipient","Griffith Handyman;Jersey Complete Construction;A&E Exteriors LLC"
"essex","cedar-grove","landscaping","3","3","0","0","Kevin: confirm scope, territory, capacity, credentials and recipient","Hubinger Landscaping;Finishing Touch Landscape Construction;Custom Clippings"
"essex","cedar-grove","painting","3","3","0","0","Kevin: confirm scope, territory, capacity, credentials and recipient","Griffith Handyman;Sentinel Handyman LLC;Brush House Painting and Flooring Services of North Jersey"
"essex","cedar-grove","drywall","3","3","0","0","Kevin: confirm scope, territory, capacity, credentials and recipient","Griffith Handyman;Sentinel Handyman LLC;Brush House Painting and Flooring Services of North Jersey"
"essex","cedar-grove","tile","2","2","0","0","Kevin: confirm scope, territory, capacity, credentials and recipient","Griffith Handyman;Brush House Painting and Flooring Services of North Jersey"
"essex","cedar-grove","plumbing","3","3","0","0","Kevin: confirm scope, territory, capacity, credentials and recipient","All County Plumbing and Heating;Daibes Plumbing and Heating;Clear Flow Plumbing Heating and HVAC"
"essex","cedar-grove","electrical","2","2","0","0","Kevin: confirm scope, territory, capacity, credentials and recipient","K2 Electric;HK Electrical Group"
"essex","east-orange","handyman","2","2","0","0","Kevin: confirm scope, territory, capacity, credentials and recipient","Griffith Handyman;Sentinel Handyman LLC"
"essex","east-orange","masonry","3","3","0","0","Kevin: confirm scope, territory, capacity, credentials and recipient","Griffith Handyman;Jersey Complete Construction;A&E Exteriors LLC"
"essex","east-orange","landscaping","3","3","0","0","Kevin: confirm scope, territory, capacity, credentials and recipient","Hubinger Landscaping;Finishing Touch Landscape Construction;Custom Clippings"
"essex","east-orange","painting","3","3","0","0","Kevin: confirm scope, territory, capacity, credentials and recipient","Griffith Handyman;Sentinel Handyman LLC;Brush House Painting and Flooring Services of North Jersey"
"essex","east-orange","drywall","3","3","0","0","Kevin: confirm scope, territory, capacity, credentials and recipient","Griffith Handyman;Sentinel Handyman LLC;Brush House Painting and Flooring Services of North Jersey"
"essex","east-orange","tile","2","2","0","0","Kevin: confirm scope, territory, capacity, credentials and recipient","Griffith Handyman;Brush House Painting and Flooring Services of North Jersey"
"essex","east-orange","plumbing","3","3","0","0","Kevin: confirm scope, territory, capacity, credentials and recipient","All County Plumbing and Heating;Daibes Plumbing and Heating;Clear Flow Plumbing Heating and HVAC"
"essex","east-orange","electrical","2","2","0","0","Kevin: confirm scope, territory, capacity, credentials and recipient","K2 Electric;HK Electrical Group"
"essex","essex-fells","handyman","2","2","0","0","Kevin: confirm scope, territory, capacity, credentials and recipient","Griffith Handyman;Sentinel Handyman LLC"
"essex","essex-fells","masonry","3","3","0","0","Kevin: confirm scope, territory, capacity, credentials and recipient","Griffith Handyman;Jersey Complete Construction;A&E Exteriors LLC"
"essex","essex-fells","landscaping","3","3","0","0","Kevin: confirm scope, territory, capacity, credentials and recipient","Hubinger Landscaping;Finishing Touch Landscape Construction;Custom Clippings"
"essex","essex-fells","painting","3","3","0","0","Kevin: confirm scope, territory, capacity, credentials and recipient","Griffith Handyman;Sentinel Handyman LLC;Brush House Painting and Flooring Services of North Jersey"
"essex","essex-fells","drywall","3","3","0","0","Kevin: confirm scope, territory, capacity, credentials and recipient","Griffith Handyman;Sentinel Handyman LLC;Brush House Painting and Flooring Services of North Jersey"
"essex","essex-fells","tile","2","2","0","0","Kevin: confirm scope, territory, capacity, credentials and recipient","Griffith Handyman;Brush House Painting and Flooring Services of North Jersey"
"essex","essex-fells","plumbing","3","3","0","0","Kevin: confirm scope, territory, capacity, credentials and recipient","All County Plumbing and Heating;Daibes Plumbing and Heating;Clear Flow Plumbing Heating and HVAC"
"essex","essex-fells","electrical","2","2","0","0","Kevin: confirm scope, territory, capacity, credentials and recipient","K2 Electric;HK Electrical Group"
"essex","fairfield","handyman","2","2","0","0","Kevin: confirm scope, territory, capacity, credentials and recipient","Griffith Handyman;Sentinel Handyman LLC"
"essex","fairfield","masonry","3","3","0","0","Kevin: confirm scope, territory, capacity, credentials and recipient","Griffith Handyman;Jersey Complete Construction;A&E Exteriors LLC"
"essex","fairfield","landscaping","3","3","0","0","Kevin: confirm scope, territory, capacity, credentials and recipient","Hubinger Landscaping;Finishing Touch Landscape Construction;Custom Clippings"
"essex","fairfield","painting","3","3","0","0","Kevin: confirm scope, territory, capacity, credentials and recipient","Griffith Handyman;Sentinel Handyman LLC;Brush House Painting and Flooring Services of North Jersey"
"essex","fairfield","drywall","3","3","0","0","Kevin: confirm scope, territory, capacity, credentials and recipient","Griffith Handyman;Sentinel Handyman LLC;Brush House Painting and Flooring Services of North Jersey"
"essex","fairfield","tile","2","2","0","0","Kevin: confirm scope, territory, capacity, credentials and recipient","Griffith Handyman;Brush House Painting and Flooring Services of North Jersey"
"essex","fairfield","plumbing","3","3","0","0","Kevin: confirm scope, territory, capacity, credentials and recipient","All County Plumbing and Heating;Daibes Plumbing and Heating;Clear Flow Plumbing Heating and HVAC"
"essex","fairfield","electrical","2","2","0","0","Kevin: confirm scope, territory, capacity, credentials and recipient","K2 Electric;HK Electrical Group"
"essex","glen-ridge","handyman","2","2","0","0","Kevin: confirm scope, territory, capacity, credentials and recipient","Griffith Handyman;Sentinel Handyman LLC"
"essex","glen-ridge","masonry","3","3","0","0","Kevin: confirm scope, territory, capacity, credentials and recipient","Griffith Handyman;Jersey Complete Construction;A&E Exteriors LLC"
"essex","glen-ridge","landscaping","3","3","0","0","Kevin: confirm scope, territory, capacity, credentials and recipient","Hubinger Landscaping;Finishing Touch Landscape Construction;Custom Clippings"
"essex","glen-ridge","painting","3","3","0","0","Kevin: confirm scope, territory, capacity, credentials and recipient","Griffith Handyman;Sentinel Handyman LLC;Brush House Painting and Flooring Services of North Jersey"
"essex","glen-ridge","drywall","3","3","0","0","Kevin: confirm scope, territory, capacity, credentials and recipient","Griffith Handyman;Sentinel Handyman LLC;Brush House Painting and Flooring Services of North Jersey"
"essex","glen-ridge","tile","2","2","0","0","Kevin: confirm scope, territory, capacity, credentials and recipient","Griffith Handyman;Brush House Painting and Flooring Services of North Jersey"
"essex","glen-ridge","plumbing","3","3","0","0","Kevin: confirm scope, territory, capacity, credentials and recipient","All County Plumbing and Heating;Daibes Plumbing and Heating;Clear Flow Plumbing Heating and HVAC"
"essex","glen-ridge","electrical","2","2","0","0","Kevin: confirm scope, territory, capacity, credentials and recipient","K2 Electric;HK Electrical Group"
"essex","irvington","handyman","2","2","0","0","Kevin: confirm scope, territory, capacity, credentials and recipient","Griffith Handyman;Sentinel Handyman LLC"
"essex","irvington","masonry","3","3","0","0","Kevin: confirm scope, territory, capacity, credentials and recipient","Griffith Handyman;Jersey Complete Construction;A&E Exteriors LLC"
"essex","irvington","landscaping","3","3","0","0","Kevin: confirm scope, territory, capacity, credentials and recipient","Hubinger Landscaping;Finishing Touch Landscape Construction;Custom Clippings"
"essex","irvington","painting","3","3","0","0","Kevin: confirm scope, territory, capacity, credentials and recipient","Griffith Handyman;Sentinel Handyman LLC;Brush House Painting and Flooring Services of North Jersey"
"essex","irvington","drywall","3","3","0","0","Kevin: confirm scope, territory, capacity, credentials and recipient","Griffith Handyman;Sentinel Handyman LLC;Brush House Painting and Flooring Services of North Jersey"
"essex","irvington","tile","2","2","0","0","Kevin: confirm scope, territory, capacity, credentials and recipient","Griffith Handyman;Brush House Painting and Flooring Services of North Jersey"
"essex","irvington","plumbing","3","3","0","0","Kevin: confirm scope, territory, capacity, credentials and recipient","All County Plumbing and Heating;Daibes Plumbing and Heating;Clear Flow Plumbing Heating and HVAC"
"essex","irvington","electrical","2","2","0","0","Kevin: confirm scope, territory, capacity, credentials and recipient","K2 Electric;HK Electrical Group"
"essex","maplewood","handyman","3","3","0","0","Kevin: confirm scope, territory, capacity, credentials and recipient","Griffith Handyman;Sentinel Handyman LLC;Tropic Pro Services"
"essex","maplewood","masonry","3","3","0","0","Kevin: confirm scope, territory, capacity, credentials and recipient","Griffith Handyman;Jersey Complete Construction;A&E Exteriors LLC"
"essex","maplewood","landscaping","3","3","0","0","Kevin: confirm scope, territory, capacity, credentials and recipient","Hubinger Landscaping;Finishing Touch Landscape Construction;Custom Clippings"
"essex","maplewood","painting","4","4","0","0","Kevin: confirm scope, territory, capacity, credentials and recipient","Griffith Handyman;Sentinel Handyman LLC;Brush House Painting and Flooring Services of North Jersey;Tropic Pro Services"
"essex","maplewood","drywall","3","3","0","0","Kevin: confirm scope, territory, capacity, credentials and recipient","Griffith Handyman;Sentinel Handyman LLC;Brush House Painting and Flooring Services of North Jersey"
"essex","maplewood","tile","2","2","0","0","Kevin: confirm scope, territory, capacity, credentials and recipient","Griffith Handyman;Brush House Painting and Flooring Services of North Jersey"
"essex","maplewood","plumbing","3","3","0","0","Kevin: confirm scope, territory, capacity, credentials and recipient","All County Plumbing and Heating;Daibes Plumbing and Heating;Clear Flow Plumbing Heating and HVAC"
"essex","maplewood","electrical","2","2","0","0","Kevin: confirm scope, territory, capacity, credentials and recipient","K2 Electric;HK Electrical Group"
"essex","millburn","handyman","2","2","0","0","Kevin: confirm scope, territory, capacity, credentials and recipient","Griffith Handyman;Sentinel Handyman LLC"
"essex","millburn","masonry","3","3","0","0","Kevin: confirm scope, territory, capacity, credentials and recipient","Griffith Handyman;Jersey Complete Construction;A&E Exteriors LLC"
"essex","millburn","landscaping","3","3","0","0","Kevin: confirm scope, territory, capacity, credentials and recipient","Hubinger Landscaping;Finishing Touch Landscape Construction;Custom Clippings"
"essex","millburn","painting","3","3","0","0","Kevin: confirm scope, territory, capacity, credentials and recipient","Griffith Handyman;Sentinel Handyman LLC;Brush House Painting and Flooring Services of North Jersey"
"essex","millburn","drywall","3","3","0","0","Kevin: confirm scope, territory, capacity, credentials and recipient","Griffith Handyman;Sentinel Handyman LLC;Brush House Painting and Flooring Services of North Jersey"
"essex","millburn","tile","2","2","0","0","Kevin: confirm scope, territory, capacity, credentials and recipient","Griffith Handyman;Brush House Painting and Flooring Services of North Jersey"
"essex","millburn","plumbing","3","3","0","0","Kevin: confirm scope, territory, capacity, credentials and recipient","All County Plumbing and Heating;Daibes Plumbing and Heating;Clear Flow Plumbing Heating and HVAC"
"essex","millburn","electrical","2","2","0","0","Kevin: confirm scope, territory, capacity, credentials and recipient","K2 Electric;HK Electrical Group"
"essex","montclair","handyman","2","2","0","0","Kevin: confirm scope, territory, capacity, credentials and recipient","Griffith Handyman;Sentinel Handyman LLC"
"essex","montclair","masonry","3","3","0","0","Kevin: confirm scope, territory, capacity, credentials and recipient","Griffith Handyman;Jersey Complete Construction;A&E Exteriors LLC"
"essex","montclair","landscaping","3","3","0","0","Kevin: confirm scope, territory, capacity, credentials and recipient","Hubinger Landscaping;Finishing Touch Landscape Construction;Custom Clippings"
"essex","montclair","painting","3","3","0","0","Kevin: confirm scope, territory, capacity, credentials and recipient","Griffith Handyman;Sentinel Handyman LLC;Brush House Painting and Flooring Services of North Jersey"
"essex","montclair","drywall","3","3","0","0","Kevin: confirm scope, territory, capacity, credentials and recipient","Griffith Handyman;Sentinel Handyman LLC;Brush House Painting and Flooring Services of North Jersey"
"essex","montclair","tile","2","2","0","0","Kevin: confirm scope, territory, capacity, credentials and recipient","Griffith Handyman;Brush House Painting and Flooring Services of North Jersey"
"essex","montclair","plumbing","3","3","0","0","Kevin: confirm scope, territory, capacity, credentials and recipient","All County Plumbing and Heating;Daibes Plumbing and Heating;Clear Flow Plumbing Heating and HVAC"
"essex","montclair","electrical","2","2","0","0","Kevin: confirm scope, territory, capacity, credentials and recipient","K2 Electric;HK Electrical Group"
"essex","newark","handyman","3","3","0","0","Kevin: confirm scope, territory, capacity, credentials and recipient","Griffith Handyman;Sentinel Handyman LLC;Tropic Pro Services"
"essex","newark","masonry","3","3","0","0","Kevin: confirm scope, territory, capacity, credentials and recipient","Griffith Handyman;Jersey Complete Construction;A&E Exteriors LLC"
"essex","newark","landscaping","3","3","0","0","Kevin: confirm scope, territory, capacity, credentials and recipient","Hubinger Landscaping;Finishing Touch Landscape Construction;Custom Clippings"
"essex","newark","painting","4","4","0","0","Kevin: confirm scope, territory, capacity, credentials and recipient","Griffith Handyman;Sentinel Handyman LLC;Brush House Painting and Flooring Services of North Jersey;Tropic Pro Services"
"essex","newark","drywall","3","3","0","0","Kevin: confirm scope, territory, capacity, credentials and recipient","Griffith Handyman;Sentinel Handyman LLC;Brush House Painting and Flooring Services of North Jersey"
"essex","newark","tile","2","2","0","0","Kevin: confirm scope, territory, capacity, credentials and recipient","Griffith Handyman;Brush House Painting and Flooring Services of North Jersey"
"essex","newark","plumbing","3","3","0","0","Kevin: confirm scope, territory, capacity, credentials and recipient","All County Plumbing and Heating;Daibes Plumbing and Heating;Clear Flow Plumbing Heating and HVAC"
"essex","newark","electrical","2","2","0","0","Kevin: confirm scope, territory, capacity, credentials and recipient","K2 Electric;HK Electrical Group"
"essex","north-caldwell","handyman","2","2","0","0","Kevin: confirm scope, territory, capacity, credentials and recipient","Griffith Handyman;Sentinel Handyman LLC"
"essex","north-caldwell","masonry","3","3","0","0","Kevin: confirm scope, territory, capacity, credentials and recipient","Griffith Handyman;Jersey Complete Construction;A&E Exteriors LLC"
"essex","north-caldwell","landscaping","3","3","0","0","Kevin: confirm scope, territory, capacity, credentials and recipient","Hubinger Landscaping;Finishing Touch Landscape Construction;Custom Clippings"
"essex","north-caldwell","painting","3","3","0","0","Kevin: confirm scope, territory, capacity, credentials and recipient","Griffith Handyman;Sentinel Handyman LLC;Brush House Painting and Flooring Services of North Jersey"
"essex","north-caldwell","drywall","3","3","0","0","Kevin: confirm scope, territory, capacity, credentials and recipient","Griffith Handyman;Sentinel Handyman LLC;Brush House Painting and Flooring Services of North Jersey"
"essex","north-caldwell","tile","2","2","0","0","Kevin: confirm scope, territory, capacity, credentials and recipient","Griffith Handyman;Brush House Painting and Flooring Services of North Jersey"
"essex","north-caldwell","plumbing","3","3","0","0","Kevin: confirm scope, territory, capacity, credentials and recipient","All County Plumbing and Heating;Daibes Plumbing and Heating;Clear Flow Plumbing Heating and HVAC"
"essex","north-caldwell","electrical","2","2","0","0","Kevin: confirm scope, territory, capacity, credentials and recipient","K2 Electric;HK Electrical Group"
"essex","nutley","handyman","3","3","0","0","Kevin: confirm scope, territory, capacity, credentials and recipient","Griffith Handyman;Sentinel Handyman LLC;Tropic Pro Services"
"essex","nutley","masonry","3","3","0","0","Kevin: confirm scope, territory, capacity, credentials and recipient","Griffith Handyman;Jersey Complete Construction;A&E Exteriors LLC"
"essex","nutley","landscaping","3","3","0","0","Kevin: confirm scope, territory, capacity, credentials and recipient","Hubinger Landscaping;Finishing Touch Landscape Construction;Custom Clippings"
"essex","nutley","painting","4","4","0","0","Kevin: confirm scope, territory, capacity, credentials and recipient","Griffith Handyman;Sentinel Handyman LLC;Brush House Painting and Flooring Services of North Jersey;Tropic Pro Services"
"essex","nutley","drywall","3","3","0","0","Kevin: confirm scope, territory, capacity, credentials and recipient","Griffith Handyman;Sentinel Handyman LLC;Brush House Painting and Flooring Services of North Jersey"
"essex","nutley","tile","2","2","0","0","Kevin: confirm scope, territory, capacity, credentials and recipient","Griffith Handyman;Brush House Painting and Flooring Services of North Jersey"
"essex","nutley","plumbing","3","3","0","0","Kevin: confirm scope, territory, capacity, credentials and recipient","All County Plumbing and Heating;Daibes Plumbing and Heating;Clear Flow Plumbing Heating and HVAC"
"essex","nutley","electrical","2","2","0","0","Kevin: confirm scope, territory, capacity, credentials and recipient","K2 Electric;HK Electrical Group"
"essex","orange","handyman","2","2","0","0","Kevin: confirm scope, territory, capacity, credentials and recipient","Griffith Handyman;Sentinel Handyman LLC"
"essex","orange","masonry","3","3","0","0","Kevin: confirm scope, territory, capacity, credentials and recipient","Griffith Handyman;Jersey Complete Construction;A&E Exteriors LLC"
"essex","orange","landscaping","3","3","0","0","Kevin: confirm scope, territory, capacity, credentials and recipient","Hubinger Landscaping;Finishing Touch Landscape Construction;Custom Clippings"
"essex","orange","painting","3","3","0","0","Kevin: confirm scope, territory, capacity, credentials and recipient","Griffith Handyman;Sentinel Handyman LLC;Brush House Painting and Flooring Services of North Jersey"
"essex","orange","drywall","3","3","0","0","Kevin: confirm scope, territory, capacity, credentials and recipient","Griffith Handyman;Sentinel Handyman LLC;Brush House Painting and Flooring Services of North Jersey"
"essex","orange","tile","2","2","0","0","Kevin: confirm scope, territory, capacity, credentials and recipient","Griffith Handyman;Brush House Painting and Flooring Services of North Jersey"
"essex","orange","plumbing","3","3","0","0","Kevin: confirm scope, territory, capacity, credentials and recipient","All County Plumbing and Heating;Daibes Plumbing and Heating;Clear Flow Plumbing Heating and HVAC"
"essex","orange","electrical","2","2","0","0","Kevin: confirm scope, territory, capacity, credentials and recipient","K2 Electric;HK Electrical Group"
"essex","roseland","handyman","2","2","0","0","Kevin: confirm scope, territory, capacity, credentials and recipient","Griffith Handyman;Sentinel Handyman LLC"
"essex","roseland","masonry","3","3","0","0","Kevin: confirm scope, territory, capacity, credentials and recipient","Griffith Handyman;Jersey Complete Construction;A&E Exteriors LLC"
"essex","roseland","landscaping","3","3","0","0","Kevin: confirm scope, territory, capacity, credentials and recipient","Hubinger Landscaping;Finishing Touch Landscape Construction;Custom Clippings"
"essex","roseland","painting","3","3","0","0","Kevin: confirm scope, territory, capacity, credentials and recipient","Griffith Handyman;Sentinel Handyman LLC;Brush House Painting and Flooring Services of North Jersey"
"essex","roseland","drywall","3","3","0","0","Kevin: confirm scope, territory, capacity, credentials and recipient","Griffith Handyman;Sentinel Handyman LLC;Brush House Painting and Flooring Services of North Jersey"
"essex","roseland","tile","2","2","0","0","Kevin: confirm scope, territory, capacity, credentials and recipient","Griffith Handyman;Brush House Painting and Flooring Services of North Jersey"
"essex","roseland","plumbing","3","3","0","0","Kevin: confirm scope, territory, capacity, credentials and recipient","All County Plumbing and Heating;Daibes Plumbing and Heating;Clear Flow Plumbing Heating and HVAC"
"essex","roseland","electrical","2","2","0","0","Kevin: confirm scope, territory, capacity, credentials and recipient","K2 Electric;HK Electrical Group"
"essex","south-orange","handyman","2","2","0","0","Kevin: confirm scope, territory, capacity, credentials and recipient","Griffith Handyman;Sentinel Handyman LLC"
"essex","south-orange","masonry","3","3","0","0","Kevin: confirm scope, territory, capacity, credentials and recipient","Griffith Handyman;Jersey Complete Construction;A&E Exteriors LLC"
"essex","south-orange","landscaping","3","3","0","0","Kevin: confirm scope, territory, capacity, credentials and recipient","Hubinger Landscaping;Finishing Touch Landscape Construction;Custom Clippings"
"essex","south-orange","painting","3","3","0","0","Kevin: confirm scope, territory, capacity, credentials and recipient","Griffith Handyman;Sentinel Handyman LLC;Brush House Painting and Flooring Services of North Jersey"
"essex","south-orange","drywall","3","3","0","0","Kevin: confirm scope, territory, capacity, credentials and recipient","Griffith Handyman;Sentinel Handyman LLC;Brush House Painting and Flooring Services of North Jersey"
"essex","south-orange","tile","2","2","0","0","Kevin: confirm scope, territory, capacity, credentials and recipient","Griffith Handyman;Brush House Painting and Flooring Services of North Jersey"
"essex","south-orange","plumbing","3","3","0","0","Kevin: confirm scope, territory, capacity, credentials and recipient","All County Plumbing and Heating;Daibes Plumbing and Heating;Clear Flow Plumbing Heating and HVAC"
"essex","south-orange","electrical","2","2","0","0","Kevin: confirm scope, territory, capacity, credentials and recipient","K2 Electric;HK Electrical Group"
"essex","verona","handyman","2","2","0","0","Kevin: confirm scope, territory, capacity, credentials and recipient","Griffith Handyman;Sentinel Handyman LLC"
"essex","verona","masonry","3","3","0","0","Kevin: confirm scope, territory, capacity, credentials and recipient","Griffith Handyman;Jersey Complete Construction;A&E Exteriors LLC"
"essex","verona","landscaping","3","3","0","0","Kevin: confirm scope, territory, capacity, credentials and recipient","Hubinger Landscaping;Finishing Touch Landscape Construction;Custom Clippings"
"essex","verona","painting","3","3","0","0","Kevin: confirm scope, territory, capacity, credentials and recipient","Griffith Handyman;Sentinel Handyman LLC;Brush House Painting and Flooring Services of North Jersey"
"essex","verona","drywall","3","3","0","0","Kevin: confirm scope, territory, capacity, credentials and recipient","Griffith Handyman;Sentinel Handyman LLC;Brush House Painting and Flooring Services of North Jersey"
"essex","verona","tile","2","2","0","0","Kevin: confirm scope, territory, capacity, credentials and recipient","Griffith Handyman;Brush House Painting and Flooring Services of North Jersey"
"essex","verona","plumbing","3","3","0","0","Kevin: confirm scope, territory, capacity, credentials and recipient","All County Plumbing and Heating;Daibes Plumbing and Heating;Clear Flow Plumbing Heating and HVAC"
"essex","verona","electrical","2","2","0","0","Kevin: confirm scope, territory, capacity, credentials and recipient","K2 Electric;HK Electrical Group"
"essex","west-caldwell","handyman","2","2","0","0","Kevin: confirm scope, territory, capacity, credentials and recipient","Griffith Handyman;Sentinel Handyman LLC"
"essex","west-caldwell","masonry","3","3","0","0","Kevin: confirm scope, territory, capacity, credentials and recipient","Griffith Handyman;Jersey Complete Construction;A&E Exteriors LLC"
"essex","west-caldwell","landscaping","3","3","0","0","Kevin: confirm scope, territory, capacity, credentials and recipient","Hubinger Landscaping;Finishing Touch Landscape Construction;Custom Clippings"
"essex","west-caldwell","painting","3","3","0","0","Kevin: confirm scope, territory, capacity, credentials and recipient","Griffith Handyman;Sentinel Handyman LLC;Brush House Painting and Flooring Services of North Jersey"
"essex","west-caldwell","drywall","3","3","0","0","Kevin: confirm scope, territory, capacity, credentials and recipient","Griffith Handyman;Sentinel Handyman LLC;Brush House Painting and Flooring Services of North Jersey"
"essex","west-caldwell","tile","2","2","0","0","Kevin: confirm scope, territory, capacity, credentials and recipient","Griffith Handyman;Brush House Painting and Flooring Services of North Jersey"
"essex","west-caldwell","plumbing","3","3","0","0","Kevin: confirm scope, territory, capacity, credentials and recipient","All County Plumbing and Heating;Daibes Plumbing and Heating;Clear Flow Plumbing Heating and HVAC"
"essex","west-caldwell","electrical","2","2","0","0","Kevin: confirm scope, territory, capacity, credentials and recipient","K2 Electric;HK Electrical Group"
"essex","west-orange","handyman","2","2","0","0","Kevin: confirm scope, territory, capacity, credentials and recipient","Griffith Handyman;Sentinel Handyman LLC"
"essex","west-orange","masonry","3","3","0","0","Kevin: confirm scope, territory, capacity, credentials and recipient","Griffith Handyman;Jersey Complete Construction;A&E Exteriors LLC"
"essex","west-orange","landscaping","3","3","0","0","Kevin: confirm scope, territory, capacity, credentials and recipient","Hubinger Landscaping;Finishing Touch Landscape Construction;Custom Clippings"
"essex","west-orange","painting","3","3","0","0","Kevin: confirm scope, territory, capacity, credentials and recipient","Griffith Handyman;Sentinel Handyman LLC;Brush House Painting and Flooring Services of North Jersey"
"essex","west-orange","drywall","3","3","0","0","Kevin: confirm scope, territory, capacity, credentials and recipient","Griffith Handyman;Sentinel Handyman LLC;Brush House Painting and Flooring Services of North Jersey"
"essex","west-orange","tile","2","2","0","0","Kevin: confirm scope, territory, capacity, credentials and recipient","Griffith Handyman;Brush House Painting and Flooring Services of North Jersey"
"essex","west-orange","plumbing","3","3","0","0","Kevin: confirm scope, territory, capacity, credentials and recipient","All County Plumbing and Heating;Daibes Plumbing and Heating;Clear Flow Plumbing Heating and HVAC"
"essex","west-orange","electrical","2","2","0","0","Kevin: confirm scope, territory, capacity, credentials and recipient","K2 Electric;HK Electrical Group"
"hudson","bayonne","handyman","2","2","0","0","Kevin: confirm scope, territory, capacity, credentials and recipient","Griffith Handyman;Sentinel Handyman LLC"
"hudson","bayonne","masonry","3","3","0","0","Kevin: confirm scope, territory, capacity, credentials and recipient","Griffith Handyman;Jersey Complete Construction;A&E Exteriors LLC"
"hudson","bayonne","landscaping","2","2","0","0","Kevin: confirm scope, territory, capacity, credentials and recipient","Hubinger Landscaping;Finishing Touch Landscape Construction"
"hudson","bayonne","painting","3","3","0","0","Kevin: confirm scope, territory, capacity, credentials and recipient","Griffith Handyman;Sentinel Handyman LLC;Brush House Painting and Flooring Services of North Jersey"
"hudson","bayonne","drywall","3","3","0","0","Kevin: confirm scope, territory, capacity, credentials and recipient","Griffith Handyman;Sentinel Handyman LLC;Brush House Painting and Flooring Services of North Jersey"
"hudson","bayonne","tile","2","2","0","0","Kevin: confirm scope, territory, capacity, credentials and recipient","Griffith Handyman;Brush House Painting and Flooring Services of North Jersey"
"hudson","bayonne","plumbing","3","3","0","0","Kevin: confirm scope, territory, capacity, credentials and recipient","All County Plumbing and Heating;Daibes Plumbing and Heating;Clear Flow Plumbing Heating and HVAC"
"hudson","bayonne","electrical","2","2","0","0","Kevin: confirm scope, territory, capacity, credentials and recipient","K2 Electric;HK Electrical Group"
"hudson","east-newark","handyman","2","2","0","0","Kevin: confirm scope, territory, capacity, credentials and recipient","Griffith Handyman;Sentinel Handyman LLC"
"hudson","east-newark","masonry","3","3","0","0","Kevin: confirm scope, territory, capacity, credentials and recipient","Griffith Handyman;Jersey Complete Construction;A&E Exteriors LLC"
"hudson","east-newark","landscaping","2","2","0","0","Kevin: confirm scope, territory, capacity, credentials and recipient","Hubinger Landscaping;Finishing Touch Landscape Construction"
"hudson","east-newark","painting","3","3","0","0","Kevin: confirm scope, territory, capacity, credentials and recipient","Griffith Handyman;Sentinel Handyman LLC;Brush House Painting and Flooring Services of North Jersey"
"hudson","east-newark","drywall","3","3","0","0","Kevin: confirm scope, territory, capacity, credentials and recipient","Griffith Handyman;Sentinel Handyman LLC;Brush House Painting and Flooring Services of North Jersey"
"hudson","east-newark","tile","2","2","0","0","Kevin: confirm scope, territory, capacity, credentials and recipient","Griffith Handyman;Brush House Painting and Flooring Services of North Jersey"
"hudson","east-newark","plumbing","3","3","0","0","Kevin: confirm scope, territory, capacity, credentials and recipient","All County Plumbing and Heating;Daibes Plumbing and Heating;Clear Flow Plumbing Heating and HVAC"
"hudson","east-newark","electrical","2","2","0","0","Kevin: confirm scope, territory, capacity, credentials and recipient","K2 Electric;HK Electrical Group"
"hudson","guttenberg","handyman","2","2","0","0","Kevin: confirm scope, territory, capacity, credentials and recipient","Griffith Handyman;Sentinel Handyman LLC"
"hudson","guttenberg","masonry","3","3","0","0","Kevin: confirm scope, territory, capacity, credentials and recipient","Griffith Handyman;Jersey Complete Construction;A&E Exteriors LLC"
"hudson","guttenberg","landscaping","2","2","0","0","Kevin: confirm scope, territory, capacity, credentials and recipient","Hubinger Landscaping;Finishing Touch Landscape Construction"
"hudson","guttenberg","painting","3","3","0","0","Kevin: confirm scope, territory, capacity, credentials and recipient","Griffith Handyman;Sentinel Handyman LLC;Brush House Painting and Flooring Services of North Jersey"
"hudson","guttenberg","drywall","3","3","0","0","Kevin: confirm scope, territory, capacity, credentials and recipient","Griffith Handyman;Sentinel Handyman LLC;Brush House Painting and Flooring Services of North Jersey"
"hudson","guttenberg","tile","2","2","0","0","Kevin: confirm scope, territory, capacity, credentials and recipient","Griffith Handyman;Brush House Painting and Flooring Services of North Jersey"
"hudson","guttenberg","plumbing","3","3","0","0","Kevin: confirm scope, territory, capacity, credentials and recipient","All County Plumbing and Heating;Daibes Plumbing and Heating;Clear Flow Plumbing Heating and HVAC"
"hudson","guttenberg","electrical","2","2","0","0","Kevin: confirm scope, territory, capacity, credentials and recipient","K2 Electric;HK Electrical Group"
"hudson","harrison","handyman","2","2","0","0","Kevin: confirm scope, territory, capacity, credentials and recipient","Griffith Handyman;Sentinel Handyman LLC"
"hudson","harrison","masonry","3","3","0","0","Kevin: confirm scope, territory, capacity, credentials and recipient","Griffith Handyman;Jersey Complete Construction;A&E Exteriors LLC"
"hudson","harrison","landscaping","2","2","0","0","Kevin: confirm scope, territory, capacity, credentials and recipient","Hubinger Landscaping;Finishing Touch Landscape Construction"
"hudson","harrison","painting","3","3","0","0","Kevin: confirm scope, territory, capacity, credentials and recipient","Griffith Handyman;Sentinel Handyman LLC;Brush House Painting and Flooring Services of North Jersey"
"hudson","harrison","drywall","3","3","0","0","Kevin: confirm scope, territory, capacity, credentials and recipient","Griffith Handyman;Sentinel Handyman LLC;Brush House Painting and Flooring Services of North Jersey"
"hudson","harrison","tile","2","2","0","0","Kevin: confirm scope, territory, capacity, credentials and recipient","Griffith Handyman;Brush House Painting and Flooring Services of North Jersey"
"hudson","harrison","plumbing","3","3","0","0","Kevin: confirm scope, territory, capacity, credentials and recipient","All County Plumbing and Heating;Daibes Plumbing and Heating;Clear Flow Plumbing Heating and HVAC"
"hudson","harrison","electrical","2","2","0","0","Kevin: confirm scope, territory, capacity, credentials and recipient","K2 Electric;HK Electrical Group"
"hudson","hoboken","handyman","3","3","0","0","Kevin: confirm scope, territory, capacity, credentials and recipient","Griffith Handyman;Sentinel Handyman LLC;Handyman on the Hudson"
"hudson","hoboken","masonry","3","3","0","0","Kevin: confirm scope, territory, capacity, credentials and recipient","Griffith Handyman;Jersey Complete Construction;A&E Exteriors LLC"
"hudson","hoboken","landscaping","2","2","0","0","Kevin: confirm scope, territory, capacity, credentials and recipient","Hubinger Landscaping;Finishing Touch Landscape Construction"
"hudson","hoboken","painting","3","3","0","0","Kevin: confirm scope, territory, capacity, credentials and recipient","Griffith Handyman;Sentinel Handyman LLC;Brush House Painting and Flooring Services of North Jersey"
"hudson","hoboken","drywall","4","4","0","0","Kevin: confirm scope, territory, capacity, credentials and recipient","Griffith Handyman;Sentinel Handyman LLC;Brush House Painting and Flooring Services of North Jersey;Handyman on the Hudson"
"hudson","hoboken","tile","2","2","0","0","Kevin: confirm scope, territory, capacity, credentials and recipient","Griffith Handyman;Brush House Painting and Flooring Services of North Jersey"
"hudson","hoboken","plumbing","3","3","0","0","Kevin: confirm scope, territory, capacity, credentials and recipient","All County Plumbing and Heating;Daibes Plumbing and Heating;Clear Flow Plumbing Heating and HVAC"
"hudson","hoboken","electrical","2","2","0","0","Kevin: confirm scope, territory, capacity, credentials and recipient","K2 Electric;HK Electrical Group"
"hudson","jersey-city","handyman","4","4","0","0","Kevin: confirm scope, territory, capacity, credentials and recipient","Griffith Handyman;Sentinel Handyman LLC;Handyman on the Hudson;Tropic Pro Services"
"hudson","jersey-city","masonry","3","3","0","0","Kevin: confirm scope, territory, capacity, credentials and recipient","Griffith Handyman;Jersey Complete Construction;A&E Exteriors LLC"
"hudson","jersey-city","landscaping","2","2","0","0","Kevin: confirm scope, territory, capacity, credentials and recipient","Hubinger Landscaping;Finishing Touch Landscape Construction"
"hudson","jersey-city","painting","4","4","0","0","Kevin: confirm scope, territory, capacity, credentials and recipient","Griffith Handyman;Sentinel Handyman LLC;Brush House Painting and Flooring Services of North Jersey;Tropic Pro Services"
"hudson","jersey-city","drywall","4","4","0","0","Kevin: confirm scope, territory, capacity, credentials and recipient","Griffith Handyman;Sentinel Handyman LLC;Brush House Painting and Flooring Services of North Jersey;Handyman on the Hudson"
"hudson","jersey-city","tile","2","2","0","0","Kevin: confirm scope, territory, capacity, credentials and recipient","Griffith Handyman;Brush House Painting and Flooring Services of North Jersey"
"hudson","jersey-city","plumbing","3","3","0","0","Kevin: confirm scope, territory, capacity, credentials and recipient","All County Plumbing and Heating;Daibes Plumbing and Heating;Clear Flow Plumbing Heating and HVAC"
"hudson","jersey-city","electrical","2","2","0","0","Kevin: confirm scope, territory, capacity, credentials and recipient","K2 Electric;HK Electrical Group"
"hudson","kearny","handyman","2","2","0","0","Kevin: confirm scope, territory, capacity, credentials and recipient","Griffith Handyman;Sentinel Handyman LLC"
"hudson","kearny","masonry","3","3","0","0","Kevin: confirm scope, territory, capacity, credentials and recipient","Griffith Handyman;Jersey Complete Construction;A&E Exteriors LLC"
"hudson","kearny","landscaping","2","2","0","0","Kevin: confirm scope, territory, capacity, credentials and recipient","Hubinger Landscaping;Finishing Touch Landscape Construction"
"hudson","kearny","painting","3","3","0","0","Kevin: confirm scope, territory, capacity, credentials and recipient","Griffith Handyman;Sentinel Handyman LLC;Brush House Painting and Flooring Services of North Jersey"
"hudson","kearny","drywall","3","3","0","0","Kevin: confirm scope, territory, capacity, credentials and recipient","Griffith Handyman;Sentinel Handyman LLC;Brush House Painting and Flooring Services of North Jersey"
"hudson","kearny","tile","2","2","0","0","Kevin: confirm scope, territory, capacity, credentials and recipient","Griffith Handyman;Brush House Painting and Flooring Services of North Jersey"
"hudson","kearny","plumbing","3","3","0","0","Kevin: confirm scope, territory, capacity, credentials and recipient","All County Plumbing and Heating;Daibes Plumbing and Heating;Clear Flow Plumbing Heating and HVAC"
"hudson","kearny","electrical","2","2","0","0","Kevin: confirm scope, territory, capacity, credentials and recipient","K2 Electric;HK Electrical Group"
"hudson","north-bergen","handyman","2","2","0","0","Kevin: confirm scope, territory, capacity, credentials and recipient","Griffith Handyman;Sentinel Handyman LLC"
"hudson","north-bergen","masonry","3","3","0","0","Kevin: confirm scope, territory, capacity, credentials and recipient","Griffith Handyman;Jersey Complete Construction;A&E Exteriors LLC"
"hudson","north-bergen","landscaping","2","2","0","0","Kevin: confirm scope, territory, capacity, credentials and recipient","Hubinger Landscaping;Finishing Touch Landscape Construction"
"hudson","north-bergen","painting","3","3","0","0","Kevin: confirm scope, territory, capacity, credentials and recipient","Griffith Handyman;Sentinel Handyman LLC;Brush House Painting and Flooring Services of North Jersey"
"hudson","north-bergen","drywall","3","3","0","0","Kevin: confirm scope, territory, capacity, credentials and recipient","Griffith Handyman;Sentinel Handyman LLC;Brush House Painting and Flooring Services of North Jersey"
"hudson","north-bergen","tile","2","2","0","0","Kevin: confirm scope, territory, capacity, credentials and recipient","Griffith Handyman;Brush House Painting and Flooring Services of North Jersey"
"hudson","north-bergen","plumbing","3","3","0","0","Kevin: confirm scope, territory, capacity, credentials and recipient","All County Plumbing and Heating;Daibes Plumbing and Heating;Clear Flow Plumbing Heating and HVAC"
"hudson","north-bergen","electrical","2","2","0","0","Kevin: confirm scope, territory, capacity, credentials and recipient","K2 Electric;HK Electrical Group"
"hudson","secaucus","handyman","2","2","0","0","Kevin: confirm scope, territory, capacity, credentials and recipient","Griffith Handyman;Sentinel Handyman LLC"
"hudson","secaucus","masonry","3","3","0","0","Kevin: confirm scope, territory, capacity, credentials and recipient","Griffith Handyman;Jersey Complete Construction;A&E Exteriors LLC"
"hudson","secaucus","landscaping","2","2","0","0","Kevin: confirm scope, territory, capacity, credentials and recipient","Hubinger Landscaping;Finishing Touch Landscape Construction"
"hudson","secaucus","painting","3","3","0","0","Kevin: confirm scope, territory, capacity, credentials and recipient","Griffith Handyman;Sentinel Handyman LLC;Brush House Painting and Flooring Services of North Jersey"
"hudson","secaucus","drywall","3","3","0","0","Kevin: confirm scope, territory, capacity, credentials and recipient","Griffith Handyman;Sentinel Handyman LLC;Brush House Painting and Flooring Services of North Jersey"
"hudson","secaucus","tile","2","2","0","0","Kevin: confirm scope, territory, capacity, credentials and recipient","Griffith Handyman;Brush House Painting and Flooring Services of North Jersey"
"hudson","secaucus","plumbing","3","3","0","0","Kevin: confirm scope, territory, capacity, credentials and recipient","All County Plumbing and Heating;Daibes Plumbing and Heating;Clear Flow Plumbing Heating and HVAC"
"hudson","secaucus","electrical","2","2","0","0","Kevin: confirm scope, territory, capacity, credentials and recipient","K2 Electric;HK Electrical Group"
"hudson","union-city","handyman","2","2","0","0","Kevin: confirm scope, territory, capacity, credentials and recipient","Griffith Handyman;Sentinel Handyman LLC"
"hudson","union-city","masonry","3","3","0","0","Kevin: confirm scope, territory, capacity, credentials and recipient","Griffith Handyman;Jersey Complete Construction;A&E Exteriors LLC"
"hudson","union-city","landscaping","2","2","0","0","Kevin: confirm scope, territory, capacity, credentials and recipient","Hubinger Landscaping;Finishing Touch Landscape Construction"
"hudson","union-city","painting","3","3","0","0","Kevin: confirm scope, territory, capacity, credentials and recipient","Griffith Handyman;Sentinel Handyman LLC;Brush House Painting and Flooring Services of North Jersey"
"hudson","union-city","drywall","3","3","0","0","Kevin: confirm scope, territory, capacity, credentials and recipient","Griffith Handyman;Sentinel Handyman LLC;Brush House Painting and Flooring Services of North Jersey"
"hudson","union-city","tile","2","2","0","0","Kevin: confirm scope, territory, capacity, credentials and recipient","Griffith Handyman;Brush House Painting and Flooring Services of North Jersey"
"hudson","union-city","plumbing","3","3","0","0","Kevin: confirm scope, territory, capacity, credentials and recipient","All County Plumbing and Heating;Daibes Plumbing and Heating;Clear Flow Plumbing Heating and HVAC"
"hudson","union-city","electrical","2","2","0","0","Kevin: confirm scope, territory, capacity, credentials and recipient","K2 Electric;HK Electrical Group"
"hudson","weehawken","handyman","2","2","0","0","Kevin: confirm scope, territory, capacity, credentials and recipient","Griffith Handyman;Sentinel Handyman LLC"
"hudson","weehawken","masonry","3","3","0","0","Kevin: confirm scope, territory, capacity, credentials and recipient","Griffith Handyman;Jersey Complete Construction;A&E Exteriors LLC"
"hudson","weehawken","landscaping","2","2","0","0","Kevin: confirm scope, territory, capacity, credentials and recipient","Hubinger Landscaping;Finishing Touch Landscape Construction"
"hudson","weehawken","painting","3","3","0","0","Kevin: confirm scope, territory, capacity, credentials and recipient","Griffith Handyman;Sentinel Handyman LLC;Brush House Painting and Flooring Services of North Jersey"
"hudson","weehawken","drywall","3","3","0","0","Kevin: confirm scope, territory, capacity, credentials and recipient","Griffith Handyman;Sentinel Handyman LLC;Brush House Painting and Flooring Services of North Jersey"
"hudson","weehawken","tile","2","2","0","0","Kevin: confirm scope, territory, capacity, credentials and recipient","Griffith Handyman;Brush House Painting and Flooring Services of North Jersey"
"hudson","weehawken","plumbing","3","3","0","0","Kevin: confirm scope, territory, capacity, credentials and recipient","All County Plumbing and Heating;Daibes Plumbing and Heating;Clear Flow Plumbing Heating and HVAC"
"hudson","weehawken","electrical","2","2","0","0","Kevin: confirm scope, territory, capacity, credentials and recipient","K2 Electric;HK Electrical Group"
"hudson","west-new-york","handyman","2","2","0","0","Kevin: confirm scope, territory, capacity, credentials and recipient","Griffith Handyman;Sentinel Handyman LLC"
"hudson","west-new-york","masonry","3","3","0","0","Kevin: confirm scope, territory, capacity, credentials and recipient","Griffith Handyman;Jersey Complete Construction;A&E Exteriors LLC"
"hudson","west-new-york","landscaping","2","2","0","0","Kevin: confirm scope, territory, capacity, credentials and recipient","Hubinger Landscaping;Finishing Touch Landscape Construction"
"hudson","west-new-york","painting","3","3","0","0","Kevin: confirm scope, territory, capacity, credentials and recipient","Griffith Handyman;Sentinel Handyman LLC;Brush House Painting and Flooring Services of North Jersey"
"hudson","west-new-york","drywall","3","3","0","0","Kevin: confirm scope, territory, capacity, credentials and recipient","Griffith Handyman;Sentinel Handyman LLC;Brush House Painting and Flooring Services of North Jersey"
"hudson","west-new-york","tile","2","2","0","0","Kevin: confirm scope, territory, capacity, credentials and recipient","Griffith Handyman;Brush House Painting and Flooring Services of North Jersey"
"hudson","west-new-york","plumbing","3","3","0","0","Kevin: confirm scope, territory, capacity, credentials and recipient","All County Plumbing and Heating;Daibes Plumbing and Heating;Clear Flow Plumbing Heating and HVAC"
"hudson","west-new-york","electrical","2","2","0","0","Kevin: confirm scope, territory, capacity, credentials and recipient","K2 Electric;HK Electrical Group"
"morris","boonton","handyman","3","3","0","0","Kevin: confirm scope, territory, capacity, credentials and recipient","Griffith Handyman;Sentinel Handyman LLC;Silver Hammer Handyman"
"morris","boonton","masonry","3","3","0","0","Kevin: confirm scope, territory, capacity, credentials and recipient","Griffith Handyman;Jersey Complete Construction;A&E Exteriors LLC"
"morris","boonton","landscaping","3","3","0","0","Kevin: confirm scope, territory, capacity, credentials and recipient","Hubinger Landscaping;Finishing Touch Landscape Construction;Custom Clippings"
"morris","boonton","painting","4","4","0","0","Kevin: confirm scope, territory, capacity, credentials and recipient","Griffith Handyman;Sentinel Handyman LLC;Silver Hammer Handyman;Brush House Painting and Flooring Services of North Jersey"
"morris","boonton","drywall","4","4","0","0","Kevin: confirm scope, territory, capacity, credentials and recipient","Griffith Handyman;Sentinel Handyman LLC;Silver Hammer Handyman;Brush House Painting and Flooring Services of North Jersey"
"morris","boonton","tile","3","3","0","0","Kevin: confirm scope, territory, capacity, credentials and recipient","Griffith Handyman;Silver Hammer Handyman;Brush House Painting and Flooring Services of North Jersey"
"morris","boonton","plumbing","3","3","0","0","Kevin: confirm scope, territory, capacity, credentials and recipient","All County Plumbing and Heating;Daibes Plumbing and Heating;All A's Plumbing and Heating"
"morris","boonton","electrical","2","2","0","0","Kevin: confirm scope, territory, capacity, credentials and recipient","K2 Electric;HK Electrical Group"
"morris","boonton-township","handyman","3","3","0","0","Kevin: confirm scope, territory, capacity, credentials and recipient","Griffith Handyman;Sentinel Handyman LLC;Silver Hammer Handyman"
"morris","boonton-township","masonry","3","3","0","0","Kevin: confirm scope, territory, capacity, credentials and recipient","Griffith Handyman;Jersey Complete Construction;A&E Exteriors LLC"
"morris","boonton-township","landscaping","3","3","0","0","Kevin: confirm scope, territory, capacity, credentials and recipient","Hubinger Landscaping;Finishing Touch Landscape Construction;Custom Clippings"
"morris","boonton-township","painting","4","4","0","0","Kevin: confirm scope, territory, capacity, credentials and recipient","Griffith Handyman;Sentinel Handyman LLC;Silver Hammer Handyman;Brush House Painting and Flooring Services of North Jersey"
"morris","boonton-township","drywall","4","4","0","0","Kevin: confirm scope, territory, capacity, credentials and recipient","Griffith Handyman;Sentinel Handyman LLC;Silver Hammer Handyman;Brush House Painting and Flooring Services of North Jersey"
"morris","boonton-township","tile","3","3","0","0","Kevin: confirm scope, territory, capacity, credentials and recipient","Griffith Handyman;Silver Hammer Handyman;Brush House Painting and Flooring Services of North Jersey"
"morris","boonton-township","plumbing","3","3","0","0","Kevin: confirm scope, territory, capacity, credentials and recipient","All County Plumbing and Heating;Daibes Plumbing and Heating;All A's Plumbing and Heating"
"morris","boonton-township","electrical","2","2","0","0","Kevin: confirm scope, territory, capacity, credentials and recipient","K2 Electric;HK Electrical Group"
"morris","butler","handyman","3","3","0","0","Kevin: confirm scope, territory, capacity, credentials and recipient","Griffith Handyman;Sentinel Handyman LLC;Silver Hammer Handyman"
"morris","butler","masonry","3","3","0","0","Kevin: confirm scope, territory, capacity, credentials and recipient","Griffith Handyman;Jersey Complete Construction;A&E Exteriors LLC"
"morris","butler","landscaping","3","3","0","0","Kevin: confirm scope, territory, capacity, credentials and recipient","Hubinger Landscaping;Finishing Touch Landscape Construction;Custom Clippings"
"morris","butler","painting","4","4","0","0","Kevin: confirm scope, territory, capacity, credentials and recipient","Griffith Handyman;Sentinel Handyman LLC;Silver Hammer Handyman;Brush House Painting and Flooring Services of North Jersey"
"morris","butler","drywall","4","4","0","0","Kevin: confirm scope, territory, capacity, credentials and recipient","Griffith Handyman;Sentinel Handyman LLC;Silver Hammer Handyman;Brush House Painting and Flooring Services of North Jersey"
"morris","butler","tile","3","3","0","0","Kevin: confirm scope, territory, capacity, credentials and recipient","Griffith Handyman;Silver Hammer Handyman;Brush House Painting and Flooring Services of North Jersey"
"morris","butler","plumbing","3","3","0","0","Kevin: confirm scope, territory, capacity, credentials and recipient","All County Plumbing and Heating;Daibes Plumbing and Heating;All A's Plumbing and Heating"
"morris","butler","electrical","2","2","0","0","Kevin: confirm scope, territory, capacity, credentials and recipient","K2 Electric;HK Electrical Group"
"morris","chatham-borough","handyman","3","3","0","0","Kevin: confirm scope, territory, capacity, credentials and recipient","Griffith Handyman;Sentinel Handyman LLC;Silver Hammer Handyman"
"morris","chatham-borough","masonry","3","3","0","0","Kevin: confirm scope, territory, capacity, credentials and recipient","Griffith Handyman;Jersey Complete Construction;A&E Exteriors LLC"
"morris","chatham-borough","landscaping","3","3","0","0","Kevin: confirm scope, territory, capacity, credentials and recipient","Hubinger Landscaping;Finishing Touch Landscape Construction;Custom Clippings"
"morris","chatham-borough","painting","4","4","0","0","Kevin: confirm scope, territory, capacity, credentials and recipient","Griffith Handyman;Sentinel Handyman LLC;Silver Hammer Handyman;Brush House Painting and Flooring Services of North Jersey"
"morris","chatham-borough","drywall","4","4","0","0","Kevin: confirm scope, territory, capacity, credentials and recipient","Griffith Handyman;Sentinel Handyman LLC;Silver Hammer Handyman;Brush House Painting and Flooring Services of North Jersey"
"morris","chatham-borough","tile","3","3","0","0","Kevin: confirm scope, territory, capacity, credentials and recipient","Griffith Handyman;Silver Hammer Handyman;Brush House Painting and Flooring Services of North Jersey"
"morris","chatham-borough","plumbing","3","3","0","0","Kevin: confirm scope, territory, capacity, credentials and recipient","All County Plumbing and Heating;Daibes Plumbing and Heating;All A's Plumbing and Heating"
"morris","chatham-borough","electrical","2","2","0","0","Kevin: confirm scope, territory, capacity, credentials and recipient","K2 Electric;HK Electrical Group"
"morris","chatham-township","handyman","3","3","0","0","Kevin: confirm scope, territory, capacity, credentials and recipient","Griffith Handyman;Sentinel Handyman LLC;Silver Hammer Handyman"
"morris","chatham-township","masonry","3","3","0","0","Kevin: confirm scope, territory, capacity, credentials and recipient","Griffith Handyman;Jersey Complete Construction;A&E Exteriors LLC"
"morris","chatham-township","landscaping","3","3","0","0","Kevin: confirm scope, territory, capacity, credentials and recipient","Hubinger Landscaping;Finishing Touch Landscape Construction;Custom Clippings"
"morris","chatham-township","painting","4","4","0","0","Kevin: confirm scope, territory, capacity, credentials and recipient","Griffith Handyman;Sentinel Handyman LLC;Silver Hammer Handyman;Brush House Painting and Flooring Services of North Jersey"
"morris","chatham-township","drywall","4","4","0","0","Kevin: confirm scope, territory, capacity, credentials and recipient","Griffith Handyman;Sentinel Handyman LLC;Silver Hammer Handyman;Brush House Painting and Flooring Services of North Jersey"
"morris","chatham-township","tile","3","3","0","0","Kevin: confirm scope, territory, capacity, credentials and recipient","Griffith Handyman;Silver Hammer Handyman;Brush House Painting and Flooring Services of North Jersey"
"morris","chatham-township","plumbing","3","3","0","0","Kevin: confirm scope, territory, capacity, credentials and recipient","All County Plumbing and Heating;Daibes Plumbing and Heating;All A's Plumbing and Heating"
"morris","chatham-township","electrical","2","2","0","0","Kevin: confirm scope, territory, capacity, credentials and recipient","K2 Electric;HK Electrical Group"
"morris","chester-borough","handyman","3","3","0","0","Kevin: confirm scope, territory, capacity, credentials and recipient","Griffith Handyman;Sentinel Handyman LLC;Silver Hammer Handyman"
"morris","chester-borough","masonry","3","3","0","0","Kevin: confirm scope, territory, capacity, credentials and recipient","Griffith Handyman;Jersey Complete Construction;A&E Exteriors LLC"
"morris","chester-borough","landscaping","3","3","0","0","Kevin: confirm scope, territory, capacity, credentials and recipient","Hubinger Landscaping;Finishing Touch Landscape Construction;Custom Clippings"
"morris","chester-borough","painting","4","4","0","0","Kevin: confirm scope, territory, capacity, credentials and recipient","Griffith Handyman;Sentinel Handyman LLC;Silver Hammer Handyman;Brush House Painting and Flooring Services of North Jersey"
"morris","chester-borough","drywall","4","4","0","0","Kevin: confirm scope, territory, capacity, credentials and recipient","Griffith Handyman;Sentinel Handyman LLC;Silver Hammer Handyman;Brush House Painting and Flooring Services of North Jersey"
"morris","chester-borough","tile","3","3","0","0","Kevin: confirm scope, territory, capacity, credentials and recipient","Griffith Handyman;Silver Hammer Handyman;Brush House Painting and Flooring Services of North Jersey"
"morris","chester-borough","plumbing","3","3","0","0","Kevin: confirm scope, territory, capacity, credentials and recipient","All County Plumbing and Heating;Daibes Plumbing and Heating;All A's Plumbing and Heating"
"morris","chester-borough","electrical","2","2","0","0","Kevin: confirm scope, territory, capacity, credentials and recipient","K2 Electric;HK Electrical Group"
"morris","chester-township","handyman","3","3","0","0","Kevin: confirm scope, territory, capacity, credentials and recipient","Griffith Handyman;Sentinel Handyman LLC;Silver Hammer Handyman"
"morris","chester-township","masonry","3","3","0","0","Kevin: confirm scope, territory, capacity, credentials and recipient","Griffith Handyman;Jersey Complete Construction;A&E Exteriors LLC"
"morris","chester-township","landscaping","3","3","0","0","Kevin: confirm scope, territory, capacity, credentials and recipient","Hubinger Landscaping;Finishing Touch Landscape Construction;Custom Clippings"
"morris","chester-township","painting","4","4","0","0","Kevin: confirm scope, territory, capacity, credentials and recipient","Griffith Handyman;Sentinel Handyman LLC;Silver Hammer Handyman;Brush House Painting and Flooring Services of North Jersey"
"morris","chester-township","drywall","4","4","0","0","Kevin: confirm scope, territory, capacity, credentials and recipient","Griffith Handyman;Sentinel Handyman LLC;Silver Hammer Handyman;Brush House Painting and Flooring Services of North Jersey"
"morris","chester-township","tile","3","3","0","0","Kevin: confirm scope, territory, capacity, credentials and recipient","Griffith Handyman;Silver Hammer Handyman;Brush House Painting and Flooring Services of North Jersey"
"morris","chester-township","plumbing","3","3","0","0","Kevin: confirm scope, territory, capacity, credentials and recipient","All County Plumbing and Heating;Daibes Plumbing and Heating;All A's Plumbing and Heating"
"morris","chester-township","electrical","2","2","0","0","Kevin: confirm scope, territory, capacity, credentials and recipient","K2 Electric;HK Electrical Group"
"morris","denville","handyman","3","3","0","0","Kevin: confirm scope, territory, capacity, credentials and recipient","Griffith Handyman;Sentinel Handyman LLC;Silver Hammer Handyman"
"morris","denville","masonry","3","3","0","0","Kevin: confirm scope, territory, capacity, credentials and recipient","Griffith Handyman;Jersey Complete Construction;A&E Exteriors LLC"
"morris","denville","landscaping","3","3","0","0","Kevin: confirm scope, territory, capacity, credentials and recipient","Hubinger Landscaping;Finishing Touch Landscape Construction;Custom Clippings"
"morris","denville","painting","4","4","0","0","Kevin: confirm scope, territory, capacity, credentials and recipient","Griffith Handyman;Sentinel Handyman LLC;Silver Hammer Handyman;Brush House Painting and Flooring Services of North Jersey"
"morris","denville","drywall","4","4","0","0","Kevin: confirm scope, territory, capacity, credentials and recipient","Griffith Handyman;Sentinel Handyman LLC;Silver Hammer Handyman;Brush House Painting and Flooring Services of North Jersey"
"morris","denville","tile","3","3","0","0","Kevin: confirm scope, territory, capacity, credentials and recipient","Griffith Handyman;Silver Hammer Handyman;Brush House Painting and Flooring Services of North Jersey"
"morris","denville","plumbing","3","3","0","0","Kevin: confirm scope, territory, capacity, credentials and recipient","All County Plumbing and Heating;Daibes Plumbing and Heating;All A's Plumbing and Heating"
"morris","denville","electrical","2","2","0","0","Kevin: confirm scope, territory, capacity, credentials and recipient","K2 Electric;HK Electrical Group"
"morris","dover","handyman","3","3","0","0","Kevin: confirm scope, territory, capacity, credentials and recipient","Griffith Handyman;Sentinel Handyman LLC;Silver Hammer Handyman"
"morris","dover","masonry","3","3","0","0","Kevin: confirm scope, territory, capacity, credentials and recipient","Griffith Handyman;Jersey Complete Construction;A&E Exteriors LLC"
"morris","dover","landscaping","3","3","0","0","Kevin: confirm scope, territory, capacity, credentials and recipient","Hubinger Landscaping;Finishing Touch Landscape Construction;Custom Clippings"
"morris","dover","painting","4","4","0","0","Kevin: confirm scope, territory, capacity, credentials and recipient","Griffith Handyman;Sentinel Handyman LLC;Silver Hammer Handyman;Brush House Painting and Flooring Services of North Jersey"
"morris","dover","drywall","4","4","0","0","Kevin: confirm scope, territory, capacity, credentials and recipient","Griffith Handyman;Sentinel Handyman LLC;Silver Hammer Handyman;Brush House Painting and Flooring Services of North Jersey"
"morris","dover","tile","3","3","0","0","Kevin: confirm scope, territory, capacity, credentials and recipient","Griffith Handyman;Silver Hammer Handyman;Brush House Painting and Flooring Services of North Jersey"
"morris","dover","plumbing","3","3","0","0","Kevin: confirm scope, territory, capacity, credentials and recipient","All County Plumbing and Heating;Daibes Plumbing and Heating;All A's Plumbing and Heating"
"morris","dover","electrical","2","2","0","0","Kevin: confirm scope, territory, capacity, credentials and recipient","K2 Electric;HK Electrical Group"
"morris","harding","handyman","3","3","0","0","Kevin: confirm scope, territory, capacity, credentials and recipient","Griffith Handyman;Sentinel Handyman LLC;Silver Hammer Handyman"
"morris","harding","masonry","3","3","0","0","Kevin: confirm scope, territory, capacity, credentials and recipient","Griffith Handyman;Jersey Complete Construction;A&E Exteriors LLC"
"morris","harding","landscaping","3","3","0","0","Kevin: confirm scope, territory, capacity, credentials and recipient","Hubinger Landscaping;Finishing Touch Landscape Construction;Custom Clippings"
"morris","harding","painting","4","4","0","0","Kevin: confirm scope, territory, capacity, credentials and recipient","Griffith Handyman;Sentinel Handyman LLC;Silver Hammer Handyman;Brush House Painting and Flooring Services of North Jersey"
"morris","harding","drywall","4","4","0","0","Kevin: confirm scope, territory, capacity, credentials and recipient","Griffith Handyman;Sentinel Handyman LLC;Silver Hammer Handyman;Brush House Painting and Flooring Services of North Jersey"
"morris","harding","tile","3","3","0","0","Kevin: confirm scope, territory, capacity, credentials and recipient","Griffith Handyman;Silver Hammer Handyman;Brush House Painting and Flooring Services of North Jersey"
"morris","harding","plumbing","3","3","0","0","Kevin: confirm scope, territory, capacity, credentials and recipient","All County Plumbing and Heating;Daibes Plumbing and Heating;All A's Plumbing and Heating"
"morris","harding","electrical","2","2","0","0","Kevin: confirm scope, territory, capacity, credentials and recipient","K2 Electric;HK Electrical Group"
"morris","jefferson-township","handyman","3","3","0","0","Kevin: confirm scope, territory, capacity, credentials and recipient","Griffith Handyman;Sentinel Handyman LLC;Silver Hammer Handyman"
"morris","jefferson-township","masonry","3","3","0","0","Kevin: confirm scope, territory, capacity, credentials and recipient","Griffith Handyman;Jersey Complete Construction;A&E Exteriors LLC"
"morris","jefferson-township","landscaping","3","3","0","0","Kevin: confirm scope, territory, capacity, credentials and recipient","Hubinger Landscaping;Finishing Touch Landscape Construction;Custom Clippings"
"morris","jefferson-township","painting","4","4","0","0","Kevin: confirm scope, territory, capacity, credentials and recipient","Griffith Handyman;Sentinel Handyman LLC;Silver Hammer Handyman;Brush House Painting and Flooring Services of North Jersey"
"morris","jefferson-township","drywall","4","4","0","0","Kevin: confirm scope, territory, capacity, credentials and recipient","Griffith Handyman;Sentinel Handyman LLC;Silver Hammer Handyman;Brush House Painting and Flooring Services of North Jersey"
"morris","jefferson-township","tile","3","3","0","0","Kevin: confirm scope, territory, capacity, credentials and recipient","Griffith Handyman;Silver Hammer Handyman;Brush House Painting and Flooring Services of North Jersey"
"morris","jefferson-township","plumbing","3","3","0","0","Kevin: confirm scope, territory, capacity, credentials and recipient","All County Plumbing and Heating;Daibes Plumbing and Heating;All A's Plumbing and Heating"
"morris","jefferson-township","electrical","2","2","0","0","Kevin: confirm scope, territory, capacity, credentials and recipient","K2 Electric;HK Electrical Group"
"morris","kinnelon","handyman","3","3","0","0","Kevin: confirm scope, territory, capacity, credentials and recipient","Griffith Handyman;Sentinel Handyman LLC;Silver Hammer Handyman"
"morris","kinnelon","masonry","3","3","0","0","Kevin: confirm scope, territory, capacity, credentials and recipient","Griffith Handyman;Jersey Complete Construction;A&E Exteriors LLC"
"morris","kinnelon","landscaping","3","3","0","0","Kevin: confirm scope, territory, capacity, credentials and recipient","Hubinger Landscaping;Finishing Touch Landscape Construction;Custom Clippings"
"morris","kinnelon","painting","4","4","0","0","Kevin: confirm scope, territory, capacity, credentials and recipient","Griffith Handyman;Sentinel Handyman LLC;Silver Hammer Handyman;Brush House Painting and Flooring Services of North Jersey"
"morris","kinnelon","drywall","4","4","0","0","Kevin: confirm scope, territory, capacity, credentials and recipient","Griffith Handyman;Sentinel Handyman LLC;Silver Hammer Handyman;Brush House Painting and Flooring Services of North Jersey"
"morris","kinnelon","tile","3","3","0","0","Kevin: confirm scope, territory, capacity, credentials and recipient","Griffith Handyman;Silver Hammer Handyman;Brush House Painting and Flooring Services of North Jersey"
"morris","kinnelon","plumbing","3","3","0","0","Kevin: confirm scope, territory, capacity, credentials and recipient","All County Plumbing and Heating;Daibes Plumbing and Heating;All A's Plumbing and Heating"
"morris","kinnelon","electrical","2","2","0","0","Kevin: confirm scope, territory, capacity, credentials and recipient","K2 Electric;HK Electrical Group"
"morris","lincoln-park","handyman","3","3","0","0","Kevin: confirm scope, territory, capacity, credentials and recipient","Griffith Handyman;Sentinel Handyman LLC;Silver Hammer Handyman"
"morris","lincoln-park","masonry","3","3","0","0","Kevin: confirm scope, territory, capacity, credentials and recipient","Griffith Handyman;Jersey Complete Construction;A&E Exteriors LLC"
"morris","lincoln-park","landscaping","3","3","0","0","Kevin: confirm scope, territory, capacity, credentials and recipient","Hubinger Landscaping;Finishing Touch Landscape Construction;Custom Clippings"
"morris","lincoln-park","painting","4","4","0","0","Kevin: confirm scope, territory, capacity, credentials and recipient","Griffith Handyman;Sentinel Handyman LLC;Silver Hammer Handyman;Brush House Painting and Flooring Services of North Jersey"
"morris","lincoln-park","drywall","4","4","0","0","Kevin: confirm scope, territory, capacity, credentials and recipient","Griffith Handyman;Sentinel Handyman LLC;Silver Hammer Handyman;Brush House Painting and Flooring Services of North Jersey"
"morris","lincoln-park","tile","3","3","0","0","Kevin: confirm scope, territory, capacity, credentials and recipient","Griffith Handyman;Silver Hammer Handyman;Brush House Painting and Flooring Services of North Jersey"
"morris","lincoln-park","plumbing","3","3","0","0","Kevin: confirm scope, territory, capacity, credentials and recipient","All County Plumbing and Heating;Daibes Plumbing and Heating;All A's Plumbing and Heating"
"morris","lincoln-park","electrical","2","2","0","0","Kevin: confirm scope, territory, capacity, credentials and recipient","K2 Electric;HK Electrical Group"
"morris","long-hill-township","handyman","3","3","0","0","Kevin: confirm scope, territory, capacity, credentials and recipient","Griffith Handyman;Sentinel Handyman LLC;Silver Hammer Handyman"
"morris","long-hill-township","masonry","3","3","0","0","Kevin: confirm scope, territory, capacity, credentials and recipient","Griffith Handyman;Jersey Complete Construction;A&E Exteriors LLC"
"morris","long-hill-township","landscaping","3","3","0","0","Kevin: confirm scope, territory, capacity, credentials and recipient","Hubinger Landscaping;Finishing Touch Landscape Construction;Custom Clippings"
"morris","long-hill-township","painting","4","4","0","0","Kevin: confirm scope, territory, capacity, credentials and recipient","Griffith Handyman;Sentinel Handyman LLC;Silver Hammer Handyman;Brush House Painting and Flooring Services of North Jersey"
"morris","long-hill-township","drywall","4","4","0","0","Kevin: confirm scope, territory, capacity, credentials and recipient","Griffith Handyman;Sentinel Handyman LLC;Silver Hammer Handyman;Brush House Painting and Flooring Services of North Jersey"
"morris","long-hill-township","tile","3","3","0","0","Kevin: confirm scope, territory, capacity, credentials and recipient","Griffith Handyman;Silver Hammer Handyman;Brush House Painting and Flooring Services of North Jersey"
"morris","long-hill-township","plumbing","3","3","0","0","Kevin: confirm scope, territory, capacity, credentials and recipient","All County Plumbing and Heating;Daibes Plumbing and Heating;All A's Plumbing and Heating"
"morris","long-hill-township","electrical","2","2","0","0","Kevin: confirm scope, territory, capacity, credentials and recipient","K2 Electric;HK Electrical Group"
"morris","mendham-borough","handyman","3","3","0","0","Kevin: confirm scope, territory, capacity, credentials and recipient","Griffith Handyman;Sentinel Handyman LLC;Silver Hammer Handyman"
"morris","mendham-borough","masonry","3","3","0","0","Kevin: confirm scope, territory, capacity, credentials and recipient","Griffith Handyman;Jersey Complete Construction;A&E Exteriors LLC"
"morris","mendham-borough","landscaping","3","3","0","0","Kevin: confirm scope, territory, capacity, credentials and recipient","Hubinger Landscaping;Finishing Touch Landscape Construction;Custom Clippings"
"morris","mendham-borough","painting","4","4","0","0","Kevin: confirm scope, territory, capacity, credentials and recipient","Griffith Handyman;Sentinel Handyman LLC;Silver Hammer Handyman;Brush House Painting and Flooring Services of North Jersey"
"morris","mendham-borough","drywall","4","4","0","0","Kevin: confirm scope, territory, capacity, credentials and recipient","Griffith Handyman;Sentinel Handyman LLC;Silver Hammer Handyman;Brush House Painting and Flooring Services of North Jersey"
"morris","mendham-borough","tile","3","3","0","0","Kevin: confirm scope, territory, capacity, credentials and recipient","Griffith Handyman;Silver Hammer Handyman;Brush House Painting and Flooring Services of North Jersey"
"morris","mendham-borough","plumbing","3","3","0","0","Kevin: confirm scope, territory, capacity, credentials and recipient","All County Plumbing and Heating;Daibes Plumbing and Heating;All A's Plumbing and Heating"
"morris","mendham-borough","electrical","2","2","0","0","Kevin: confirm scope, territory, capacity, credentials and recipient","K2 Electric;HK Electrical Group"
"morris","mendham-township","handyman","3","3","0","0","Kevin: confirm scope, territory, capacity, credentials and recipient","Griffith Handyman;Sentinel Handyman LLC;Silver Hammer Handyman"
"morris","mendham-township","masonry","3","3","0","0","Kevin: confirm scope, territory, capacity, credentials and recipient","Griffith Handyman;Jersey Complete Construction;A&E Exteriors LLC"
"morris","mendham-township","landscaping","3","3","0","0","Kevin: confirm scope, territory, capacity, credentials and recipient","Hubinger Landscaping;Finishing Touch Landscape Construction;Custom Clippings"
"morris","mendham-township","painting","4","4","0","0","Kevin: confirm scope, territory, capacity, credentials and recipient","Griffith Handyman;Sentinel Handyman LLC;Silver Hammer Handyman;Brush House Painting and Flooring Services of North Jersey"
"morris","mendham-township","drywall","4","4","0","0","Kevin: confirm scope, territory, capacity, credentials and recipient","Griffith Handyman;Sentinel Handyman LLC;Silver Hammer Handyman;Brush House Painting and Flooring Services of North Jersey"
"morris","mendham-township","tile","3","3","0","0","Kevin: confirm scope, territory, capacity, credentials and recipient","Griffith Handyman;Silver Hammer Handyman;Brush House Painting and Flooring Services of North Jersey"
"morris","mendham-township","plumbing","3","3","0","0","Kevin: confirm scope, territory, capacity, credentials and recipient","All County Plumbing and Heating;Daibes Plumbing and Heating;All A's Plumbing and Heating"
"morris","mendham-township","electrical","2","2","0","0","Kevin: confirm scope, territory, capacity, credentials and recipient","K2 Electric;HK Electrical Group"
"morris","mine-hill","handyman","3","3","0","0","Kevin: confirm scope, territory, capacity, credentials and recipient","Griffith Handyman;Sentinel Handyman LLC;Silver Hammer Handyman"
"morris","mine-hill","masonry","3","3","0","0","Kevin: confirm scope, territory, capacity, credentials and recipient","Griffith Handyman;Jersey Complete Construction;A&E Exteriors LLC"
"morris","mine-hill","landscaping","3","3","0","0","Kevin: confirm scope, territory, capacity, credentials and recipient","Hubinger Landscaping;Finishing Touch Landscape Construction;Custom Clippings"
"morris","mine-hill","painting","4","4","0","0","Kevin: confirm scope, territory, capacity, credentials and recipient","Griffith Handyman;Sentinel Handyman LLC;Silver Hammer Handyman;Brush House Painting and Flooring Services of North Jersey"
"morris","mine-hill","drywall","4","4","0","0","Kevin: confirm scope, territory, capacity, credentials and recipient","Griffith Handyman;Sentinel Handyman LLC;Silver Hammer Handyman;Brush House Painting and Flooring Services of North Jersey"
"morris","mine-hill","tile","3","3","0","0","Kevin: confirm scope, territory, capacity, credentials and recipient","Griffith Handyman;Silver Hammer Handyman;Brush House Painting and Flooring Services of North Jersey"
"morris","mine-hill","plumbing","3","3","0","0","Kevin: confirm scope, territory, capacity, credentials and recipient","All County Plumbing and Heating;Daibes Plumbing and Heating;All A's Plumbing and Heating"
"morris","mine-hill","electrical","2","2","0","0","Kevin: confirm scope, territory, capacity, credentials and recipient","K2 Electric;HK Electrical Group"
"morris","montville","handyman","3","3","0","0","Kevin: confirm scope, territory, capacity, credentials and recipient","Griffith Handyman;Sentinel Handyman LLC;Silver Hammer Handyman"
"morris","montville","masonry","3","3","0","0","Kevin: confirm scope, territory, capacity, credentials and recipient","Griffith Handyman;Jersey Complete Construction;A&E Exteriors LLC"
"morris","montville","landscaping","3","3","0","0","Kevin: confirm scope, territory, capacity, credentials and recipient","Hubinger Landscaping;Finishing Touch Landscape Construction;Custom Clippings"
"morris","montville","painting","4","4","0","0","Kevin: confirm scope, territory, capacity, credentials and recipient","Griffith Handyman;Sentinel Handyman LLC;Silver Hammer Handyman;Brush House Painting and Flooring Services of North Jersey"
"morris","montville","drywall","4","4","0","0","Kevin: confirm scope, territory, capacity, credentials and recipient","Griffith Handyman;Sentinel Handyman LLC;Silver Hammer Handyman;Brush House Painting and Flooring Services of North Jersey"
"morris","montville","tile","3","3","0","0","Kevin: confirm scope, territory, capacity, credentials and recipient","Griffith Handyman;Silver Hammer Handyman;Brush House Painting and Flooring Services of North Jersey"
"morris","montville","plumbing","3","3","0","0","Kevin: confirm scope, territory, capacity, credentials and recipient","All County Plumbing and Heating;Daibes Plumbing and Heating;All A's Plumbing and Heating"
"morris","montville","electrical","2","2","0","0","Kevin: confirm scope, territory, capacity, credentials and recipient","K2 Electric;HK Electrical Group"
"morris","morris-plains","handyman","3","3","0","0","Kevin: confirm scope, territory, capacity, credentials and recipient","Griffith Handyman;Sentinel Handyman LLC;Silver Hammer Handyman"
"morris","morris-plains","masonry","3","3","0","0","Kevin: confirm scope, territory, capacity, credentials and recipient","Griffith Handyman;Jersey Complete Construction;A&E Exteriors LLC"
"morris","morris-plains","landscaping","3","3","0","0","Kevin: confirm scope, territory, capacity, credentials and recipient","Hubinger Landscaping;Finishing Touch Landscape Construction;Custom Clippings"
"morris","morris-plains","painting","4","4","0","0","Kevin: confirm scope, territory, capacity, credentials and recipient","Griffith Handyman;Sentinel Handyman LLC;Silver Hammer Handyman;Brush House Painting and Flooring Services of North Jersey"
"morris","morris-plains","drywall","4","4","0","0","Kevin: confirm scope, territory, capacity, credentials and recipient","Griffith Handyman;Sentinel Handyman LLC;Silver Hammer Handyman;Brush House Painting and Flooring Services of North Jersey"
"morris","morris-plains","tile","3","3","0","0","Kevin: confirm scope, territory, capacity, credentials and recipient","Griffith Handyman;Silver Hammer Handyman;Brush House Painting and Flooring Services of North Jersey"
"morris","morris-plains","plumbing","3","3","0","0","Kevin: confirm scope, territory, capacity, credentials and recipient","All County Plumbing and Heating;Daibes Plumbing and Heating;All A's Plumbing and Heating"
"morris","morris-plains","electrical","2","2","0","0","Kevin: confirm scope, territory, capacity, credentials and recipient","K2 Electric;HK Electrical Group"
"morris","mount-arlington","handyman","3","3","0","0","Kevin: confirm scope, territory, capacity, credentials and recipient","Griffith Handyman;Sentinel Handyman LLC;Silver Hammer Handyman"
"morris","mount-arlington","masonry","3","3","0","0","Kevin: confirm scope, territory, capacity, credentials and recipient","Griffith Handyman;Jersey Complete Construction;A&E Exteriors LLC"
"morris","mount-arlington","landscaping","3","3","0","0","Kevin: confirm scope, territory, capacity, credentials and recipient","Hubinger Landscaping;Finishing Touch Landscape Construction;Custom Clippings"
"morris","mount-arlington","painting","4","4","0","0","Kevin: confirm scope, territory, capacity, credentials and recipient","Griffith Handyman;Sentinel Handyman LLC;Silver Hammer Handyman;Brush House Painting and Flooring Services of North Jersey"
"morris","mount-arlington","drywall","4","4","0","0","Kevin: confirm scope, territory, capacity, credentials and recipient","Griffith Handyman;Sentinel Handyman LLC;Silver Hammer Handyman;Brush House Painting and Flooring Services of North Jersey"
"morris","mount-arlington","tile","3","3","0","0","Kevin: confirm scope, territory, capacity, credentials and recipient","Griffith Handyman;Silver Hammer Handyman;Brush House Painting and Flooring Services of North Jersey"
"morris","mount-arlington","plumbing","3","3","0","0","Kevin: confirm scope, territory, capacity, credentials and recipient","All County Plumbing and Heating;Daibes Plumbing and Heating;All A's Plumbing and Heating"
"morris","mount-arlington","electrical","2","2","0","0","Kevin: confirm scope, territory, capacity, credentials and recipient","K2 Electric;HK Electrical Group"
"morris","mount-olive","handyman","3","3","0","0","Kevin: confirm scope, territory, capacity, credentials and recipient","Griffith Handyman;Sentinel Handyman LLC;Silver Hammer Handyman"
"morris","mount-olive","masonry","3","3","0","0","Kevin: confirm scope, territory, capacity, credentials and recipient","Griffith Handyman;Jersey Complete Construction;A&E Exteriors LLC"
"morris","mount-olive","landscaping","3","3","0","0","Kevin: confirm scope, territory, capacity, credentials and recipient","Hubinger Landscaping;Finishing Touch Landscape Construction;Custom Clippings"
"morris","mount-olive","painting","4","4","0","0","Kevin: confirm scope, territory, capacity, credentials and recipient","Griffith Handyman;Sentinel Handyman LLC;Silver Hammer Handyman;Brush House Painting and Flooring Services of North Jersey"
"morris","mount-olive","drywall","4","4","0","0","Kevin: confirm scope, territory, capacity, credentials and recipient","Griffith Handyman;Sentinel Handyman LLC;Silver Hammer Handyman;Brush House Painting and Flooring Services of North Jersey"
"morris","mount-olive","tile","3","3","0","0","Kevin: confirm scope, territory, capacity, credentials and recipient","Griffith Handyman;Silver Hammer Handyman;Brush House Painting and Flooring Services of North Jersey"
"morris","mount-olive","plumbing","3","3","0","0","Kevin: confirm scope, territory, capacity, credentials and recipient","All County Plumbing and Heating;Daibes Plumbing and Heating;All A's Plumbing and Heating"
"morris","mount-olive","electrical","2","2","0","0","Kevin: confirm scope, territory, capacity, credentials and recipient","K2 Electric;HK Electrical Group"
"morris","mountain-lakes","handyman","3","3","0","0","Kevin: confirm scope, territory, capacity, credentials and recipient","Griffith Handyman;Sentinel Handyman LLC;Silver Hammer Handyman"
"morris","mountain-lakes","masonry","3","3","0","0","Kevin: confirm scope, territory, capacity, credentials and recipient","Griffith Handyman;Jersey Complete Construction;A&E Exteriors LLC"
"morris","mountain-lakes","landscaping","3","3","0","0","Kevin: confirm scope, territory, capacity, credentials and recipient","Hubinger Landscaping;Finishing Touch Landscape Construction;Custom Clippings"
"morris","mountain-lakes","painting","4","4","0","0","Kevin: confirm scope, territory, capacity, credentials and recipient","Griffith Handyman;Sentinel Handyman LLC;Silver Hammer Handyman;Brush House Painting and Flooring Services of North Jersey"
"morris","mountain-lakes","drywall","4","4","0","0","Kevin: confirm scope, territory, capacity, credentials and recipient","Griffith Handyman;Sentinel Handyman LLC;Silver Hammer Handyman;Brush House Painting and Flooring Services of North Jersey"
"morris","mountain-lakes","tile","3","3","0","0","Kevin: confirm scope, territory, capacity, credentials and recipient","Griffith Handyman;Silver Hammer Handyman;Brush House Painting and Flooring Services of North Jersey"
"morris","mountain-lakes","plumbing","3","3","0","0","Kevin: confirm scope, territory, capacity, credentials and recipient","All County Plumbing and Heating;Daibes Plumbing and Heating;All A's Plumbing and Heating"
"morris","mountain-lakes","electrical","2","2","0","0","Kevin: confirm scope, territory, capacity, credentials and recipient","K2 Electric;HK Electrical Group"
"morris","netcong","handyman","3","3","0","0","Kevin: confirm scope, territory, capacity, credentials and recipient","Griffith Handyman;Sentinel Handyman LLC;Silver Hammer Handyman"
"morris","netcong","masonry","3","3","0","0","Kevin: confirm scope, territory, capacity, credentials and recipient","Griffith Handyman;Jersey Complete Construction;A&E Exteriors LLC"
"morris","netcong","landscaping","3","3","0","0","Kevin: confirm scope, territory, capacity, credentials and recipient","Hubinger Landscaping;Finishing Touch Landscape Construction;Custom Clippings"
"morris","netcong","painting","4","4","0","0","Kevin: confirm scope, territory, capacity, credentials and recipient","Griffith Handyman;Sentinel Handyman LLC;Silver Hammer Handyman;Brush House Painting and Flooring Services of North Jersey"
"morris","netcong","drywall","4","4","0","0","Kevin: confirm scope, territory, capacity, credentials and recipient","Griffith Handyman;Sentinel Handyman LLC;Silver Hammer Handyman;Brush House Painting and Flooring Services of North Jersey"
"morris","netcong","tile","3","3","0","0","Kevin: confirm scope, territory, capacity, credentials and recipient","Griffith Handyman;Silver Hammer Handyman;Brush House Painting and Flooring Services of North Jersey"
"morris","netcong","plumbing","3","3","0","0","Kevin: confirm scope, territory, capacity, credentials and recipient","All County Plumbing and Heating;Daibes Plumbing and Heating;All A's Plumbing and Heating"
"morris","netcong","electrical","2","2","0","0","Kevin: confirm scope, territory, capacity, credentials and recipient","K2 Electric;HK Electrical Group"
"morris","parsippany-troy-hills","handyman","4","4","0","0","Kevin: confirm scope, territory, capacity, credentials and recipient","Griffith Handyman;Sentinel Handyman LLC;Silver Hammer Handyman;Tropic Pro Services"
"morris","parsippany-troy-hills","masonry","3","3","0","0","Kevin: confirm scope, territory, capacity, credentials and recipient","Griffith Handyman;Jersey Complete Construction;A&E Exteriors LLC"
"morris","parsippany-troy-hills","landscaping","3","3","0","0","Kevin: confirm scope, territory, capacity, credentials and recipient","Hubinger Landscaping;Finishing Touch Landscape Construction;Custom Clippings"
"morris","parsippany-troy-hills","painting","5","5","0","0","Kevin: confirm scope, territory, capacity, credentials and recipient","Griffith Handyman;Sentinel Handyman LLC;Silver Hammer Handyman;Brush House Painting and Flooring Services of North Jersey;Tropic Pro Services"
"morris","parsippany-troy-hills","drywall","4","4","0","0","Kevin: confirm scope, territory, capacity, credentials and recipient","Griffith Handyman;Sentinel Handyman LLC;Silver Hammer Handyman;Brush House Painting and Flooring Services of North Jersey"
"morris","parsippany-troy-hills","tile","3","3","0","0","Kevin: confirm scope, territory, capacity, credentials and recipient","Griffith Handyman;Silver Hammer Handyman;Brush House Painting and Flooring Services of North Jersey"
"morris","parsippany-troy-hills","plumbing","3","3","0","0","Kevin: confirm scope, territory, capacity, credentials and recipient","All County Plumbing and Heating;Daibes Plumbing and Heating;All A's Plumbing and Heating"
"morris","parsippany-troy-hills","electrical","2","2","0","0","Kevin: confirm scope, territory, capacity, credentials and recipient","K2 Electric;HK Electrical Group"
"morris","pequannock","handyman","3","3","0","0","Kevin: confirm scope, territory, capacity, credentials and recipient","Griffith Handyman;Sentinel Handyman LLC;Silver Hammer Handyman"
"morris","pequannock","masonry","3","3","0","0","Kevin: confirm scope, territory, capacity, credentials and recipient","Griffith Handyman;Jersey Complete Construction;A&E Exteriors LLC"
"morris","pequannock","landscaping","3","3","0","0","Kevin: confirm scope, territory, capacity, credentials and recipient","Hubinger Landscaping;Finishing Touch Landscape Construction;Custom Clippings"
"morris","pequannock","painting","4","4","0","0","Kevin: confirm scope, territory, capacity, credentials and recipient","Griffith Handyman;Sentinel Handyman LLC;Silver Hammer Handyman;Brush House Painting and Flooring Services of North Jersey"
"morris","pequannock","drywall","4","4","0","0","Kevin: confirm scope, territory, capacity, credentials and recipient","Griffith Handyman;Sentinel Handyman LLC;Silver Hammer Handyman;Brush House Painting and Flooring Services of North Jersey"
"morris","pequannock","tile","3","3","0","0","Kevin: confirm scope, territory, capacity, credentials and recipient","Griffith Handyman;Silver Hammer Handyman;Brush House Painting and Flooring Services of North Jersey"
"morris","pequannock","plumbing","3","3","0","0","Kevin: confirm scope, territory, capacity, credentials and recipient","All County Plumbing and Heating;Daibes Plumbing and Heating;All A's Plumbing and Heating"
"morris","pequannock","electrical","2","2","0","0","Kevin: confirm scope, territory, capacity, credentials and recipient","K2 Electric;HK Electrical Group"
"morris","randolph","handyman","3","3","0","0","Kevin: confirm scope, territory, capacity, credentials and recipient","Griffith Handyman;Sentinel Handyman LLC;Silver Hammer Handyman"
"morris","randolph","masonry","3","3","0","0","Kevin: confirm scope, territory, capacity, credentials and recipient","Griffith Handyman;Jersey Complete Construction;A&E Exteriors LLC"
"morris","randolph","landscaping","3","3","0","0","Kevin: confirm scope, territory, capacity, credentials and recipient","Hubinger Landscaping;Finishing Touch Landscape Construction;Custom Clippings"
"morris","randolph","painting","4","4","0","0","Kevin: confirm scope, territory, capacity, credentials and recipient","Griffith Handyman;Sentinel Handyman LLC;Silver Hammer Handyman;Brush House Painting and Flooring Services of North Jersey"
"morris","randolph","drywall","4","4","0","0","Kevin: confirm scope, territory, capacity, credentials and recipient","Griffith Handyman;Sentinel Handyman LLC;Silver Hammer Handyman;Brush House Painting and Flooring Services of North Jersey"
"morris","randolph","tile","3","3","0","0","Kevin: confirm scope, territory, capacity, credentials and recipient","Griffith Handyman;Silver Hammer Handyman;Brush House Painting and Flooring Services of North Jersey"
"morris","randolph","plumbing","3","3","0","0","Kevin: confirm scope, territory, capacity, credentials and recipient","All County Plumbing and Heating;Daibes Plumbing and Heating;All A's Plumbing and Heating"
"morris","randolph","electrical","2","2","0","0","Kevin: confirm scope, territory, capacity, credentials and recipient","K2 Electric;HK Electrical Group"
"morris","riverdale","handyman","3","3","0","0","Kevin: confirm scope, territory, capacity, credentials and recipient","Griffith Handyman;Sentinel Handyman LLC;Silver Hammer Handyman"
"morris","riverdale","masonry","3","3","0","0","Kevin: confirm scope, territory, capacity, credentials and recipient","Griffith Handyman;Jersey Complete Construction;A&E Exteriors LLC"
"morris","riverdale","landscaping","3","3","0","0","Kevin: confirm scope, territory, capacity, credentials and recipient","Hubinger Landscaping;Finishing Touch Landscape Construction;Custom Clippings"
"morris","riverdale","painting","4","4","0","0","Kevin: confirm scope, territory, capacity, credentials and recipient","Griffith Handyman;Sentinel Handyman LLC;Silver Hammer Handyman;Brush House Painting and Flooring Services of North Jersey"
"morris","riverdale","drywall","4","4","0","0","Kevin: confirm scope, territory, capacity, credentials and recipient","Griffith Handyman;Sentinel Handyman LLC;Silver Hammer Handyman;Brush House Painting and Flooring Services of North Jersey"
"morris","riverdale","tile","3","3","0","0","Kevin: confirm scope, territory, capacity, credentials and recipient","Griffith Handyman;Silver Hammer Handyman;Brush House Painting and Flooring Services of North Jersey"
"morris","riverdale","plumbing","3","3","0","0","Kevin: confirm scope, territory, capacity, credentials and recipient","All County Plumbing and Heating;Daibes Plumbing and Heating;All A's Plumbing and Heating"
"morris","riverdale","electrical","2","2","0","0","Kevin: confirm scope, territory, capacity, credentials and recipient","K2 Electric;HK Electrical Group"
"morris","rockaway-borough","handyman","3","3","0","0","Kevin: confirm scope, territory, capacity, credentials and recipient","Griffith Handyman;Sentinel Handyman LLC;Silver Hammer Handyman"
"morris","rockaway-borough","masonry","3","3","0","0","Kevin: confirm scope, territory, capacity, credentials and recipient","Griffith Handyman;Jersey Complete Construction;A&E Exteriors LLC"
"morris","rockaway-borough","landscaping","3","3","0","0","Kevin: confirm scope, territory, capacity, credentials and recipient","Hubinger Landscaping;Finishing Touch Landscape Construction;Custom Clippings"
"morris","rockaway-borough","painting","4","4","0","0","Kevin: confirm scope, territory, capacity, credentials and recipient","Griffith Handyman;Sentinel Handyman LLC;Silver Hammer Handyman;Brush House Painting and Flooring Services of North Jersey"
"morris","rockaway-borough","drywall","4","4","0","0","Kevin: confirm scope, territory, capacity, credentials and recipient","Griffith Handyman;Sentinel Handyman LLC;Silver Hammer Handyman;Brush House Painting and Flooring Services of North Jersey"
"morris","rockaway-borough","tile","3","3","0","0","Kevin: confirm scope, territory, capacity, credentials and recipient","Griffith Handyman;Silver Hammer Handyman;Brush House Painting and Flooring Services of North Jersey"
"morris","rockaway-borough","plumbing","3","3","0","0","Kevin: confirm scope, territory, capacity, credentials and recipient","All County Plumbing and Heating;Daibes Plumbing and Heating;All A's Plumbing and Heating"
"morris","rockaway-borough","electrical","2","2","0","0","Kevin: confirm scope, territory, capacity, credentials and recipient","K2 Electric;HK Electrical Group"
"morris","rockaway-township","handyman","3","3","0","0","Kevin: confirm scope, territory, capacity, credentials and recipient","Griffith Handyman;Sentinel Handyman LLC;Silver Hammer Handyman"
"morris","rockaway-township","masonry","3","3","0","0","Kevin: confirm scope, territory, capacity, credentials and recipient","Griffith Handyman;Jersey Complete Construction;A&E Exteriors LLC"
"morris","rockaway-township","landscaping","3","3","0","0","Kevin: confirm scope, territory, capacity, credentials and recipient","Hubinger Landscaping;Finishing Touch Landscape Construction;Custom Clippings"
"morris","rockaway-township","painting","4","4","0","0","Kevin: confirm scope, territory, capacity, credentials and recipient","Griffith Handyman;Sentinel Handyman LLC;Silver Hammer Handyman;Brush House Painting and Flooring Services of North Jersey"
"morris","rockaway-township","drywall","4","4","0","0","Kevin: confirm scope, territory, capacity, credentials and recipient","Griffith Handyman;Sentinel Handyman LLC;Silver Hammer Handyman;Brush House Painting and Flooring Services of North Jersey"
"morris","rockaway-township","tile","3","3","0","0","Kevin: confirm scope, territory, capacity, credentials and recipient","Griffith Handyman;Silver Hammer Handyman;Brush House Painting and Flooring Services of North Jersey"
"morris","rockaway-township","plumbing","3","3","0","0","Kevin: confirm scope, territory, capacity, credentials and recipient","All County Plumbing and Heating;Daibes Plumbing and Heating;All A's Plumbing and Heating"
"morris","rockaway-township","electrical","2","2","0","0","Kevin: confirm scope, territory, capacity, credentials and recipient","K2 Electric;HK Electrical Group"
"morris","roxbury","handyman","3","3","0","0","Kevin: confirm scope, territory, capacity, credentials and recipient","Griffith Handyman;Sentinel Handyman LLC;Silver Hammer Handyman"
"morris","roxbury","masonry","3","3","0","0","Kevin: confirm scope, territory, capacity, credentials and recipient","Griffith Handyman;Jersey Complete Construction;A&E Exteriors LLC"
"morris","roxbury","landscaping","3","3","0","0","Kevin: confirm scope, territory, capacity, credentials and recipient","Hubinger Landscaping;Finishing Touch Landscape Construction;Custom Clippings"
"morris","roxbury","painting","4","4","0","0","Kevin: confirm scope, territory, capacity, credentials and recipient","Griffith Handyman;Sentinel Handyman LLC;Silver Hammer Handyman;Brush House Painting and Flooring Services of North Jersey"
"morris","roxbury","drywall","4","4","0","0","Kevin: confirm scope, territory, capacity, credentials and recipient","Griffith Handyman;Sentinel Handyman LLC;Silver Hammer Handyman;Brush House Painting and Flooring Services of North Jersey"
"morris","roxbury","tile","3","3","0","0","Kevin: confirm scope, territory, capacity, credentials and recipient","Griffith Handyman;Silver Hammer Handyman;Brush House Painting and Flooring Services of North Jersey"
"morris","roxbury","plumbing","3","3","0","0","Kevin: confirm scope, territory, capacity, credentials and recipient","All County Plumbing and Heating;Daibes Plumbing and Heating;All A's Plumbing and Heating"
"morris","roxbury","electrical","2","2","0","0","Kevin: confirm scope, territory, capacity, credentials and recipient","K2 Electric;HK Electrical Group"
"morris","victory-gardens","handyman","3","3","0","0","Kevin: confirm scope, territory, capacity, credentials and recipient","Griffith Handyman;Sentinel Handyman LLC;Silver Hammer Handyman"
"morris","victory-gardens","masonry","3","3","0","0","Kevin: confirm scope, territory, capacity, credentials and recipient","Griffith Handyman;Jersey Complete Construction;A&E Exteriors LLC"
"morris","victory-gardens","landscaping","3","3","0","0","Kevin: confirm scope, territory, capacity, credentials and recipient","Hubinger Landscaping;Finishing Touch Landscape Construction;Custom Clippings"
"morris","victory-gardens","painting","4","4","0","0","Kevin: confirm scope, territory, capacity, credentials and recipient","Griffith Handyman;Sentinel Handyman LLC;Silver Hammer Handyman;Brush House Painting and Flooring Services of North Jersey"
"morris","victory-gardens","drywall","4","4","0","0","Kevin: confirm scope, territory, capacity, credentials and recipient","Griffith Handyman;Sentinel Handyman LLC;Silver Hammer Handyman;Brush House Painting and Flooring Services of North Jersey"
"morris","victory-gardens","tile","3","3","0","0","Kevin: confirm scope, territory, capacity, credentials and recipient","Griffith Handyman;Silver Hammer Handyman;Brush House Painting and Flooring Services of North Jersey"
"morris","victory-gardens","plumbing","3","3","0","0","Kevin: confirm scope, territory, capacity, credentials and recipient","All County Plumbing and Heating;Daibes Plumbing and Heating;All A's Plumbing and Heating"
"morris","victory-gardens","electrical","2","2","0","0","Kevin: confirm scope, territory, capacity, credentials and recipient","K2 Electric;HK Electrical Group"
"morris","washington-township-morris","handyman","3","3","0","0","Kevin: confirm scope, territory, capacity, credentials and recipient","Griffith Handyman;Sentinel Handyman LLC;Silver Hammer Handyman"
"morris","washington-township-morris","masonry","3","3","0","0","Kevin: confirm scope, territory, capacity, credentials and recipient","Griffith Handyman;Jersey Complete Construction;A&E Exteriors LLC"
"morris","washington-township-morris","landscaping","3","3","0","0","Kevin: confirm scope, territory, capacity, credentials and recipient","Hubinger Landscaping;Finishing Touch Landscape Construction;Custom Clippings"
"morris","washington-township-morris","painting","4","4","0","0","Kevin: confirm scope, territory, capacity, credentials and recipient","Griffith Handyman;Sentinel Handyman LLC;Silver Hammer Handyman;Brush House Painting and Flooring Services of North Jersey"
"morris","washington-township-morris","drywall","4","4","0","0","Kevin: confirm scope, territory, capacity, credentials and recipient","Griffith Handyman;Sentinel Handyman LLC;Silver Hammer Handyman;Brush House Painting and Flooring Services of North Jersey"
"morris","washington-township-morris","tile","3","3","0","0","Kevin: confirm scope, territory, capacity, credentials and recipient","Griffith Handyman;Silver Hammer Handyman;Brush House Painting and Flooring Services of North Jersey"
"morris","washington-township-morris","plumbing","3","3","0","0","Kevin: confirm scope, territory, capacity, credentials and recipient","All County Plumbing and Heating;Daibes Plumbing and Heating;All A's Plumbing and Heating"
"morris","washington-township-morris","electrical","2","2","0","0","Kevin: confirm scope, territory, capacity, credentials and recipient","K2 Electric;HK Electrical Group"
"morris","wharton","handyman","3","3","0","0","Kevin: confirm scope, territory, capacity, credentials and recipient","Griffith Handyman;Sentinel Handyman LLC;Silver Hammer Handyman"
"morris","wharton","masonry","3","3","0","0","Kevin: confirm scope, territory, capacity, credentials and recipient","Griffith Handyman;Jersey Complete Construction;A&E Exteriors LLC"
"morris","wharton","landscaping","3","3","0","0","Kevin: confirm scope, territory, capacity, credentials and recipient","Hubinger Landscaping;Finishing Touch Landscape Construction;Custom Clippings"
"morris","wharton","painting","4","4","0","0","Kevin: confirm scope, territory, capacity, credentials and recipient","Griffith Handyman;Sentinel Handyman LLC;Silver Hammer Handyman;Brush House Painting and Flooring Services of North Jersey"
"morris","wharton","drywall","4","4","0","0","Kevin: confirm scope, territory, capacity, credentials and recipient","Griffith Handyman;Sentinel Handyman LLC;Silver Hammer Handyman;Brush House Painting and Flooring Services of North Jersey"
"morris","wharton","tile","3","3","0","0","Kevin: confirm scope, territory, capacity, credentials and recipient","Griffith Handyman;Silver Hammer Handyman;Brush House Painting and Flooring Services of North Jersey"
"morris","wharton","plumbing","3","3","0","0","Kevin: confirm scope, territory, capacity, credentials and recipient","All County Plumbing and Heating;Daibes Plumbing and Heating;All A's Plumbing and Heating"
"morris","wharton","electrical","2","2","0","0","Kevin: confirm scope, territory, capacity, credentials and recipient","K2 Electric;HK Electrical Group"
"passaic","bloomingdale","handyman","2","2","0","0","Kevin: confirm scope, territory, capacity, credentials and recipient","Griffith Handyman;Sentinel Handyman LLC"
"passaic","bloomingdale","masonry","3","3","0","0","Kevin: confirm scope, territory, capacity, credentials and recipient","Griffith Handyman;Jersey Complete Construction;A&E Exteriors LLC"
"passaic","bloomingdale","landscaping","2","2","0","0","Kevin: confirm scope, territory, capacity, credentials and recipient","Hubinger Landscaping;Finishing Touch Landscape Construction"
"passaic","bloomingdale","painting","3","3","0","0","Kevin: confirm scope, territory, capacity, credentials and recipient","Griffith Handyman;Sentinel Handyman LLC;Brush House Painting and Flooring Services of North Jersey"
"passaic","bloomingdale","drywall","3","3","0","0","Kevin: confirm scope, territory, capacity, credentials and recipient","Griffith Handyman;Sentinel Handyman LLC;Brush House Painting and Flooring Services of North Jersey"
"passaic","bloomingdale","tile","2","2","0","0","Kevin: confirm scope, territory, capacity, credentials and recipient","Griffith Handyman;Brush House Painting and Flooring Services of North Jersey"
"passaic","bloomingdale","plumbing","2","2","0","0","Kevin: confirm scope, territory, capacity, credentials and recipient","All County Plumbing and Heating;Daibes Plumbing and Heating"
"passaic","bloomingdale","electrical","2","2","0","0","Kevin: confirm scope, territory, capacity, credentials and recipient","K2 Electric;HK Electrical Group"
"passaic","clifton","handyman","3","3","0","0","Kevin: confirm scope, territory, capacity, credentials and recipient","Griffith Handyman;Sentinel Handyman LLC;Tropic Pro Services"
"passaic","clifton","masonry","3","3","0","0","Kevin: confirm scope, territory, capacity, credentials and recipient","Griffith Handyman;Jersey Complete Construction;A&E Exteriors LLC"
"passaic","clifton","landscaping","2","2","0","0","Kevin: confirm scope, territory, capacity, credentials and recipient","Hubinger Landscaping;Finishing Touch Landscape Construction"
"passaic","clifton","painting","4","4","0","0","Kevin: confirm scope, territory, capacity, credentials and recipient","Griffith Handyman;Sentinel Handyman LLC;Brush House Painting and Flooring Services of North Jersey;Tropic Pro Services"
"passaic","clifton","drywall","3","3","0","0","Kevin: confirm scope, territory, capacity, credentials and recipient","Griffith Handyman;Sentinel Handyman LLC;Brush House Painting and Flooring Services of North Jersey"
"passaic","clifton","tile","2","2","0","0","Kevin: confirm scope, territory, capacity, credentials and recipient","Griffith Handyman;Brush House Painting and Flooring Services of North Jersey"
"passaic","clifton","plumbing","2","2","0","0","Kevin: confirm scope, territory, capacity, credentials and recipient","All County Plumbing and Heating;Daibes Plumbing and Heating"
"passaic","clifton","electrical","2","2","0","0","Kevin: confirm scope, territory, capacity, credentials and recipient","K2 Electric;HK Electrical Group"
"passaic","haledon","handyman","2","2","0","0","Kevin: confirm scope, territory, capacity, credentials and recipient","Griffith Handyman;Sentinel Handyman LLC"
"passaic","haledon","masonry","3","3","0","0","Kevin: confirm scope, territory, capacity, credentials and recipient","Griffith Handyman;Jersey Complete Construction;A&E Exteriors LLC"
"passaic","haledon","landscaping","2","2","0","0","Kevin: confirm scope, territory, capacity, credentials and recipient","Hubinger Landscaping;Finishing Touch Landscape Construction"
"passaic","haledon","painting","3","3","0","0","Kevin: confirm scope, territory, capacity, credentials and recipient","Griffith Handyman;Sentinel Handyman LLC;Brush House Painting and Flooring Services of North Jersey"
"passaic","haledon","drywall","3","3","0","0","Kevin: confirm scope, territory, capacity, credentials and recipient","Griffith Handyman;Sentinel Handyman LLC;Brush House Painting and Flooring Services of North Jersey"
"passaic","haledon","tile","2","2","0","0","Kevin: confirm scope, territory, capacity, credentials and recipient","Griffith Handyman;Brush House Painting and Flooring Services of North Jersey"
"passaic","haledon","plumbing","2","2","0","0","Kevin: confirm scope, territory, capacity, credentials and recipient","All County Plumbing and Heating;Daibes Plumbing and Heating"
"passaic","haledon","electrical","2","2","0","0","Kevin: confirm scope, territory, capacity, credentials and recipient","K2 Electric;HK Electrical Group"
"passaic","hawthorne","handyman","3","3","0","0","Kevin: confirm scope, territory, capacity, credentials and recipient","Griffith Handyman;Sentinel Handyman LLC;M & S Premier Home Services"
"passaic","hawthorne","masonry","3","3","0","0","Kevin: confirm scope, territory, capacity, credentials and recipient","Griffith Handyman;Jersey Complete Construction;A&E Exteriors LLC"
"passaic","hawthorne","landscaping","2","2","0","0","Kevin: confirm scope, territory, capacity, credentials and recipient","Hubinger Landscaping;Finishing Touch Landscape Construction"
"passaic","hawthorne","painting","3","3","0","0","Kevin: confirm scope, territory, capacity, credentials and recipient","Griffith Handyman;Sentinel Handyman LLC;Brush House Painting and Flooring Services of North Jersey"
"passaic","hawthorne","drywall","3","3","0","0","Kevin: confirm scope, territory, capacity, credentials and recipient","Griffith Handyman;Sentinel Handyman LLC;Brush House Painting and Flooring Services of North Jersey"
"passaic","hawthorne","tile","2","2","0","0","Kevin: confirm scope, territory, capacity, credentials and recipient","Griffith Handyman;Brush House Painting and Flooring Services of North Jersey"
"passaic","hawthorne","plumbing","2","2","0","0","Kevin: confirm scope, territory, capacity, credentials and recipient","All County Plumbing and Heating;Daibes Plumbing and Heating"
"passaic","hawthorne","electrical","2","2","0","0","Kevin: confirm scope, territory, capacity, credentials and recipient","K2 Electric;HK Electrical Group"
"passaic","little-falls","handyman","2","2","0","0","Kevin: confirm scope, territory, capacity, credentials and recipient","Griffith Handyman;Sentinel Handyman LLC"
"passaic","little-falls","masonry","3","3","0","0","Kevin: confirm scope, territory, capacity, credentials and recipient","Griffith Handyman;Jersey Complete Construction;A&E Exteriors LLC"
"passaic","little-falls","landscaping","2","2","0","0","Kevin: confirm scope, territory, capacity, credentials and recipient","Hubinger Landscaping;Finishing Touch Landscape Construction"
"passaic","little-falls","painting","3","3","0","0","Kevin: confirm scope, territory, capacity, credentials and recipient","Griffith Handyman;Sentinel Handyman LLC;Brush House Painting and Flooring Services of North Jersey"
"passaic","little-falls","drywall","3","3","0","0","Kevin: confirm scope, territory, capacity, credentials and recipient","Griffith Handyman;Sentinel Handyman LLC;Brush House Painting and Flooring Services of North Jersey"
"passaic","little-falls","tile","2","2","0","0","Kevin: confirm scope, territory, capacity, credentials and recipient","Griffith Handyman;Brush House Painting and Flooring Services of North Jersey"
"passaic","little-falls","plumbing","2","2","0","0","Kevin: confirm scope, territory, capacity, credentials and recipient","All County Plumbing and Heating;Daibes Plumbing and Heating"
"passaic","little-falls","electrical","2","2","0","0","Kevin: confirm scope, territory, capacity, credentials and recipient","K2 Electric;HK Electrical Group"
"passaic","north-haledon","handyman","2","2","0","0","Kevin: confirm scope, territory, capacity, credentials and recipient","Griffith Handyman;Sentinel Handyman LLC"
"passaic","north-haledon","masonry","3","3","0","0","Kevin: confirm scope, territory, capacity, credentials and recipient","Griffith Handyman;Jersey Complete Construction;A&E Exteriors LLC"
"passaic","north-haledon","landscaping","2","2","0","0","Kevin: confirm scope, territory, capacity, credentials and recipient","Hubinger Landscaping;Finishing Touch Landscape Construction"
"passaic","north-haledon","painting","3","3","0","0","Kevin: confirm scope, territory, capacity, credentials and recipient","Griffith Handyman;Sentinel Handyman LLC;Brush House Painting and Flooring Services of North Jersey"
"passaic","north-haledon","drywall","3","3","0","0","Kevin: confirm scope, territory, capacity, credentials and recipient","Griffith Handyman;Sentinel Handyman LLC;Brush House Painting and Flooring Services of North Jersey"
"passaic","north-haledon","tile","2","2","0","0","Kevin: confirm scope, territory, capacity, credentials and recipient","Griffith Handyman;Brush House Painting and Flooring Services of North Jersey"
"passaic","north-haledon","plumbing","2","2","0","0","Kevin: confirm scope, territory, capacity, credentials and recipient","All County Plumbing and Heating;Daibes Plumbing and Heating"
"passaic","north-haledon","electrical","2","2","0","0","Kevin: confirm scope, territory, capacity, credentials and recipient","K2 Electric;HK Electrical Group"
"passaic","passaic","handyman","2","2","0","0","Kevin: confirm scope, territory, capacity, credentials and recipient","Griffith Handyman;Sentinel Handyman LLC"
"passaic","passaic","masonry","3","3","0","0","Kevin: confirm scope, territory, capacity, credentials and recipient","Griffith Handyman;Jersey Complete Construction;A&E Exteriors LLC"
"passaic","passaic","landscaping","2","2","0","0","Kevin: confirm scope, territory, capacity, credentials and recipient","Hubinger Landscaping;Finishing Touch Landscape Construction"
"passaic","passaic","painting","3","3","0","0","Kevin: confirm scope, territory, capacity, credentials and recipient","Griffith Handyman;Sentinel Handyman LLC;Brush House Painting and Flooring Services of North Jersey"
"passaic","passaic","drywall","3","3","0","0","Kevin: confirm scope, territory, capacity, credentials and recipient","Griffith Handyman;Sentinel Handyman LLC;Brush House Painting and Flooring Services of North Jersey"
"passaic","passaic","tile","2","2","0","0","Kevin: confirm scope, territory, capacity, credentials and recipient","Griffith Handyman;Brush House Painting and Flooring Services of North Jersey"
"passaic","passaic","plumbing","2","2","0","0","Kevin: confirm scope, territory, capacity, credentials and recipient","All County Plumbing and Heating;Daibes Plumbing and Heating"
"passaic","passaic","electrical","2","2","0","0","Kevin: confirm scope, territory, capacity, credentials and recipient","K2 Electric;HK Electrical Group"
"passaic","paterson","handyman","2","2","0","0","Kevin: confirm scope, territory, capacity, credentials and recipient","Griffith Handyman;Sentinel Handyman LLC"
"passaic","paterson","masonry","3","3","0","0","Kevin: confirm scope, territory, capacity, credentials and recipient","Griffith Handyman;Jersey Complete Construction;A&E Exteriors LLC"
"passaic","paterson","landscaping","2","2","0","0","Kevin: confirm scope, territory, capacity, credentials and recipient","Hubinger Landscaping;Finishing Touch Landscape Construction"
"passaic","paterson","painting","3","3","0","0","Kevin: confirm scope, territory, capacity, credentials and recipient","Griffith Handyman;Sentinel Handyman LLC;Brush House Painting and Flooring Services of North Jersey"
"passaic","paterson","drywall","3","3","0","0","Kevin: confirm scope, territory, capacity, credentials and recipient","Griffith Handyman;Sentinel Handyman LLC;Brush House Painting and Flooring Services of North Jersey"
"passaic","paterson","tile","2","2","0","0","Kevin: confirm scope, territory, capacity, credentials and recipient","Griffith Handyman;Brush House Painting and Flooring Services of North Jersey"
"passaic","paterson","plumbing","2","2","0","0","Kevin: confirm scope, territory, capacity, credentials and recipient","All County Plumbing and Heating;Daibes Plumbing and Heating"
"passaic","paterson","electrical","2","2","0","0","Kevin: confirm scope, territory, capacity, credentials and recipient","K2 Electric;HK Electrical Group"
"passaic","pompton-lakes","handyman","2","2","0","0","Kevin: confirm scope, territory, capacity, credentials and recipient","Griffith Handyman;Sentinel Handyman LLC"
"passaic","pompton-lakes","masonry","3","3","0","0","Kevin: confirm scope, territory, capacity, credentials and recipient","Griffith Handyman;Jersey Complete Construction;A&E Exteriors LLC"
"passaic","pompton-lakes","landscaping","2","2","0","0","Kevin: confirm scope, territory, capacity, credentials and recipient","Hubinger Landscaping;Finishing Touch Landscape Construction"
"passaic","pompton-lakes","painting","3","3","0","0","Kevin: confirm scope, territory, capacity, credentials and recipient","Griffith Handyman;Sentinel Handyman LLC;Brush House Painting and Flooring Services of North Jersey"
"passaic","pompton-lakes","drywall","3","3","0","0","Kevin: confirm scope, territory, capacity, credentials and recipient","Griffith Handyman;Sentinel Handyman LLC;Brush House Painting and Flooring Services of North Jersey"
"passaic","pompton-lakes","tile","2","2","0","0","Kevin: confirm scope, territory, capacity, credentials and recipient","Griffith Handyman;Brush House Painting and Flooring Services of North Jersey"
"passaic","pompton-lakes","plumbing","2","2","0","0","Kevin: confirm scope, territory, capacity, credentials and recipient","All County Plumbing and Heating;Daibes Plumbing and Heating"
"passaic","pompton-lakes","electrical","2","2","0","0","Kevin: confirm scope, territory, capacity, credentials and recipient","K2 Electric;HK Electrical Group"
"passaic","prospect-park","handyman","2","2","0","0","Kevin: confirm scope, territory, capacity, credentials and recipient","Griffith Handyman;Sentinel Handyman LLC"
"passaic","prospect-park","masonry","3","3","0","0","Kevin: confirm scope, territory, capacity, credentials and recipient","Griffith Handyman;Jersey Complete Construction;A&E Exteriors LLC"
"passaic","prospect-park","landscaping","2","2","0","0","Kevin: confirm scope, territory, capacity, credentials and recipient","Hubinger Landscaping;Finishing Touch Landscape Construction"
"passaic","prospect-park","painting","3","3","0","0","Kevin: confirm scope, territory, capacity, credentials and recipient","Griffith Handyman;Sentinel Handyman LLC;Brush House Painting and Flooring Services of North Jersey"
"passaic","prospect-park","drywall","3","3","0","0","Kevin: confirm scope, territory, capacity, credentials and recipient","Griffith Handyman;Sentinel Handyman LLC;Brush House Painting and Flooring Services of North Jersey"
"passaic","prospect-park","tile","2","2","0","0","Kevin: confirm scope, territory, capacity, credentials and recipient","Griffith Handyman;Brush House Painting and Flooring Services of North Jersey"
"passaic","prospect-park","plumbing","2","2","0","0","Kevin: confirm scope, territory, capacity, credentials and recipient","All County Plumbing and Heating;Daibes Plumbing and Heating"
"passaic","prospect-park","electrical","2","2","0","0","Kevin: confirm scope, territory, capacity, credentials and recipient","K2 Electric;HK Electrical Group"
"passaic","ringwood","handyman","2","2","0","0","Kevin: confirm scope, territory, capacity, credentials and recipient","Griffith Handyman;Sentinel Handyman LLC"
"passaic","ringwood","masonry","3","3","0","0","Kevin: confirm scope, territory, capacity, credentials and recipient","Griffith Handyman;Jersey Complete Construction;A&E Exteriors LLC"
"passaic","ringwood","landscaping","2","2","0","0","Kevin: confirm scope, territory, capacity, credentials and recipient","Hubinger Landscaping;Finishing Touch Landscape Construction"
"passaic","ringwood","painting","3","3","0","0","Kevin: confirm scope, territory, capacity, credentials and recipient","Griffith Handyman;Sentinel Handyman LLC;Brush House Painting and Flooring Services of North Jersey"
"passaic","ringwood","drywall","3","3","0","0","Kevin: confirm scope, territory, capacity, credentials and recipient","Griffith Handyman;Sentinel Handyman LLC;Brush House Painting and Flooring Services of North Jersey"
"passaic","ringwood","tile","2","2","0","0","Kevin: confirm scope, territory, capacity, credentials and recipient","Griffith Handyman;Brush House Painting and Flooring Services of North Jersey"
"passaic","ringwood","plumbing","2","2","0","0","Kevin: confirm scope, territory, capacity, credentials and recipient","All County Plumbing and Heating;Daibes Plumbing and Heating"
"passaic","ringwood","electrical","2","2","0","0","Kevin: confirm scope, territory, capacity, credentials and recipient","K2 Electric;HK Electrical Group"
"passaic","totowa","handyman","2","2","0","0","Kevin: confirm scope, territory, capacity, credentials and recipient","Griffith Handyman;Sentinel Handyman LLC"
"passaic","totowa","masonry","3","3","0","0","Kevin: confirm scope, territory, capacity, credentials and recipient","Griffith Handyman;Jersey Complete Construction;A&E Exteriors LLC"
"passaic","totowa","landscaping","2","2","0","0","Kevin: confirm scope, territory, capacity, credentials and recipient","Hubinger Landscaping;Finishing Touch Landscape Construction"
"passaic","totowa","painting","3","3","0","0","Kevin: confirm scope, territory, capacity, credentials and recipient","Griffith Handyman;Sentinel Handyman LLC;Brush House Painting and Flooring Services of North Jersey"
"passaic","totowa","drywall","3","3","0","0","Kevin: confirm scope, territory, capacity, credentials and recipient","Griffith Handyman;Sentinel Handyman LLC;Brush House Painting and Flooring Services of North Jersey"
"passaic","totowa","tile","2","2","0","0","Kevin: confirm scope, territory, capacity, credentials and recipient","Griffith Handyman;Brush House Painting and Flooring Services of North Jersey"
"passaic","totowa","plumbing","2","2","0","0","Kevin: confirm scope, territory, capacity, credentials and recipient","All County Plumbing and Heating;Daibes Plumbing and Heating"
"passaic","totowa","electrical","2","2","0","0","Kevin: confirm scope, territory, capacity, credentials and recipient","K2 Electric;HK Electrical Group"
"passaic","wanaque","handyman","2","2","0","0","Kevin: confirm scope, territory, capacity, credentials and recipient","Griffith Handyman;Sentinel Handyman LLC"
"passaic","wanaque","masonry","3","3","0","0","Kevin: confirm scope, territory, capacity, credentials and recipient","Griffith Handyman;Jersey Complete Construction;A&E Exteriors LLC"
"passaic","wanaque","landscaping","2","2","0","0","Kevin: confirm scope, territory, capacity, credentials and recipient","Hubinger Landscaping;Finishing Touch Landscape Construction"
"passaic","wanaque","painting","3","3","0","0","Kevin: confirm scope, territory, capacity, credentials and recipient","Griffith Handyman;Sentinel Handyman LLC;Brush House Painting and Flooring Services of North Jersey"
"passaic","wanaque","drywall","3","3","0","0","Kevin: confirm scope, territory, capacity, credentials and recipient","Griffith Handyman;Sentinel Handyman LLC;Brush House Painting and Flooring Services of North Jersey"
"passaic","wanaque","tile","2","2","0","0","Kevin: confirm scope, territory, capacity, credentials and recipient","Griffith Handyman;Brush House Painting and Flooring Services of North Jersey"
"passaic","wanaque","plumbing","2","2","0","0","Kevin: confirm scope, territory, capacity, credentials and recipient","All County Plumbing and Heating;Daibes Plumbing and Heating"
"passaic","wanaque","electrical","2","2","0","0","Kevin: confirm scope, territory, capacity, credentials and recipient","K2 Electric;HK Electrical Group"
"passaic","wayne","handyman","3","3","0","0","Kevin: confirm scope, territory, capacity, credentials and recipient","Griffith Handyman;Sentinel Handyman LLC;Tropic Pro Services"
"passaic","wayne","masonry","3","3","0","0","Kevin: confirm scope, territory, capacity, credentials and recipient","Griffith Handyman;Jersey Complete Construction;A&E Exteriors LLC"
"passaic","wayne","landscaping","2","2","0","0","Kevin: confirm scope, territory, capacity, credentials and recipient","Hubinger Landscaping;Finishing Touch Landscape Construction"
"passaic","wayne","painting","4","4","0","0","Kevin: confirm scope, territory, capacity, credentials and recipient","Griffith Handyman;Sentinel Handyman LLC;Brush House Painting and Flooring Services of North Jersey;Tropic Pro Services"
"passaic","wayne","drywall","3","3","0","0","Kevin: confirm scope, territory, capacity, credentials and recipient","Griffith Handyman;Sentinel Handyman LLC;Brush House Painting and Flooring Services of North Jersey"
"passaic","wayne","tile","2","2","0","0","Kevin: confirm scope, territory, capacity, credentials and recipient","Griffith Handyman;Brush House Painting and Flooring Services of North Jersey"
"passaic","wayne","plumbing","2","2","0","0","Kevin: confirm scope, territory, capacity, credentials and recipient","All County Plumbing and Heating;Daibes Plumbing and Heating"
"passaic","wayne","electrical","2","2","0","0","Kevin: confirm scope, territory, capacity, credentials and recipient","K2 Electric;HK Electrical Group"
"passaic","west-milford","handyman","2","2","0","0","Kevin: confirm scope, territory, capacity, credentials and recipient","Griffith Handyman;Sentinel Handyman LLC"
"passaic","west-milford","masonry","3","3","0","0","Kevin: confirm scope, territory, capacity, credentials and recipient","Griffith Handyman;Jersey Complete Construction;A&E Exteriors LLC"
"passaic","west-milford","landscaping","2","2","0","0","Kevin: confirm scope, territory, capacity, credentials and recipient","Hubinger Landscaping;Finishing Touch Landscape Construction"
"passaic","west-milford","painting","3","3","0","0","Kevin: confirm scope, territory, capacity, credentials and recipient","Griffith Handyman;Sentinel Handyman LLC;Brush House Painting and Flooring Services of North Jersey"
"passaic","west-milford","drywall","3","3","0","0","Kevin: confirm scope, territory, capacity, credentials and recipient","Griffith Handyman;Sentinel Handyman LLC;Brush House Painting and Flooring Services of North Jersey"
"passaic","west-milford","tile","2","2","0","0","Kevin: confirm scope, territory, capacity, credentials and recipient","Griffith Handyman;Brush House Painting and Flooring Services of North Jersey"
"passaic","west-milford","plumbing","2","2","0","0","Kevin: confirm scope, territory, capacity, credentials and recipient","All County Plumbing and Heating;Daibes Plumbing and Heating"
"passaic","west-milford","electrical","2","2","0","0","Kevin: confirm scope, territory, capacity, credentials and recipient","K2 Electric;HK Electrical Group"
"passaic","woodland-park","handyman","2","2","0","0","Kevin: confirm scope, territory, capacity, credentials and recipient","Griffith Handyman;Sentinel Handyman LLC"
"passaic","woodland-park","masonry","3","3","0","0","Kevin: confirm scope, territory, capacity, credentials and recipient","Griffith Handyman;Jersey Complete Construction;A&E Exteriors LLC"
"passaic","woodland-park","landscaping","2","2","0","0","Kevin: confirm scope, territory, capacity, credentials and recipient","Hubinger Landscaping;Finishing Touch Landscape Construction"
"passaic","woodland-park","painting","3","3","0","0","Kevin: confirm scope, territory, capacity, credentials and recipient","Griffith Handyman;Sentinel Handyman LLC;Brush House Painting and Flooring Services of North Jersey"
"passaic","woodland-park","drywall","3","3","0","0","Kevin: confirm scope, territory, capacity, credentials and recipient","Griffith Handyman;Sentinel Handyman LLC;Brush House Painting and Flooring Services of North Jersey"
"passaic","woodland-park","tile","2","2","0","0","Kevin: confirm scope, territory, capacity, credentials and recipient","Griffith Handyman;Brush House Painting and Flooring Services of North Jersey"
"passaic","woodland-park","plumbing","2","2","0","0","Kevin: confirm scope, territory, capacity, credentials and recipient","All County Plumbing and Heating;Daibes Plumbing and Heating"
"passaic","woodland-park","electrical","2","2","0","0","Kevin: confirm scope, territory, capacity, credentials and recipient","K2 Electric;HK Electrical Group"
"sussex","andover-borough","handyman","3","3","0","0","Kevin: confirm scope, territory, capacity, credentials and recipient","Griffith Handyman;Silver Hammer Handyman;Geo's Handyman"
"sussex","andover-borough","masonry","3","3","0","0","Kevin: confirm scope, territory, capacity, credentials and recipient","Griffith Handyman;Jersey Complete Construction;A&E Exteriors LLC"
"sussex","andover-borough","landscaping","2","2","0","0","Kevin: confirm scope, territory, capacity, credentials and recipient","Hubinger Landscaping;Finishing Touch Landscape Construction"
"sussex","andover-borough","painting","3","3","0","0","Kevin: confirm scope, territory, capacity, credentials and recipient","Griffith Handyman;Silver Hammer Handyman;Brush House Painting and Flooring Services of North Jersey"
"sussex","andover-borough","drywall","3","3","0","0","Kevin: confirm scope, territory, capacity, credentials and recipient","Griffith Handyman;Silver Hammer Handyman;Brush House Painting and Flooring Services of North Jersey"
"sussex","andover-borough","tile","3","3","0","0","Kevin: confirm scope, territory, capacity, credentials and recipient","Griffith Handyman;Silver Hammer Handyman;Brush House Painting and Flooring Services of North Jersey"
"sussex","andover-borough","plumbing","3","3","0","0","Kevin: confirm scope, territory, capacity, credentials and recipient","All County Plumbing and Heating;Daibes Plumbing and Heating;All A's Plumbing and Heating"
"sussex","andover-borough","electrical","2","2","0","0","Kevin: confirm scope, territory, capacity, credentials and recipient","K2 Electric;HK Electrical Group"
"sussex","andover-township","handyman","3","3","0","0","Kevin: confirm scope, territory, capacity, credentials and recipient","Griffith Handyman;Silver Hammer Handyman;Geo's Handyman"
"sussex","andover-township","masonry","3","3","0","0","Kevin: confirm scope, territory, capacity, credentials and recipient","Griffith Handyman;Jersey Complete Construction;A&E Exteriors LLC"
"sussex","andover-township","landscaping","2","2","0","0","Kevin: confirm scope, territory, capacity, credentials and recipient","Hubinger Landscaping;Finishing Touch Landscape Construction"
"sussex","andover-township","painting","3","3","0","0","Kevin: confirm scope, territory, capacity, credentials and recipient","Griffith Handyman;Silver Hammer Handyman;Brush House Painting and Flooring Services of North Jersey"
"sussex","andover-township","drywall","3","3","0","0","Kevin: confirm scope, territory, capacity, credentials and recipient","Griffith Handyman;Silver Hammer Handyman;Brush House Painting and Flooring Services of North Jersey"
"sussex","andover-township","tile","3","3","0","0","Kevin: confirm scope, territory, capacity, credentials and recipient","Griffith Handyman;Silver Hammer Handyman;Brush House Painting and Flooring Services of North Jersey"
"sussex","andover-township","plumbing","3","3","0","0","Kevin: confirm scope, territory, capacity, credentials and recipient","All County Plumbing and Heating;Daibes Plumbing and Heating;All A's Plumbing and Heating"
"sussex","andover-township","electrical","2","2","0","0","Kevin: confirm scope, territory, capacity, credentials and recipient","K2 Electric;HK Electrical Group"
"sussex","branchville","handyman","3","3","0","0","Kevin: confirm scope, territory, capacity, credentials and recipient","Griffith Handyman;Silver Hammer Handyman;Geo's Handyman"
"sussex","branchville","masonry","3","3","0","0","Kevin: confirm scope, territory, capacity, credentials and recipient","Griffith Handyman;Jersey Complete Construction;A&E Exteriors LLC"
"sussex","branchville","landscaping","2","2","0","0","Kevin: confirm scope, territory, capacity, credentials and recipient","Hubinger Landscaping;Finishing Touch Landscape Construction"
"sussex","branchville","painting","3","3","0","0","Kevin: confirm scope, territory, capacity, credentials and recipient","Griffith Handyman;Silver Hammer Handyman;Brush House Painting and Flooring Services of North Jersey"
"sussex","branchville","drywall","3","3","0","0","Kevin: confirm scope, territory, capacity, credentials and recipient","Griffith Handyman;Silver Hammer Handyman;Brush House Painting and Flooring Services of North Jersey"
"sussex","branchville","tile","3","3","0","0","Kevin: confirm scope, territory, capacity, credentials and recipient","Griffith Handyman;Silver Hammer Handyman;Brush House Painting and Flooring Services of North Jersey"
"sussex","branchville","plumbing","3","3","0","0","Kevin: confirm scope, territory, capacity, credentials and recipient","All County Plumbing and Heating;Daibes Plumbing and Heating;All A's Plumbing and Heating"
"sussex","branchville","electrical","2","2","0","0","Kevin: confirm scope, territory, capacity, credentials and recipient","K2 Electric;HK Electrical Group"
"sussex","byram","handyman","3","3","0","0","Kevin: confirm scope, territory, capacity, credentials and recipient","Griffith Handyman;Silver Hammer Handyman;Geo's Handyman"
"sussex","byram","masonry","3","3","0","0","Kevin: confirm scope, territory, capacity, credentials and recipient","Griffith Handyman;Jersey Complete Construction;A&E Exteriors LLC"
"sussex","byram","landscaping","2","2","0","0","Kevin: confirm scope, territory, capacity, credentials and recipient","Hubinger Landscaping;Finishing Touch Landscape Construction"
"sussex","byram","painting","3","3","0","0","Kevin: confirm scope, territory, capacity, credentials and recipient","Griffith Handyman;Silver Hammer Handyman;Brush House Painting and Flooring Services of North Jersey"
"sussex","byram","drywall","3","3","0","0","Kevin: confirm scope, territory, capacity, credentials and recipient","Griffith Handyman;Silver Hammer Handyman;Brush House Painting and Flooring Services of North Jersey"
"sussex","byram","tile","3","3","0","0","Kevin: confirm scope, territory, capacity, credentials and recipient","Griffith Handyman;Silver Hammer Handyman;Brush House Painting and Flooring Services of North Jersey"
"sussex","byram","plumbing","3","3","0","0","Kevin: confirm scope, territory, capacity, credentials and recipient","All County Plumbing and Heating;Daibes Plumbing and Heating;All A's Plumbing and Heating"
"sussex","byram","electrical","2","2","0","0","Kevin: confirm scope, territory, capacity, credentials and recipient","K2 Electric;HK Electrical Group"
"sussex","frankford","handyman","3","3","0","0","Kevin: confirm scope, territory, capacity, credentials and recipient","Griffith Handyman;Silver Hammer Handyman;Geo's Handyman"
"sussex","frankford","masonry","3","3","0","0","Kevin: confirm scope, territory, capacity, credentials and recipient","Griffith Handyman;Jersey Complete Construction;A&E Exteriors LLC"
"sussex","frankford","landscaping","2","2","0","0","Kevin: confirm scope, territory, capacity, credentials and recipient","Hubinger Landscaping;Finishing Touch Landscape Construction"
"sussex","frankford","painting","3","3","0","0","Kevin: confirm scope, territory, capacity, credentials and recipient","Griffith Handyman;Silver Hammer Handyman;Brush House Painting and Flooring Services of North Jersey"
"sussex","frankford","drywall","3","3","0","0","Kevin: confirm scope, territory, capacity, credentials and recipient","Griffith Handyman;Silver Hammer Handyman;Brush House Painting and Flooring Services of North Jersey"
"sussex","frankford","tile","3","3","0","0","Kevin: confirm scope, territory, capacity, credentials and recipient","Griffith Handyman;Silver Hammer Handyman;Brush House Painting and Flooring Services of North Jersey"
"sussex","frankford","plumbing","3","3","0","0","Kevin: confirm scope, territory, capacity, credentials and recipient","All County Plumbing and Heating;Daibes Plumbing and Heating;All A's Plumbing and Heating"
"sussex","frankford","electrical","2","2","0","0","Kevin: confirm scope, territory, capacity, credentials and recipient","K2 Electric;HK Electrical Group"
"sussex","franklin-borough","handyman","3","3","0","0","Kevin: confirm scope, territory, capacity, credentials and recipient","Griffith Handyman;Silver Hammer Handyman;Geo's Handyman"
"sussex","franklin-borough","masonry","3","3","0","0","Kevin: confirm scope, territory, capacity, credentials and recipient","Griffith Handyman;Jersey Complete Construction;A&E Exteriors LLC"
"sussex","franklin-borough","landscaping","2","2","0","0","Kevin: confirm scope, territory, capacity, credentials and recipient","Hubinger Landscaping;Finishing Touch Landscape Construction"
"sussex","franklin-borough","painting","3","3","0","0","Kevin: confirm scope, territory, capacity, credentials and recipient","Griffith Handyman;Silver Hammer Handyman;Brush House Painting and Flooring Services of North Jersey"
"sussex","franklin-borough","drywall","3","3","0","0","Kevin: confirm scope, territory, capacity, credentials and recipient","Griffith Handyman;Silver Hammer Handyman;Brush House Painting and Flooring Services of North Jersey"
"sussex","franklin-borough","tile","3","3","0","0","Kevin: confirm scope, territory, capacity, credentials and recipient","Griffith Handyman;Silver Hammer Handyman;Brush House Painting and Flooring Services of North Jersey"
"sussex","franklin-borough","plumbing","3","3","0","0","Kevin: confirm scope, territory, capacity, credentials and recipient","All County Plumbing and Heating;Daibes Plumbing and Heating;All A's Plumbing and Heating"
"sussex","franklin-borough","electrical","2","2","0","0","Kevin: confirm scope, territory, capacity, credentials and recipient","K2 Electric;HK Electrical Group"
"sussex","fredon","handyman","3","3","0","0","Kevin: confirm scope, territory, capacity, credentials and recipient","Griffith Handyman;Silver Hammer Handyman;Geo's Handyman"
"sussex","fredon","masonry","3","3","0","0","Kevin: confirm scope, territory, capacity, credentials and recipient","Griffith Handyman;Jersey Complete Construction;A&E Exteriors LLC"
"sussex","fredon","landscaping","2","2","0","0","Kevin: confirm scope, territory, capacity, credentials and recipient","Hubinger Landscaping;Finishing Touch Landscape Construction"
"sussex","fredon","painting","3","3","0","0","Kevin: confirm scope, territory, capacity, credentials and recipient","Griffith Handyman;Silver Hammer Handyman;Brush House Painting and Flooring Services of North Jersey"
"sussex","fredon","drywall","3","3","0","0","Kevin: confirm scope, territory, capacity, credentials and recipient","Griffith Handyman;Silver Hammer Handyman;Brush House Painting and Flooring Services of North Jersey"
"sussex","fredon","tile","3","3","0","0","Kevin: confirm scope, territory, capacity, credentials and recipient","Griffith Handyman;Silver Hammer Handyman;Brush House Painting and Flooring Services of North Jersey"
"sussex","fredon","plumbing","3","3","0","0","Kevin: confirm scope, territory, capacity, credentials and recipient","All County Plumbing and Heating;Daibes Plumbing and Heating;All A's Plumbing and Heating"
"sussex","fredon","electrical","2","2","0","0","Kevin: confirm scope, territory, capacity, credentials and recipient","K2 Electric;HK Electrical Group"
"sussex","green-township","handyman","3","3","0","0","Kevin: confirm scope, territory, capacity, credentials and recipient","Griffith Handyman;Silver Hammer Handyman;Geo's Handyman"
"sussex","green-township","masonry","3","3","0","0","Kevin: confirm scope, territory, capacity, credentials and recipient","Griffith Handyman;Jersey Complete Construction;A&E Exteriors LLC"
"sussex","green-township","landscaping","2","2","0","0","Kevin: confirm scope, territory, capacity, credentials and recipient","Hubinger Landscaping;Finishing Touch Landscape Construction"
"sussex","green-township","painting","3","3","0","0","Kevin: confirm scope, territory, capacity, credentials and recipient","Griffith Handyman;Silver Hammer Handyman;Brush House Painting and Flooring Services of North Jersey"
"sussex","green-township","drywall","3","3","0","0","Kevin: confirm scope, territory, capacity, credentials and recipient","Griffith Handyman;Silver Hammer Handyman;Brush House Painting and Flooring Services of North Jersey"
"sussex","green-township","tile","3","3","0","0","Kevin: confirm scope, territory, capacity, credentials and recipient","Griffith Handyman;Silver Hammer Handyman;Brush House Painting and Flooring Services of North Jersey"
"sussex","green-township","plumbing","3","3","0","0","Kevin: confirm scope, territory, capacity, credentials and recipient","All County Plumbing and Heating;Daibes Plumbing and Heating;All A's Plumbing and Heating"
"sussex","green-township","electrical","2","2","0","0","Kevin: confirm scope, territory, capacity, credentials and recipient","K2 Electric;HK Electrical Group"
"sussex","hamburg","handyman","3","3","0","0","Kevin: confirm scope, territory, capacity, credentials and recipient","Griffith Handyman;Silver Hammer Handyman;Geo's Handyman"
"sussex","hamburg","masonry","3","3","0","0","Kevin: confirm scope, territory, capacity, credentials and recipient","Griffith Handyman;Jersey Complete Construction;A&E Exteriors LLC"
"sussex","hamburg","landscaping","2","2","0","0","Kevin: confirm scope, territory, capacity, credentials and recipient","Hubinger Landscaping;Finishing Touch Landscape Construction"
"sussex","hamburg","painting","3","3","0","0","Kevin: confirm scope, territory, capacity, credentials and recipient","Griffith Handyman;Silver Hammer Handyman;Brush House Painting and Flooring Services of North Jersey"
"sussex","hamburg","drywall","3","3","0","0","Kevin: confirm scope, territory, capacity, credentials and recipient","Griffith Handyman;Silver Hammer Handyman;Brush House Painting and Flooring Services of North Jersey"
"sussex","hamburg","tile","3","3","0","0","Kevin: confirm scope, territory, capacity, credentials and recipient","Griffith Handyman;Silver Hammer Handyman;Brush House Painting and Flooring Services of North Jersey"
"sussex","hamburg","plumbing","3","3","0","0","Kevin: confirm scope, territory, capacity, credentials and recipient","All County Plumbing and Heating;Daibes Plumbing and Heating;All A's Plumbing and Heating"
"sussex","hamburg","electrical","2","2","0","0","Kevin: confirm scope, territory, capacity, credentials and recipient","K2 Electric;HK Electrical Group"
"sussex","hampton-township","handyman","3","3","0","0","Kevin: confirm scope, territory, capacity, credentials and recipient","Griffith Handyman;Silver Hammer Handyman;Geo's Handyman"
"sussex","hampton-township","masonry","3","3","0","0","Kevin: confirm scope, territory, capacity, credentials and recipient","Griffith Handyman;Jersey Complete Construction;A&E Exteriors LLC"
"sussex","hampton-township","landscaping","2","2","0","0","Kevin: confirm scope, territory, capacity, credentials and recipient","Hubinger Landscaping;Finishing Touch Landscape Construction"
"sussex","hampton-township","painting","3","3","0","0","Kevin: confirm scope, territory, capacity, credentials and recipient","Griffith Handyman;Silver Hammer Handyman;Brush House Painting and Flooring Services of North Jersey"
"sussex","hampton-township","drywall","3","3","0","0","Kevin: confirm scope, territory, capacity, credentials and recipient","Griffith Handyman;Silver Hammer Handyman;Brush House Painting and Flooring Services of North Jersey"
"sussex","hampton-township","tile","3","3","0","0","Kevin: confirm scope, territory, capacity, credentials and recipient","Griffith Handyman;Silver Hammer Handyman;Brush House Painting and Flooring Services of North Jersey"
"sussex","hampton-township","plumbing","3","3","0","0","Kevin: confirm scope, territory, capacity, credentials and recipient","All County Plumbing and Heating;Daibes Plumbing and Heating;All A's Plumbing and Heating"
"sussex","hampton-township","electrical","2","2","0","0","Kevin: confirm scope, territory, capacity, credentials and recipient","K2 Electric;HK Electrical Group"
"sussex","hardyston","handyman","3","3","0","0","Kevin: confirm scope, territory, capacity, credentials and recipient","Griffith Handyman;Silver Hammer Handyman;Geo's Handyman"
"sussex","hardyston","masonry","3","3","0","0","Kevin: confirm scope, territory, capacity, credentials and recipient","Griffith Handyman;Jersey Complete Construction;A&E Exteriors LLC"
"sussex","hardyston","landscaping","2","2","0","0","Kevin: confirm scope, territory, capacity, credentials and recipient","Hubinger Landscaping;Finishing Touch Landscape Construction"
"sussex","hardyston","painting","3","3","0","0","Kevin: confirm scope, territory, capacity, credentials and recipient","Griffith Handyman;Silver Hammer Handyman;Brush House Painting and Flooring Services of North Jersey"
"sussex","hardyston","drywall","3","3","0","0","Kevin: confirm scope, territory, capacity, credentials and recipient","Griffith Handyman;Silver Hammer Handyman;Brush House Painting and Flooring Services of North Jersey"
"sussex","hardyston","tile","3","3","0","0","Kevin: confirm scope, territory, capacity, credentials and recipient","Griffith Handyman;Silver Hammer Handyman;Brush House Painting and Flooring Services of North Jersey"
"sussex","hardyston","plumbing","3","3","0","0","Kevin: confirm scope, territory, capacity, credentials and recipient","All County Plumbing and Heating;Daibes Plumbing and Heating;All A's Plumbing and Heating"
"sussex","hardyston","electrical","2","2","0","0","Kevin: confirm scope, territory, capacity, credentials and recipient","K2 Electric;HK Electrical Group"
"sussex","hopatcong","handyman","3","3","0","0","Kevin: confirm scope, territory, capacity, credentials and recipient","Griffith Handyman;Silver Hammer Handyman;Geo's Handyman"
"sussex","hopatcong","masonry","3","3","0","0","Kevin: confirm scope, territory, capacity, credentials and recipient","Griffith Handyman;Jersey Complete Construction;A&E Exteriors LLC"
"sussex","hopatcong","landscaping","2","2","0","0","Kevin: confirm scope, territory, capacity, credentials and recipient","Hubinger Landscaping;Finishing Touch Landscape Construction"
"sussex","hopatcong","painting","3","3","0","0","Kevin: confirm scope, territory, capacity, credentials and recipient","Griffith Handyman;Silver Hammer Handyman;Brush House Painting and Flooring Services of North Jersey"
"sussex","hopatcong","drywall","3","3","0","0","Kevin: confirm scope, territory, capacity, credentials and recipient","Griffith Handyman;Silver Hammer Handyman;Brush House Painting and Flooring Services of North Jersey"
"sussex","hopatcong","tile","3","3","0","0","Kevin: confirm scope, territory, capacity, credentials and recipient","Griffith Handyman;Silver Hammer Handyman;Brush House Painting and Flooring Services of North Jersey"
"sussex","hopatcong","plumbing","3","3","0","0","Kevin: confirm scope, territory, capacity, credentials and recipient","All County Plumbing and Heating;Daibes Plumbing and Heating;All A's Plumbing and Heating"
"sussex","hopatcong","electrical","2","2","0","0","Kevin: confirm scope, territory, capacity, credentials and recipient","K2 Electric;HK Electrical Group"
"sussex","lafayette","handyman","3","3","0","0","Kevin: confirm scope, territory, capacity, credentials and recipient","Griffith Handyman;Silver Hammer Handyman;Geo's Handyman"
"sussex","lafayette","masonry","3","3","0","0","Kevin: confirm scope, territory, capacity, credentials and recipient","Griffith Handyman;Jersey Complete Construction;A&E Exteriors LLC"
"sussex","lafayette","landscaping","2","2","0","0","Kevin: confirm scope, territory, capacity, credentials and recipient","Hubinger Landscaping;Finishing Touch Landscape Construction"
"sussex","lafayette","painting","3","3","0","0","Kevin: confirm scope, territory, capacity, credentials and recipient","Griffith Handyman;Silver Hammer Handyman;Brush House Painting and Flooring Services of North Jersey"
"sussex","lafayette","drywall","3","3","0","0","Kevin: confirm scope, territory, capacity, credentials and recipient","Griffith Handyman;Silver Hammer Handyman;Brush House Painting and Flooring Services of North Jersey"
"sussex","lafayette","tile","3","3","0","0","Kevin: confirm scope, territory, capacity, credentials and recipient","Griffith Handyman;Silver Hammer Handyman;Brush House Painting and Flooring Services of North Jersey"
"sussex","lafayette","plumbing","3","3","0","0","Kevin: confirm scope, territory, capacity, credentials and recipient","All County Plumbing and Heating;Daibes Plumbing and Heating;All A's Plumbing and Heating"
"sussex","lafayette","electrical","2","2","0","0","Kevin: confirm scope, territory, capacity, credentials and recipient","K2 Electric;HK Electrical Group"
"sussex","montague","handyman","3","3","0","0","Kevin: confirm scope, territory, capacity, credentials and recipient","Griffith Handyman;Silver Hammer Handyman;Geo's Handyman"
"sussex","montague","masonry","3","3","0","0","Kevin: confirm scope, territory, capacity, credentials and recipient","Griffith Handyman;Jersey Complete Construction;A&E Exteriors LLC"
"sussex","montague","landscaping","2","2","0","0","Kevin: confirm scope, territory, capacity, credentials and recipient","Hubinger Landscaping;Finishing Touch Landscape Construction"
"sussex","montague","painting","3","3","0","0","Kevin: confirm scope, territory, capacity, credentials and recipient","Griffith Handyman;Silver Hammer Handyman;Brush House Painting and Flooring Services of North Jersey"
"sussex","montague","drywall","3","3","0","0","Kevin: confirm scope, territory, capacity, credentials and recipient","Griffith Handyman;Silver Hammer Handyman;Brush House Painting and Flooring Services of North Jersey"
"sussex","montague","tile","3","3","0","0","Kevin: confirm scope, territory, capacity, credentials and recipient","Griffith Handyman;Silver Hammer Handyman;Brush House Painting and Flooring Services of North Jersey"
"sussex","montague","plumbing","3","3","0","0","Kevin: confirm scope, territory, capacity, credentials and recipient","All County Plumbing and Heating;Daibes Plumbing and Heating;All A's Plumbing and Heating"
"sussex","montague","electrical","2","2","0","0","Kevin: confirm scope, territory, capacity, credentials and recipient","K2 Electric;HK Electrical Group"
"sussex","newton","handyman","3","3","0","0","Kevin: confirm scope, territory, capacity, credentials and recipient","Griffith Handyman;Silver Hammer Handyman;Geo's Handyman"
"sussex","newton","masonry","3","3","0","0","Kevin: confirm scope, territory, capacity, credentials and recipient","Griffith Handyman;Jersey Complete Construction;A&E Exteriors LLC"
"sussex","newton","landscaping","2","2","0","0","Kevin: confirm scope, territory, capacity, credentials and recipient","Hubinger Landscaping;Finishing Touch Landscape Construction"
"sussex","newton","painting","3","3","0","0","Kevin: confirm scope, territory, capacity, credentials and recipient","Griffith Handyman;Silver Hammer Handyman;Brush House Painting and Flooring Services of North Jersey"
"sussex","newton","drywall","3","3","0","0","Kevin: confirm scope, territory, capacity, credentials and recipient","Griffith Handyman;Silver Hammer Handyman;Brush House Painting and Flooring Services of North Jersey"
"sussex","newton","tile","3","3","0","0","Kevin: confirm scope, territory, capacity, credentials and recipient","Griffith Handyman;Silver Hammer Handyman;Brush House Painting and Flooring Services of North Jersey"
"sussex","newton","plumbing","3","3","0","0","Kevin: confirm scope, territory, capacity, credentials and recipient","All County Plumbing and Heating;Daibes Plumbing and Heating;All A's Plumbing and Heating"
"sussex","newton","electrical","2","2","0","0","Kevin: confirm scope, territory, capacity, credentials and recipient","K2 Electric;HK Electrical Group"
"sussex","ogdensburg","handyman","3","3","0","0","Kevin: confirm scope, territory, capacity, credentials and recipient","Griffith Handyman;Silver Hammer Handyman;Geo's Handyman"
"sussex","ogdensburg","masonry","3","3","0","0","Kevin: confirm scope, territory, capacity, credentials and recipient","Griffith Handyman;Jersey Complete Construction;A&E Exteriors LLC"
"sussex","ogdensburg","landscaping","2","2","0","0","Kevin: confirm scope, territory, capacity, credentials and recipient","Hubinger Landscaping;Finishing Touch Landscape Construction"
"sussex","ogdensburg","painting","3","3","0","0","Kevin: confirm scope, territory, capacity, credentials and recipient","Griffith Handyman;Silver Hammer Handyman;Brush House Painting and Flooring Services of North Jersey"
"sussex","ogdensburg","drywall","3","3","0","0","Kevin: confirm scope, territory, capacity, credentials and recipient","Griffith Handyman;Silver Hammer Handyman;Brush House Painting and Flooring Services of North Jersey"
"sussex","ogdensburg","tile","3","3","0","0","Kevin: confirm scope, territory, capacity, credentials and recipient","Griffith Handyman;Silver Hammer Handyman;Brush House Painting and Flooring Services of North Jersey"
"sussex","ogdensburg","plumbing","3","3","0","0","Kevin: confirm scope, territory, capacity, credentials and recipient","All County Plumbing and Heating;Daibes Plumbing and Heating;All A's Plumbing and Heating"
"sussex","ogdensburg","electrical","2","2","0","0","Kevin: confirm scope, territory, capacity, credentials and recipient","K2 Electric;HK Electrical Group"
"sussex","sandyston","handyman","3","3","0","0","Kevin: confirm scope, territory, capacity, credentials and recipient","Griffith Handyman;Silver Hammer Handyman;Geo's Handyman"
"sussex","sandyston","masonry","3","3","0","0","Kevin: confirm scope, territory, capacity, credentials and recipient","Griffith Handyman;Jersey Complete Construction;A&E Exteriors LLC"
"sussex","sandyston","landscaping","2","2","0","0","Kevin: confirm scope, territory, capacity, credentials and recipient","Hubinger Landscaping;Finishing Touch Landscape Construction"
"sussex","sandyston","painting","3","3","0","0","Kevin: confirm scope, territory, capacity, credentials and recipient","Griffith Handyman;Silver Hammer Handyman;Brush House Painting and Flooring Services of North Jersey"
"sussex","sandyston","drywall","3","3","0","0","Kevin: confirm scope, territory, capacity, credentials and recipient","Griffith Handyman;Silver Hammer Handyman;Brush House Painting and Flooring Services of North Jersey"
"sussex","sandyston","tile","3","3","0","0","Kevin: confirm scope, territory, capacity, credentials and recipient","Griffith Handyman;Silver Hammer Handyman;Brush House Painting and Flooring Services of North Jersey"
"sussex","sandyston","plumbing","3","3","0","0","Kevin: confirm scope, territory, capacity, credentials and recipient","All County Plumbing and Heating;Daibes Plumbing and Heating;All A's Plumbing and Heating"
"sussex","sandyston","electrical","2","2","0","0","Kevin: confirm scope, territory, capacity, credentials and recipient","K2 Electric;HK Electrical Group"
"sussex","sparta","handyman","4","3","0","0","Kevin: confirm scope, territory, capacity, credentials and recipient","Griffith Handyman;Silver Hammer Handyman;Geo's Handyman;Mohawk Handyman Services"
"sussex","sparta","masonry","3","3","0","0","Kevin: confirm scope, territory, capacity, credentials and recipient","Griffith Handyman;Jersey Complete Construction;A&E Exteriors LLC"
"sussex","sparta","landscaping","2","2","0","0","Kevin: confirm scope, territory, capacity, credentials and recipient","Hubinger Landscaping;Finishing Touch Landscape Construction"
"sussex","sparta","painting","3","3","0","0","Kevin: confirm scope, territory, capacity, credentials and recipient","Griffith Handyman;Silver Hammer Handyman;Brush House Painting and Flooring Services of North Jersey"
"sussex","sparta","drywall","3","3","0","0","Kevin: confirm scope, territory, capacity, credentials and recipient","Griffith Handyman;Silver Hammer Handyman;Brush House Painting and Flooring Services of North Jersey"
"sussex","sparta","tile","3","3","0","0","Kevin: confirm scope, territory, capacity, credentials and recipient","Griffith Handyman;Silver Hammer Handyman;Brush House Painting and Flooring Services of North Jersey"
"sussex","sparta","plumbing","3","3","0","0","Kevin: confirm scope, territory, capacity, credentials and recipient","All County Plumbing and Heating;Daibes Plumbing and Heating;All A's Plumbing and Heating"
"sussex","sparta","electrical","2","2","0","0","Kevin: confirm scope, territory, capacity, credentials and recipient","K2 Electric;HK Electrical Group"
"sussex","stanhope","handyman","3","3","0","0","Kevin: confirm scope, territory, capacity, credentials and recipient","Griffith Handyman;Silver Hammer Handyman;Geo's Handyman"
"sussex","stanhope","masonry","3","3","0","0","Kevin: confirm scope, territory, capacity, credentials and recipient","Griffith Handyman;Jersey Complete Construction;A&E Exteriors LLC"
"sussex","stanhope","landscaping","2","2","0","0","Kevin: confirm scope, territory, capacity, credentials and recipient","Hubinger Landscaping;Finishing Touch Landscape Construction"
"sussex","stanhope","painting","3","3","0","0","Kevin: confirm scope, territory, capacity, credentials and recipient","Griffith Handyman;Silver Hammer Handyman;Brush House Painting and Flooring Services of North Jersey"
"sussex","stanhope","drywall","3","3","0","0","Kevin: confirm scope, territory, capacity, credentials and recipient","Griffith Handyman;Silver Hammer Handyman;Brush House Painting and Flooring Services of North Jersey"
"sussex","stanhope","tile","3","3","0","0","Kevin: confirm scope, territory, capacity, credentials and recipient","Griffith Handyman;Silver Hammer Handyman;Brush House Painting and Flooring Services of North Jersey"
"sussex","stanhope","plumbing","3","3","0","0","Kevin: confirm scope, territory, capacity, credentials and recipient","All County Plumbing and Heating;Daibes Plumbing and Heating;All A's Plumbing and Heating"
"sussex","stanhope","electrical","2","2","0","0","Kevin: confirm scope, territory, capacity, credentials and recipient","K2 Electric;HK Electrical Group"
"sussex","stillwater","handyman","3","3","0","0","Kevin: confirm scope, territory, capacity, credentials and recipient","Griffith Handyman;Silver Hammer Handyman;Geo's Handyman"
"sussex","stillwater","masonry","3","3","0","0","Kevin: confirm scope, territory, capacity, credentials and recipient","Griffith Handyman;Jersey Complete Construction;A&E Exteriors LLC"
"sussex","stillwater","landscaping","2","2","0","0","Kevin: confirm scope, territory, capacity, credentials and recipient","Hubinger Landscaping;Finishing Touch Landscape Construction"
"sussex","stillwater","painting","3","3","0","0","Kevin: confirm scope, territory, capacity, credentials and recipient","Griffith Handyman;Silver Hammer Handyman;Brush House Painting and Flooring Services of North Jersey"
"sussex","stillwater","drywall","3","3","0","0","Kevin: confirm scope, territory, capacity, credentials and recipient","Griffith Handyman;Silver Hammer Handyman;Brush House Painting and Flooring Services of North Jersey"
"sussex","stillwater","tile","3","3","0","0","Kevin: confirm scope, territory, capacity, credentials and recipient","Griffith Handyman;Silver Hammer Handyman;Brush House Painting and Flooring Services of North Jersey"
"sussex","stillwater","plumbing","3","3","0","0","Kevin: confirm scope, territory, capacity, credentials and recipient","All County Plumbing and Heating;Daibes Plumbing and Heating;All A's Plumbing and Heating"
"sussex","stillwater","electrical","2","2","0","0","Kevin: confirm scope, territory, capacity, credentials and recipient","K2 Electric;HK Electrical Group"
"sussex","sussex","handyman","3","3","0","0","Kevin: confirm scope, territory, capacity, credentials and recipient","Griffith Handyman;Silver Hammer Handyman;Geo's Handyman"
"sussex","sussex","masonry","3","3","0","0","Kevin: confirm scope, territory, capacity, credentials and recipient","Griffith Handyman;Jersey Complete Construction;A&E Exteriors LLC"
"sussex","sussex","landscaping","2","2","0","0","Kevin: confirm scope, territory, capacity, credentials and recipient","Hubinger Landscaping;Finishing Touch Landscape Construction"
"sussex","sussex","painting","3","3","0","0","Kevin: confirm scope, territory, capacity, credentials and recipient","Griffith Handyman;Silver Hammer Handyman;Brush House Painting and Flooring Services of North Jersey"
"sussex","sussex","drywall","3","3","0","0","Kevin: confirm scope, territory, capacity, credentials and recipient","Griffith Handyman;Silver Hammer Handyman;Brush House Painting and Flooring Services of North Jersey"
"sussex","sussex","tile","3","3","0","0","Kevin: confirm scope, territory, capacity, credentials and recipient","Griffith Handyman;Silver Hammer Handyman;Brush House Painting and Flooring Services of North Jersey"
"sussex","sussex","plumbing","3","3","0","0","Kevin: confirm scope, territory, capacity, credentials and recipient","All County Plumbing and Heating;Daibes Plumbing and Heating;All A's Plumbing and Heating"
"sussex","sussex","electrical","2","2","0","0","Kevin: confirm scope, territory, capacity, credentials and recipient","K2 Electric;HK Electrical Group"
"sussex","vernon","handyman","3","3","0","0","Kevin: confirm scope, territory, capacity, credentials and recipient","Griffith Handyman;Silver Hammer Handyman;Geo's Handyman"
"sussex","vernon","masonry","3","3","0","0","Kevin: confirm scope, territory, capacity, credentials and recipient","Griffith Handyman;Jersey Complete Construction;A&E Exteriors LLC"
"sussex","vernon","landscaping","2","2","0","0","Kevin: confirm scope, territory, capacity, credentials and recipient","Hubinger Landscaping;Finishing Touch Landscape Construction"
"sussex","vernon","painting","3","3","0","0","Kevin: confirm scope, territory, capacity, credentials and recipient","Griffith Handyman;Silver Hammer Handyman;Brush House Painting and Flooring Services of North Jersey"
"sussex","vernon","drywall","3","3","0","0","Kevin: confirm scope, territory, capacity, credentials and recipient","Griffith Handyman;Silver Hammer Handyman;Brush House Painting and Flooring Services of North Jersey"
"sussex","vernon","tile","3","3","0","0","Kevin: confirm scope, territory, capacity, credentials and recipient","Griffith Handyman;Silver Hammer Handyman;Brush House Painting and Flooring Services of North Jersey"
"sussex","vernon","plumbing","3","3","0","0","Kevin: confirm scope, territory, capacity, credentials and recipient","All County Plumbing and Heating;Daibes Plumbing and Heating;All A's Plumbing and Heating"
"sussex","vernon","electrical","2","2","0","0","Kevin: confirm scope, territory, capacity, credentials and recipient","K2 Electric;HK Electrical Group"
"sussex","walpack","handyman","3","3","0","0","Kevin: confirm scope, territory, capacity, credentials and recipient","Griffith Handyman;Silver Hammer Handyman;Geo's Handyman"
"sussex","walpack","masonry","3","3","0","0","Kevin: confirm scope, territory, capacity, credentials and recipient","Griffith Handyman;Jersey Complete Construction;A&E Exteriors LLC"
"sussex","walpack","landscaping","2","2","0","0","Kevin: confirm scope, territory, capacity, credentials and recipient","Hubinger Landscaping;Finishing Touch Landscape Construction"
"sussex","walpack","painting","3","3","0","0","Kevin: confirm scope, territory, capacity, credentials and recipient","Griffith Handyman;Silver Hammer Handyman;Brush House Painting and Flooring Services of North Jersey"
"sussex","walpack","drywall","3","3","0","0","Kevin: confirm scope, territory, capacity, credentials and recipient","Griffith Handyman;Silver Hammer Handyman;Brush House Painting and Flooring Services of North Jersey"
"sussex","walpack","tile","3","3","0","0","Kevin: confirm scope, territory, capacity, credentials and recipient","Griffith Handyman;Silver Hammer Handyman;Brush House Painting and Flooring Services of North Jersey"
"sussex","walpack","plumbing","3","3","0","0","Kevin: confirm scope, territory, capacity, credentials and recipient","All County Plumbing and Heating;Daibes Plumbing and Heating;All A's Plumbing and Heating"
"sussex","walpack","electrical","2","2","0","0","Kevin: confirm scope, territory, capacity, credentials and recipient","K2 Electric;HK Electrical Group"
"sussex","wantage","handyman","3","3","0","0","Kevin: confirm scope, territory, capacity, credentials and recipient","Griffith Handyman;Silver Hammer Handyman;Geo's Handyman"
"sussex","wantage","masonry","3","3","0","0","Kevin: confirm scope, territory, capacity, credentials and recipient","Griffith Handyman;Jersey Complete Construction;A&E Exteriors LLC"
"sussex","wantage","landscaping","2","2","0","0","Kevin: confirm scope, territory, capacity, credentials and recipient","Hubinger Landscaping;Finishing Touch Landscape Construction"
"sussex","wantage","painting","3","3","0","0","Kevin: confirm scope, territory, capacity, credentials and recipient","Griffith Handyman;Silver Hammer Handyman;Brush House Painting and Flooring Services of North Jersey"
"sussex","wantage","drywall","3","3","0","0","Kevin: confirm scope, territory, capacity, credentials and recipient","Griffith Handyman;Silver Hammer Handyman;Brush House Painting and Flooring Services of North Jersey"
"sussex","wantage","tile","3","3","0","0","Kevin: confirm scope, territory, capacity, credentials and recipient","Griffith Handyman;Silver Hammer Handyman;Brush House Painting and Flooring Services of North Jersey"
"sussex","wantage","plumbing","3","3","0","0","Kevin: confirm scope, territory, capacity, credentials and recipient","All County Plumbing and Heating;Daibes Plumbing and Heating;All A's Plumbing and Heating"
"sussex","wantage","electrical","2","2","0","0","Kevin: confirm scope, territory, capacity, credentials and recipient","K2 Electric;HK Electrical Group"
"union","berkeley-heights","handyman","2","2","0","0","Kevin: confirm scope, territory, capacity, credentials and recipient","Griffith Handyman;Sentinel Handyman LLC"
"union","berkeley-heights","masonry","3","3","0","0","Kevin: confirm scope, territory, capacity, credentials and recipient","Griffith Handyman;Jersey Complete Construction;A&E Exteriors LLC"
"union","berkeley-heights","landscaping","2","2","0","0","Kevin: confirm scope, territory, capacity, credentials and recipient","Finishing Touch Landscape Construction;Custom Clippings"
"union","berkeley-heights","painting","3","3","0","0","Kevin: confirm scope, territory, capacity, credentials and recipient","Griffith Handyman;Sentinel Handyman LLC;Brush House Painting and Flooring Services of North Jersey"
"union","berkeley-heights","drywall","3","3","0","0","Kevin: confirm scope, territory, capacity, credentials and recipient","Griffith Handyman;Sentinel Handyman LLC;Brush House Painting and Flooring Services of North Jersey"
"union","berkeley-heights","tile","2","2","0","0","Kevin: confirm scope, territory, capacity, credentials and recipient","Griffith Handyman;Brush House Painting and Flooring Services of North Jersey"
"union","berkeley-heights","plumbing","3","3","0","0","Kevin: confirm scope, territory, capacity, credentials and recipient","All County Plumbing and Heating;Daibes Plumbing and Heating;Clear Flow Plumbing Heating and HVAC"
"union","berkeley-heights","electrical","2","2","0","0","Kevin: confirm scope, territory, capacity, credentials and recipient","K2 Electric;HK Electrical Group"
"union","clark","handyman","2","2","0","0","Kevin: confirm scope, territory, capacity, credentials and recipient","Griffith Handyman;Sentinel Handyman LLC"
"union","clark","masonry","3","3","0","0","Kevin: confirm scope, territory, capacity, credentials and recipient","Griffith Handyman;Jersey Complete Construction;A&E Exteriors LLC"
"union","clark","landscaping","2","2","0","0","Kevin: confirm scope, territory, capacity, credentials and recipient","Finishing Touch Landscape Construction;Custom Clippings"
"union","clark","painting","3","3","0","0","Kevin: confirm scope, territory, capacity, credentials and recipient","Griffith Handyman;Sentinel Handyman LLC;Brush House Painting and Flooring Services of North Jersey"
"union","clark","drywall","3","3","0","0","Kevin: confirm scope, territory, capacity, credentials and recipient","Griffith Handyman;Sentinel Handyman LLC;Brush House Painting and Flooring Services of North Jersey"
"union","clark","tile","2","2","0","0","Kevin: confirm scope, territory, capacity, credentials and recipient","Griffith Handyman;Brush House Painting and Flooring Services of North Jersey"
"union","clark","plumbing","3","3","0","0","Kevin: confirm scope, territory, capacity, credentials and recipient","All County Plumbing and Heating;Daibes Plumbing and Heating;Clear Flow Plumbing Heating and HVAC"
"union","clark","electrical","2","2","0","0","Kevin: confirm scope, territory, capacity, credentials and recipient","K2 Electric;HK Electrical Group"
"union","cranford","handyman","2","2","0","0","Kevin: confirm scope, territory, capacity, credentials and recipient","Griffith Handyman;Sentinel Handyman LLC"
"union","cranford","masonry","3","3","0","0","Kevin: confirm scope, territory, capacity, credentials and recipient","Griffith Handyman;Jersey Complete Construction;A&E Exteriors LLC"
"union","cranford","landscaping","2","2","0","0","Kevin: confirm scope, territory, capacity, credentials and recipient","Finishing Touch Landscape Construction;Custom Clippings"
"union","cranford","painting","3","3","0","0","Kevin: confirm scope, territory, capacity, credentials and recipient","Griffith Handyman;Sentinel Handyman LLC;Brush House Painting and Flooring Services of North Jersey"
"union","cranford","drywall","3","3","0","0","Kevin: confirm scope, territory, capacity, credentials and recipient","Griffith Handyman;Sentinel Handyman LLC;Brush House Painting and Flooring Services of North Jersey"
"union","cranford","tile","2","2","0","0","Kevin: confirm scope, territory, capacity, credentials and recipient","Griffith Handyman;Brush House Painting and Flooring Services of North Jersey"
"union","cranford","plumbing","3","3","0","0","Kevin: confirm scope, territory, capacity, credentials and recipient","All County Plumbing and Heating;Daibes Plumbing and Heating;Clear Flow Plumbing Heating and HVAC"
"union","cranford","electrical","2","2","0","0","Kevin: confirm scope, territory, capacity, credentials and recipient","K2 Electric;HK Electrical Group"
"union","elizabeth","handyman","2","2","0","0","Kevin: confirm scope, territory, capacity, credentials and recipient","Griffith Handyman;Sentinel Handyman LLC"
"union","elizabeth","masonry","3","3","0","0","Kevin: confirm scope, territory, capacity, credentials and recipient","Griffith Handyman;Jersey Complete Construction;A&E Exteriors LLC"
"union","elizabeth","landscaping","2","2","0","0","Kevin: confirm scope, territory, capacity, credentials and recipient","Finishing Touch Landscape Construction;Custom Clippings"
"union","elizabeth","painting","3","3","0","0","Kevin: confirm scope, territory, capacity, credentials and recipient","Griffith Handyman;Sentinel Handyman LLC;Brush House Painting and Flooring Services of North Jersey"
"union","elizabeth","drywall","3","3","0","0","Kevin: confirm scope, territory, capacity, credentials and recipient","Griffith Handyman;Sentinel Handyman LLC;Brush House Painting and Flooring Services of North Jersey"
"union","elizabeth","tile","2","2","0","0","Kevin: confirm scope, territory, capacity, credentials and recipient","Griffith Handyman;Brush House Painting and Flooring Services of North Jersey"
"union","elizabeth","plumbing","3","3","0","0","Kevin: confirm scope, territory, capacity, credentials and recipient","All County Plumbing and Heating;Daibes Plumbing and Heating;Clear Flow Plumbing Heating and HVAC"
"union","elizabeth","electrical","2","2","0","0","Kevin: confirm scope, territory, capacity, credentials and recipient","K2 Electric;HK Electrical Group"
"union","fanwood","handyman","2","2","0","0","Kevin: confirm scope, territory, capacity, credentials and recipient","Griffith Handyman;Sentinel Handyman LLC"
"union","fanwood","masonry","3","3","0","0","Kevin: confirm scope, territory, capacity, credentials and recipient","Griffith Handyman;Jersey Complete Construction;A&E Exteriors LLC"
"union","fanwood","landscaping","2","2","0","0","Kevin: confirm scope, territory, capacity, credentials and recipient","Finishing Touch Landscape Construction;Custom Clippings"
"union","fanwood","painting","3","3","0","0","Kevin: confirm scope, territory, capacity, credentials and recipient","Griffith Handyman;Sentinel Handyman LLC;Brush House Painting and Flooring Services of North Jersey"
"union","fanwood","drywall","3","3","0","0","Kevin: confirm scope, territory, capacity, credentials and recipient","Griffith Handyman;Sentinel Handyman LLC;Brush House Painting and Flooring Services of North Jersey"
"union","fanwood","tile","2","2","0","0","Kevin: confirm scope, territory, capacity, credentials and recipient","Griffith Handyman;Brush House Painting and Flooring Services of North Jersey"
"union","fanwood","plumbing","3","3","0","0","Kevin: confirm scope, territory, capacity, credentials and recipient","All County Plumbing and Heating;Daibes Plumbing and Heating;Clear Flow Plumbing Heating and HVAC"
"union","fanwood","electrical","2","2","0","0","Kevin: confirm scope, territory, capacity, credentials and recipient","K2 Electric;HK Electrical Group"
"union","garwood","handyman","2","2","0","0","Kevin: confirm scope, territory, capacity, credentials and recipient","Griffith Handyman;Sentinel Handyman LLC"
"union","garwood","masonry","3","3","0","0","Kevin: confirm scope, territory, capacity, credentials and recipient","Griffith Handyman;Jersey Complete Construction;A&E Exteriors LLC"
"union","garwood","landscaping","2","2","0","0","Kevin: confirm scope, territory, capacity, credentials and recipient","Finishing Touch Landscape Construction;Custom Clippings"
"union","garwood","painting","3","3","0","0","Kevin: confirm scope, territory, capacity, credentials and recipient","Griffith Handyman;Sentinel Handyman LLC;Brush House Painting and Flooring Services of North Jersey"
"union","garwood","drywall","3","3","0","0","Kevin: confirm scope, territory, capacity, credentials and recipient","Griffith Handyman;Sentinel Handyman LLC;Brush House Painting and Flooring Services of North Jersey"
"union","garwood","tile","2","2","0","0","Kevin: confirm scope, territory, capacity, credentials and recipient","Griffith Handyman;Brush House Painting and Flooring Services of North Jersey"
"union","garwood","plumbing","3","3","0","0","Kevin: confirm scope, territory, capacity, credentials and recipient","All County Plumbing and Heating;Daibes Plumbing and Heating;Clear Flow Plumbing Heating and HVAC"
"union","garwood","electrical","2","2","0","0","Kevin: confirm scope, territory, capacity, credentials and recipient","K2 Electric;HK Electrical Group"
"union","hillside","handyman","2","2","0","0","Kevin: confirm scope, territory, capacity, credentials and recipient","Griffith Handyman;Sentinel Handyman LLC"
"union","hillside","masonry","3","3","0","0","Kevin: confirm scope, territory, capacity, credentials and recipient","Griffith Handyman;Jersey Complete Construction;A&E Exteriors LLC"
"union","hillside","landscaping","2","2","0","0","Kevin: confirm scope, territory, capacity, credentials and recipient","Finishing Touch Landscape Construction;Custom Clippings"
"union","hillside","painting","3","3","0","0","Kevin: confirm scope, territory, capacity, credentials and recipient","Griffith Handyman;Sentinel Handyman LLC;Brush House Painting and Flooring Services of North Jersey"
"union","hillside","drywall","3","3","0","0","Kevin: confirm scope, territory, capacity, credentials and recipient","Griffith Handyman;Sentinel Handyman LLC;Brush House Painting and Flooring Services of North Jersey"
"union","hillside","tile","2","2","0","0","Kevin: confirm scope, territory, capacity, credentials and recipient","Griffith Handyman;Brush House Painting and Flooring Services of North Jersey"
"union","hillside","plumbing","3","3","0","0","Kevin: confirm scope, territory, capacity, credentials and recipient","All County Plumbing and Heating;Daibes Plumbing and Heating;Clear Flow Plumbing Heating and HVAC"
"union","hillside","electrical","2","2","0","0","Kevin: confirm scope, territory, capacity, credentials and recipient","K2 Electric;HK Electrical Group"
"union","kenilworth","handyman","2","2","0","0","Kevin: confirm scope, territory, capacity, credentials and recipient","Griffith Handyman;Sentinel Handyman LLC"
"union","kenilworth","masonry","3","3","0","0","Kevin: confirm scope, territory, capacity, credentials and recipient","Griffith Handyman;Jersey Complete Construction;A&E Exteriors LLC"
"union","kenilworth","landscaping","2","2","0","0","Kevin: confirm scope, territory, capacity, credentials and recipient","Finishing Touch Landscape Construction;Custom Clippings"
"union","kenilworth","painting","3","3","0","0","Kevin: confirm scope, territory, capacity, credentials and recipient","Griffith Handyman;Sentinel Handyman LLC;Brush House Painting and Flooring Services of North Jersey"
"union","kenilworth","drywall","3","3","0","0","Kevin: confirm scope, territory, capacity, credentials and recipient","Griffith Handyman;Sentinel Handyman LLC;Brush House Painting and Flooring Services of North Jersey"
"union","kenilworth","tile","2","2","0","0","Kevin: confirm scope, territory, capacity, credentials and recipient","Griffith Handyman;Brush House Painting and Flooring Services of North Jersey"
"union","kenilworth","plumbing","3","3","0","0","Kevin: confirm scope, territory, capacity, credentials and recipient","All County Plumbing and Heating;Daibes Plumbing and Heating;Clear Flow Plumbing Heating and HVAC"
"union","kenilworth","electrical","2","2","0","0","Kevin: confirm scope, territory, capacity, credentials and recipient","K2 Electric;HK Electrical Group"
"union","linden","handyman","3","3","0","0","Kevin: confirm scope, territory, capacity, credentials and recipient","Griffith Handyman;Sentinel Handyman LLC;Tropic Pro Services"
"union","linden","masonry","3","3","0","0","Kevin: confirm scope, territory, capacity, credentials and recipient","Griffith Handyman;Jersey Complete Construction;A&E Exteriors LLC"
"union","linden","landscaping","2","2","0","0","Kevin: confirm scope, territory, capacity, credentials and recipient","Finishing Touch Landscape Construction;Custom Clippings"
"union","linden","painting","4","4","0","0","Kevin: confirm scope, territory, capacity, credentials and recipient","Griffith Handyman;Sentinel Handyman LLC;Brush House Painting and Flooring Services of North Jersey;Tropic Pro Services"
"union","linden","drywall","3","3","0","0","Kevin: confirm scope, territory, capacity, credentials and recipient","Griffith Handyman;Sentinel Handyman LLC;Brush House Painting and Flooring Services of North Jersey"
"union","linden","tile","2","2","0","0","Kevin: confirm scope, territory, capacity, credentials and recipient","Griffith Handyman;Brush House Painting and Flooring Services of North Jersey"
"union","linden","plumbing","3","3","0","0","Kevin: confirm scope, territory, capacity, credentials and recipient","All County Plumbing and Heating;Daibes Plumbing and Heating;Clear Flow Plumbing Heating and HVAC"
"union","linden","electrical","2","2","0","0","Kevin: confirm scope, territory, capacity, credentials and recipient","K2 Electric;HK Electrical Group"
"union","mountainside","handyman","2","2","0","0","Kevin: confirm scope, territory, capacity, credentials and recipient","Griffith Handyman;Sentinel Handyman LLC"
"union","mountainside","masonry","3","3","0","0","Kevin: confirm scope, territory, capacity, credentials and recipient","Griffith Handyman;Jersey Complete Construction;A&E Exteriors LLC"
"union","mountainside","landscaping","2","2","0","0","Kevin: confirm scope, territory, capacity, credentials and recipient","Finishing Touch Landscape Construction;Custom Clippings"
"union","mountainside","painting","3","3","0","0","Kevin: confirm scope, territory, capacity, credentials and recipient","Griffith Handyman;Sentinel Handyman LLC;Brush House Painting and Flooring Services of North Jersey"
"union","mountainside","drywall","3","3","0","0","Kevin: confirm scope, territory, capacity, credentials and recipient","Griffith Handyman;Sentinel Handyman LLC;Brush House Painting and Flooring Services of North Jersey"
"union","mountainside","tile","2","2","0","0","Kevin: confirm scope, territory, capacity, credentials and recipient","Griffith Handyman;Brush House Painting and Flooring Services of North Jersey"
"union","mountainside","plumbing","3","3","0","0","Kevin: confirm scope, territory, capacity, credentials and recipient","All County Plumbing and Heating;Daibes Plumbing and Heating;Clear Flow Plumbing Heating and HVAC"
"union","mountainside","electrical","2","2","0","0","Kevin: confirm scope, territory, capacity, credentials and recipient","K2 Electric;HK Electrical Group"
"union","new-providence","handyman","2","2","0","0","Kevin: confirm scope, territory, capacity, credentials and recipient","Griffith Handyman;Sentinel Handyman LLC"
"union","new-providence","masonry","3","3","0","0","Kevin: confirm scope, territory, capacity, credentials and recipient","Griffith Handyman;Jersey Complete Construction;A&E Exteriors LLC"
"union","new-providence","landscaping","2","2","0","0","Kevin: confirm scope, territory, capacity, credentials and recipient","Finishing Touch Landscape Construction;Custom Clippings"
"union","new-providence","painting","3","3","0","0","Kevin: confirm scope, territory, capacity, credentials and recipient","Griffith Handyman;Sentinel Handyman LLC;Brush House Painting and Flooring Services of North Jersey"
"union","new-providence","drywall","3","3","0","0","Kevin: confirm scope, territory, capacity, credentials and recipient","Griffith Handyman;Sentinel Handyman LLC;Brush House Painting and Flooring Services of North Jersey"
"union","new-providence","tile","2","2","0","0","Kevin: confirm scope, territory, capacity, credentials and recipient","Griffith Handyman;Brush House Painting and Flooring Services of North Jersey"
"union","new-providence","plumbing","3","3","0","0","Kevin: confirm scope, territory, capacity, credentials and recipient","All County Plumbing and Heating;Daibes Plumbing and Heating;Clear Flow Plumbing Heating and HVAC"
"union","new-providence","electrical","2","2","0","0","Kevin: confirm scope, territory, capacity, credentials and recipient","K2 Electric;HK Electrical Group"
"union","plainfield","handyman","2","2","0","0","Kevin: confirm scope, territory, capacity, credentials and recipient","Griffith Handyman;Sentinel Handyman LLC"
"union","plainfield","masonry","3","3","0","0","Kevin: confirm scope, territory, capacity, credentials and recipient","Griffith Handyman;Jersey Complete Construction;A&E Exteriors LLC"
"union","plainfield","landscaping","2","2","0","0","Kevin: confirm scope, territory, capacity, credentials and recipient","Finishing Touch Landscape Construction;Custom Clippings"
"union","plainfield","painting","3","3","0","0","Kevin: confirm scope, territory, capacity, credentials and recipient","Griffith Handyman;Sentinel Handyman LLC;Brush House Painting and Flooring Services of North Jersey"
"union","plainfield","drywall","3","3","0","0","Kevin: confirm scope, territory, capacity, credentials and recipient","Griffith Handyman;Sentinel Handyman LLC;Brush House Painting and Flooring Services of North Jersey"
"union","plainfield","tile","2","2","0","0","Kevin: confirm scope, territory, capacity, credentials and recipient","Griffith Handyman;Brush House Painting and Flooring Services of North Jersey"
"union","plainfield","plumbing","3","3","0","0","Kevin: confirm scope, territory, capacity, credentials and recipient","All County Plumbing and Heating;Daibes Plumbing and Heating;Clear Flow Plumbing Heating and HVAC"
"union","plainfield","electrical","2","2","0","0","Kevin: confirm scope, territory, capacity, credentials and recipient","K2 Electric;HK Electrical Group"
"union","rahway","handyman","2","2","0","0","Kevin: confirm scope, territory, capacity, credentials and recipient","Griffith Handyman;Sentinel Handyman LLC"
"union","rahway","masonry","3","3","0","0","Kevin: confirm scope, territory, capacity, credentials and recipient","Griffith Handyman;Jersey Complete Construction;A&E Exteriors LLC"
"union","rahway","landscaping","2","2","0","0","Kevin: confirm scope, territory, capacity, credentials and recipient","Finishing Touch Landscape Construction;Custom Clippings"
"union","rahway","painting","3","3","0","0","Kevin: confirm scope, territory, capacity, credentials and recipient","Griffith Handyman;Sentinel Handyman LLC;Brush House Painting and Flooring Services of North Jersey"
"union","rahway","drywall","3","3","0","0","Kevin: confirm scope, territory, capacity, credentials and recipient","Griffith Handyman;Sentinel Handyman LLC;Brush House Painting and Flooring Services of North Jersey"
"union","rahway","tile","2","2","0","0","Kevin: confirm scope, territory, capacity, credentials and recipient","Griffith Handyman;Brush House Painting and Flooring Services of North Jersey"
"union","rahway","plumbing","3","3","0","0","Kevin: confirm scope, territory, capacity, credentials and recipient","All County Plumbing and Heating;Daibes Plumbing and Heating;Clear Flow Plumbing Heating and HVAC"
"union","rahway","electrical","2","2","0","0","Kevin: confirm scope, territory, capacity, credentials and recipient","K2 Electric;HK Electrical Group"
"union","roselle","handyman","2","2","0","0","Kevin: confirm scope, territory, capacity, credentials and recipient","Griffith Handyman;Sentinel Handyman LLC"
"union","roselle","masonry","3","3","0","0","Kevin: confirm scope, territory, capacity, credentials and recipient","Griffith Handyman;Jersey Complete Construction;A&E Exteriors LLC"
"union","roselle","landscaping","2","2","0","0","Kevin: confirm scope, territory, capacity, credentials and recipient","Finishing Touch Landscape Construction;Custom Clippings"
"union","roselle","painting","3","3","0","0","Kevin: confirm scope, territory, capacity, credentials and recipient","Griffith Handyman;Sentinel Handyman LLC;Brush House Painting and Flooring Services of North Jersey"
"union","roselle","drywall","3","3","0","0","Kevin: confirm scope, territory, capacity, credentials and recipient","Griffith Handyman;Sentinel Handyman LLC;Brush House Painting and Flooring Services of North Jersey"
"union","roselle","tile","2","2","0","0","Kevin: confirm scope, territory, capacity, credentials and recipient","Griffith Handyman;Brush House Painting and Flooring Services of North Jersey"
"union","roselle","plumbing","3","3","0","0","Kevin: confirm scope, territory, capacity, credentials and recipient","All County Plumbing and Heating;Daibes Plumbing and Heating;Clear Flow Plumbing Heating and HVAC"
"union","roselle","electrical","2","2","0","0","Kevin: confirm scope, territory, capacity, credentials and recipient","K2 Electric;HK Electrical Group"
"union","roselle-park","handyman","2","2","0","0","Kevin: confirm scope, territory, capacity, credentials and recipient","Griffith Handyman;Sentinel Handyman LLC"
"union","roselle-park","masonry","3","3","0","0","Kevin: confirm scope, territory, capacity, credentials and recipient","Griffith Handyman;Jersey Complete Construction;A&E Exteriors LLC"
"union","roselle-park","landscaping","2","2","0","0","Kevin: confirm scope, territory, capacity, credentials and recipient","Finishing Touch Landscape Construction;Custom Clippings"
"union","roselle-park","painting","3","3","0","0","Kevin: confirm scope, territory, capacity, credentials and recipient","Griffith Handyman;Sentinel Handyman LLC;Brush House Painting and Flooring Services of North Jersey"
"union","roselle-park","drywall","3","3","0","0","Kevin: confirm scope, territory, capacity, credentials and recipient","Griffith Handyman;Sentinel Handyman LLC;Brush House Painting and Flooring Services of North Jersey"
"union","roselle-park","tile","2","2","0","0","Kevin: confirm scope, territory, capacity, credentials and recipient","Griffith Handyman;Brush House Painting and Flooring Services of North Jersey"
"union","roselle-park","plumbing","3","3","0","0","Kevin: confirm scope, territory, capacity, credentials and recipient","All County Plumbing and Heating;Daibes Plumbing and Heating;Clear Flow Plumbing Heating and HVAC"
"union","roselle-park","electrical","2","2","0","0","Kevin: confirm scope, territory, capacity, credentials and recipient","K2 Electric;HK Electrical Group"
"union","scotch-plains","handyman","2","2","0","0","Kevin: confirm scope, territory, capacity, credentials and recipient","Griffith Handyman;Sentinel Handyman LLC"
"union","scotch-plains","masonry","3","3","0","0","Kevin: confirm scope, territory, capacity, credentials and recipient","Griffith Handyman;Jersey Complete Construction;A&E Exteriors LLC"
"union","scotch-plains","landscaping","2","2","0","0","Kevin: confirm scope, territory, capacity, credentials and recipient","Finishing Touch Landscape Construction;Custom Clippings"
"union","scotch-plains","painting","3","3","0","0","Kevin: confirm scope, territory, capacity, credentials and recipient","Griffith Handyman;Sentinel Handyman LLC;Brush House Painting and Flooring Services of North Jersey"
"union","scotch-plains","drywall","3","3","0","0","Kevin: confirm scope, territory, capacity, credentials and recipient","Griffith Handyman;Sentinel Handyman LLC;Brush House Painting and Flooring Services of North Jersey"
"union","scotch-plains","tile","2","2","0","0","Kevin: confirm scope, territory, capacity, credentials and recipient","Griffith Handyman;Brush House Painting and Flooring Services of North Jersey"
"union","scotch-plains","plumbing","3","3","0","0","Kevin: confirm scope, territory, capacity, credentials and recipient","All County Plumbing and Heating;Daibes Plumbing and Heating;Clear Flow Plumbing Heating and HVAC"
"union","scotch-plains","electrical","2","2","0","0","Kevin: confirm scope, territory, capacity, credentials and recipient","K2 Electric;HK Electrical Group"
"union","springfield","handyman","2","2","0","0","Kevin: confirm scope, territory, capacity, credentials and recipient","Griffith Handyman;Sentinel Handyman LLC"
"union","springfield","masonry","3","3","0","0","Kevin: confirm scope, territory, capacity, credentials and recipient","Griffith Handyman;Jersey Complete Construction;A&E Exteriors LLC"
"union","springfield","landscaping","2","2","0","0","Kevin: confirm scope, territory, capacity, credentials and recipient","Finishing Touch Landscape Construction;Custom Clippings"
"union","springfield","painting","3","3","0","0","Kevin: confirm scope, territory, capacity, credentials and recipient","Griffith Handyman;Sentinel Handyman LLC;Brush House Painting and Flooring Services of North Jersey"
"union","springfield","drywall","3","3","0","0","Kevin: confirm scope, territory, capacity, credentials and recipient","Griffith Handyman;Sentinel Handyman LLC;Brush House Painting and Flooring Services of North Jersey"
"union","springfield","tile","2","2","0","0","Kevin: confirm scope, territory, capacity, credentials and recipient","Griffith Handyman;Brush House Painting and Flooring Services of North Jersey"
"union","springfield","plumbing","3","3","0","0","Kevin: confirm scope, territory, capacity, credentials and recipient","All County Plumbing and Heating;Daibes Plumbing and Heating;Clear Flow Plumbing Heating and HVAC"
"union","springfield","electrical","2","2","0","0","Kevin: confirm scope, territory, capacity, credentials and recipient","K2 Electric;HK Electrical Group"
"union","union-township","handyman","2","2","0","0","Kevin: confirm scope, territory, capacity, credentials and recipient","Griffith Handyman;Sentinel Handyman LLC"
"union","union-township","masonry","3","3","0","0","Kevin: confirm scope, territory, capacity, credentials and recipient","Griffith Handyman;Jersey Complete Construction;A&E Exteriors LLC"
"union","union-township","landscaping","2","2","0","0","Kevin: confirm scope, territory, capacity, credentials and recipient","Finishing Touch Landscape Construction;Custom Clippings"
"union","union-township","painting","3","3","0","0","Kevin: confirm scope, territory, capacity, credentials and recipient","Griffith Handyman;Sentinel Handyman LLC;Brush House Painting and Flooring Services of North Jersey"
"union","union-township","drywall","3","3","0","0","Kevin: confirm scope, territory, capacity, credentials and recipient","Griffith Handyman;Sentinel Handyman LLC;Brush House Painting and Flooring Services of North Jersey"
"union","union-township","tile","2","2","0","0","Kevin: confirm scope, territory, capacity, credentials and recipient","Griffith Handyman;Brush House Painting and Flooring Services of North Jersey"
"union","union-township","plumbing","3","3","0","0","Kevin: confirm scope, territory, capacity, credentials and recipient","All County Plumbing and Heating;Daibes Plumbing and Heating;Clear Flow Plumbing Heating and HVAC"
"union","union-township","electrical","2","2","0","0","Kevin: confirm scope, territory, capacity, credentials and recipient","K2 Electric;HK Electrical Group"
"union","westfield","handyman","2","2","0","0","Kevin: confirm scope, territory, capacity, credentials and recipient","Griffith Handyman;Sentinel Handyman LLC"
"union","westfield","masonry","3","3","0","0","Kevin: confirm scope, territory, capacity, credentials and recipient","Griffith Handyman;Jersey Complete Construction;A&E Exteriors LLC"
"union","westfield","landscaping","2","2","0","0","Kevin: confirm scope, territory, capacity, credentials and recipient","Finishing Touch Landscape Construction;Custom Clippings"
"union","westfield","painting","3","3","0","0","Kevin: confirm scope, territory, capacity, credentials and recipient","Griffith Handyman;Sentinel Handyman LLC;Brush House Painting and Flooring Services of North Jersey"
"union","westfield","drywall","3","3","0","0","Kevin: confirm scope, territory, capacity, credentials and recipient","Griffith Handyman;Sentinel Handyman LLC;Brush House Painting and Flooring Services of North Jersey"
"union","westfield","tile","2","2","0","0","Kevin: confirm scope, territory, capacity, credentials and recipient","Griffith Handyman;Brush House Painting and Flooring Services of North Jersey"
"union","westfield","plumbing","3","3","0","0","Kevin: confirm scope, territory, capacity, credentials and recipient","All County Plumbing and Heating;Daibes Plumbing and Heating;Clear Flow Plumbing Heating and HVAC"
"union","westfield","electrical","2","2","0","0","Kevin: confirm scope, territory, capacity, credentials and recipient","K2 Electric;HK Electrical Group"
"union","winfield","handyman","2","2","0","0","Kevin: confirm scope, territory, capacity, credentials and recipient","Griffith Handyman;Sentinel Handyman LLC"
"union","winfield","masonry","3","3","0","0","Kevin: confirm scope, territory, capacity, credentials and recipient","Griffith Handyman;Jersey Complete Construction;A&E Exteriors LLC"
"union","winfield","landscaping","2","2","0","0","Kevin: confirm scope, territory, capacity, credentials and recipient","Finishing Touch Landscape Construction;Custom Clippings"
"union","winfield","painting","3","3","0","0","Kevin: confirm scope, territory, capacity, credentials and recipient","Griffith Handyman;Sentinel Handyman LLC;Brush House Painting and Flooring Services of North Jersey"
"union","winfield","drywall","3","3","0","0","Kevin: confirm scope, territory, capacity, credentials and recipient","Griffith Handyman;Sentinel Handyman LLC;Brush House Painting and Flooring Services of North Jersey"
"union","winfield","tile","2","2","0","0","Kevin: confirm scope, territory, capacity, credentials and recipient","Griffith Handyman;Brush House Painting and Flooring Services of North Jersey"
"union","winfield","plumbing","3","3","0","0","Kevin: confirm scope, territory, capacity, credentials and recipient","All County Plumbing and Heating;Daibes Plumbing and Heating;Clear Flow Plumbing Heating and HVAC"
"union","winfield","electrical","2","2","0","0","Kevin: confirm scope, territory, capacity, credentials and recipient","K2 Electric;HK Electrical Group"
"warren","allamuchy","handyman","2","2","0","0","Kevin: confirm scope, territory, capacity, credentials and recipient","Silver Hammer Handyman;Geo's Handyman"
"warren","allamuchy","masonry","2","2","0","0","Kevin: confirm scope, territory, capacity, credentials and recipient","Jersey Complete Construction;A&E Exteriors LLC"
"warren","allamuchy","landscaping","2","2","0","0","Kevin: confirm scope, territory, capacity, credentials and recipient","Tarazona Lawn Care LLC;Hidden Leaf Landscaping"
"warren","allamuchy","painting","2","2","0","0","Kevin: confirm scope, territory, capacity, credentials and recipient","Silver Hammer Handyman;Brush House Painting and Flooring Services of North Jersey"
"warren","allamuchy","drywall","2","2","0","0","Kevin: confirm scope, territory, capacity, credentials and recipient","Silver Hammer Handyman;Brush House Painting and Flooring Services of North Jersey"
"warren","allamuchy","tile","2","2","0","0","Kevin: confirm scope, territory, capacity, credentials and recipient","Silver Hammer Handyman;Brush House Painting and Flooring Services of North Jersey"
"warren","allamuchy","plumbing","2","2","0","0","Kevin: confirm scope, territory, capacity, credentials and recipient","All County Plumbing and Heating;All A's Plumbing and Heating"
"warren","allamuchy","electrical","2","2","0","0","Kevin: confirm scope, territory, capacity, credentials and recipient","K2 Electric;HK Electrical Group"
"warren","alpha","handyman","2","2","0","0","Kevin: confirm scope, territory, capacity, credentials and recipient","Silver Hammer Handyman;Geo's Handyman"
"warren","alpha","masonry","2","2","0","0","Kevin: confirm scope, territory, capacity, credentials and recipient","Jersey Complete Construction;A&E Exteriors LLC"
"warren","alpha","landscaping","2","2","0","0","Kevin: confirm scope, territory, capacity, credentials and recipient","Tarazona Lawn Care LLC;Hidden Leaf Landscaping"
"warren","alpha","painting","2","2","0","0","Kevin: confirm scope, territory, capacity, credentials and recipient","Silver Hammer Handyman;Brush House Painting and Flooring Services of North Jersey"
"warren","alpha","drywall","2","2","0","0","Kevin: confirm scope, territory, capacity, credentials and recipient","Silver Hammer Handyman;Brush House Painting and Flooring Services of North Jersey"
"warren","alpha","tile","2","2","0","0","Kevin: confirm scope, territory, capacity, credentials and recipient","Silver Hammer Handyman;Brush House Painting and Flooring Services of North Jersey"
"warren","alpha","plumbing","2","2","0","0","Kevin: confirm scope, territory, capacity, credentials and recipient","All County Plumbing and Heating;All A's Plumbing and Heating"
"warren","alpha","electrical","2","2","0","0","Kevin: confirm scope, territory, capacity, credentials and recipient","K2 Electric;HK Electrical Group"
"warren","belvidere","handyman","2","2","0","0","Kevin: confirm scope, territory, capacity, credentials and recipient","Silver Hammer Handyman;Geo's Handyman"
"warren","belvidere","masonry","2","2","0","0","Kevin: confirm scope, territory, capacity, credentials and recipient","Jersey Complete Construction;A&E Exteriors LLC"
"warren","belvidere","landscaping","2","2","0","0","Kevin: confirm scope, territory, capacity, credentials and recipient","Tarazona Lawn Care LLC;Hidden Leaf Landscaping"
"warren","belvidere","painting","2","2","0","0","Kevin: confirm scope, territory, capacity, credentials and recipient","Silver Hammer Handyman;Brush House Painting and Flooring Services of North Jersey"
"warren","belvidere","drywall","2","2","0","0","Kevin: confirm scope, territory, capacity, credentials and recipient","Silver Hammer Handyman;Brush House Painting and Flooring Services of North Jersey"
"warren","belvidere","tile","2","2","0","0","Kevin: confirm scope, territory, capacity, credentials and recipient","Silver Hammer Handyman;Brush House Painting and Flooring Services of North Jersey"
"warren","belvidere","plumbing","2","2","0","0","Kevin: confirm scope, territory, capacity, credentials and recipient","All County Plumbing and Heating;All A's Plumbing and Heating"
"warren","belvidere","electrical","2","2","0","0","Kevin: confirm scope, territory, capacity, credentials and recipient","K2 Electric;HK Electrical Group"
"warren","blairstown","handyman","2","2","0","0","Kevin: confirm scope, territory, capacity, credentials and recipient","Silver Hammer Handyman;Geo's Handyman"
"warren","blairstown","masonry","2","2","0","0","Kevin: confirm scope, territory, capacity, credentials and recipient","Jersey Complete Construction;A&E Exteriors LLC"
"warren","blairstown","landscaping","2","2","0","0","Kevin: confirm scope, territory, capacity, credentials and recipient","Tarazona Lawn Care LLC;Hidden Leaf Landscaping"
"warren","blairstown","painting","2","2","0","0","Kevin: confirm scope, territory, capacity, credentials and recipient","Silver Hammer Handyman;Brush House Painting and Flooring Services of North Jersey"
"warren","blairstown","drywall","2","2","0","0","Kevin: confirm scope, territory, capacity, credentials and recipient","Silver Hammer Handyman;Brush House Painting and Flooring Services of North Jersey"
"warren","blairstown","tile","2","2","0","0","Kevin: confirm scope, territory, capacity, credentials and recipient","Silver Hammer Handyman;Brush House Painting and Flooring Services of North Jersey"
"warren","blairstown","plumbing","2","2","0","0","Kevin: confirm scope, territory, capacity, credentials and recipient","All County Plumbing and Heating;All A's Plumbing and Heating"
"warren","blairstown","electrical","2","2","0","0","Kevin: confirm scope, territory, capacity, credentials and recipient","K2 Electric;HK Electrical Group"
"warren","franklin-township","handyman","2","2","0","0","Kevin: confirm scope, territory, capacity, credentials and recipient","Silver Hammer Handyman;Geo's Handyman"
"warren","franklin-township","masonry","2","2","0","0","Kevin: confirm scope, territory, capacity, credentials and recipient","Jersey Complete Construction;A&E Exteriors LLC"
"warren","franklin-township","landscaping","2","2","0","0","Kevin: confirm scope, territory, capacity, credentials and recipient","Tarazona Lawn Care LLC;Hidden Leaf Landscaping"
"warren","franklin-township","painting","2","2","0","0","Kevin: confirm scope, territory, capacity, credentials and recipient","Silver Hammer Handyman;Brush House Painting and Flooring Services of North Jersey"
"warren","franklin-township","drywall","2","2","0","0","Kevin: confirm scope, territory, capacity, credentials and recipient","Silver Hammer Handyman;Brush House Painting and Flooring Services of North Jersey"
"warren","franklin-township","tile","2","2","0","0","Kevin: confirm scope, territory, capacity, credentials and recipient","Silver Hammer Handyman;Brush House Painting and Flooring Services of North Jersey"
"warren","franklin-township","plumbing","2","2","0","0","Kevin: confirm scope, territory, capacity, credentials and recipient","All County Plumbing and Heating;All A's Plumbing and Heating"
"warren","franklin-township","electrical","2","2","0","0","Kevin: confirm scope, territory, capacity, credentials and recipient","K2 Electric;HK Electrical Group"
"warren","frelinghuysen","handyman","2","2","0","0","Kevin: confirm scope, territory, capacity, credentials and recipient","Silver Hammer Handyman;Geo's Handyman"
"warren","frelinghuysen","masonry","2","2","0","0","Kevin: confirm scope, territory, capacity, credentials and recipient","Jersey Complete Construction;A&E Exteriors LLC"
"warren","frelinghuysen","landscaping","2","2","0","0","Kevin: confirm scope, territory, capacity, credentials and recipient","Tarazona Lawn Care LLC;Hidden Leaf Landscaping"
"warren","frelinghuysen","painting","2","2","0","0","Kevin: confirm scope, territory, capacity, credentials and recipient","Silver Hammer Handyman;Brush House Painting and Flooring Services of North Jersey"
"warren","frelinghuysen","drywall","2","2","0","0","Kevin: confirm scope, territory, capacity, credentials and recipient","Silver Hammer Handyman;Brush House Painting and Flooring Services of North Jersey"
"warren","frelinghuysen","tile","2","2","0","0","Kevin: confirm scope, territory, capacity, credentials and recipient","Silver Hammer Handyman;Brush House Painting and Flooring Services of North Jersey"
"warren","frelinghuysen","plumbing","2","2","0","0","Kevin: confirm scope, territory, capacity, credentials and recipient","All County Plumbing and Heating;All A's Plumbing and Heating"
"warren","frelinghuysen","electrical","2","2","0","0","Kevin: confirm scope, territory, capacity, credentials and recipient","K2 Electric;HK Electrical Group"
"warren","greenwich-township","handyman","2","2","0","0","Kevin: confirm scope, territory, capacity, credentials and recipient","Silver Hammer Handyman;Geo's Handyman"
"warren","greenwich-township","masonry","2","2","0","0","Kevin: confirm scope, territory, capacity, credentials and recipient","Jersey Complete Construction;A&E Exteriors LLC"
"warren","greenwich-township","landscaping","2","2","0","0","Kevin: confirm scope, territory, capacity, credentials and recipient","Tarazona Lawn Care LLC;Hidden Leaf Landscaping"
"warren","greenwich-township","painting","2","2","0","0","Kevin: confirm scope, territory, capacity, credentials and recipient","Silver Hammer Handyman;Brush House Painting and Flooring Services of North Jersey"
"warren","greenwich-township","drywall","2","2","0","0","Kevin: confirm scope, territory, capacity, credentials and recipient","Silver Hammer Handyman;Brush House Painting and Flooring Services of North Jersey"
"warren","greenwich-township","tile","2","2","0","0","Kevin: confirm scope, territory, capacity, credentials and recipient","Silver Hammer Handyman;Brush House Painting and Flooring Services of North Jersey"
"warren","greenwich-township","plumbing","2","2","0","0","Kevin: confirm scope, territory, capacity, credentials and recipient","All County Plumbing and Heating;All A's Plumbing and Heating"
"warren","greenwich-township","electrical","2","2","0","0","Kevin: confirm scope, territory, capacity, credentials and recipient","K2 Electric;HK Electrical Group"
"warren","hackettstown","handyman","2","2","0","0","Kevin: confirm scope, territory, capacity, credentials and recipient","Silver Hammer Handyman;Geo's Handyman"
"warren","hackettstown","masonry","2","2","0","0","Kevin: confirm scope, territory, capacity, credentials and recipient","Jersey Complete Construction;A&E Exteriors LLC"
"warren","hackettstown","landscaping","2","2","0","0","Kevin: confirm scope, territory, capacity, credentials and recipient","Tarazona Lawn Care LLC;Hidden Leaf Landscaping"
"warren","hackettstown","painting","2","2","0","0","Kevin: confirm scope, territory, capacity, credentials and recipient","Silver Hammer Handyman;Brush House Painting and Flooring Services of North Jersey"
"warren","hackettstown","drywall","2","2","0","0","Kevin: confirm scope, territory, capacity, credentials and recipient","Silver Hammer Handyman;Brush House Painting and Flooring Services of North Jersey"
"warren","hackettstown","tile","2","2","0","0","Kevin: confirm scope, territory, capacity, credentials and recipient","Silver Hammer Handyman;Brush House Painting and Flooring Services of North Jersey"
"warren","hackettstown","plumbing","2","2","0","0","Kevin: confirm scope, territory, capacity, credentials and recipient","All County Plumbing and Heating;All A's Plumbing and Heating"
"warren","hackettstown","electrical","2","2","0","0","Kevin: confirm scope, territory, capacity, credentials and recipient","K2 Electric;HK Electrical Group"
"warren","hardwick","handyman","2","2","0","0","Kevin: confirm scope, territory, capacity, credentials and recipient","Silver Hammer Handyman;Geo's Handyman"
"warren","hardwick","masonry","2","2","0","0","Kevin: confirm scope, territory, capacity, credentials and recipient","Jersey Complete Construction;A&E Exteriors LLC"
"warren","hardwick","landscaping","2","2","0","0","Kevin: confirm scope, territory, capacity, credentials and recipient","Tarazona Lawn Care LLC;Hidden Leaf Landscaping"
"warren","hardwick","painting","2","2","0","0","Kevin: confirm scope, territory, capacity, credentials and recipient","Silver Hammer Handyman;Brush House Painting and Flooring Services of North Jersey"
"warren","hardwick","drywall","2","2","0","0","Kevin: confirm scope, territory, capacity, credentials and recipient","Silver Hammer Handyman;Brush House Painting and Flooring Services of North Jersey"
"warren","hardwick","tile","2","2","0","0","Kevin: confirm scope, territory, capacity, credentials and recipient","Silver Hammer Handyman;Brush House Painting and Flooring Services of North Jersey"
"warren","hardwick","plumbing","2","2","0","0","Kevin: confirm scope, territory, capacity, credentials and recipient","All County Plumbing and Heating;All A's Plumbing and Heating"
"warren","hardwick","electrical","2","2","0","0","Kevin: confirm scope, territory, capacity, credentials and recipient","K2 Electric;HK Electrical Group"
"warren","harmony","handyman","2","2","0","0","Kevin: confirm scope, territory, capacity, credentials and recipient","Silver Hammer Handyman;Geo's Handyman"
"warren","harmony","masonry","2","2","0","0","Kevin: confirm scope, territory, capacity, credentials and recipient","Jersey Complete Construction;A&E Exteriors LLC"
"warren","harmony","landscaping","2","2","0","0","Kevin: confirm scope, territory, capacity, credentials and recipient","Tarazona Lawn Care LLC;Hidden Leaf Landscaping"
"warren","harmony","painting","2","2","0","0","Kevin: confirm scope, territory, capacity, credentials and recipient","Silver Hammer Handyman;Brush House Painting and Flooring Services of North Jersey"
"warren","harmony","drywall","2","2","0","0","Kevin: confirm scope, territory, capacity, credentials and recipient","Silver Hammer Handyman;Brush House Painting and Flooring Services of North Jersey"
"warren","harmony","tile","2","2","0","0","Kevin: confirm scope, territory, capacity, credentials and recipient","Silver Hammer Handyman;Brush House Painting and Flooring Services of North Jersey"
"warren","harmony","plumbing","2","2","0","0","Kevin: confirm scope, territory, capacity, credentials and recipient","All County Plumbing and Heating;All A's Plumbing and Heating"
"warren","harmony","electrical","2","2","0","0","Kevin: confirm scope, territory, capacity, credentials and recipient","K2 Electric;HK Electrical Group"
"warren","hope","handyman","2","2","0","0","Kevin: confirm scope, territory, capacity, credentials and recipient","Silver Hammer Handyman;Geo's Handyman"
"warren","hope","masonry","2","2","0","0","Kevin: confirm scope, territory, capacity, credentials and recipient","Jersey Complete Construction;A&E Exteriors LLC"
"warren","hope","landscaping","2","2","0","0","Kevin: confirm scope, territory, capacity, credentials and recipient","Tarazona Lawn Care LLC;Hidden Leaf Landscaping"
"warren","hope","painting","2","2","0","0","Kevin: confirm scope, territory, capacity, credentials and recipient","Silver Hammer Handyman;Brush House Painting and Flooring Services of North Jersey"
"warren","hope","drywall","2","2","0","0","Kevin: confirm scope, territory, capacity, credentials and recipient","Silver Hammer Handyman;Brush House Painting and Flooring Services of North Jersey"
"warren","hope","tile","2","2","0","0","Kevin: confirm scope, territory, capacity, credentials and recipient","Silver Hammer Handyman;Brush House Painting and Flooring Services of North Jersey"
"warren","hope","plumbing","2","2","0","0","Kevin: confirm scope, territory, capacity, credentials and recipient","All County Plumbing and Heating;All A's Plumbing and Heating"
"warren","hope","electrical","2","2","0","0","Kevin: confirm scope, territory, capacity, credentials and recipient","K2 Electric;HK Electrical Group"
"warren","independence","handyman","2","2","0","0","Kevin: confirm scope, territory, capacity, credentials and recipient","Silver Hammer Handyman;Geo's Handyman"
"warren","independence","masonry","2","2","0","0","Kevin: confirm scope, territory, capacity, credentials and recipient","Jersey Complete Construction;A&E Exteriors LLC"
"warren","independence","landscaping","2","2","0","0","Kevin: confirm scope, territory, capacity, credentials and recipient","Tarazona Lawn Care LLC;Hidden Leaf Landscaping"
"warren","independence","painting","2","2","0","0","Kevin: confirm scope, territory, capacity, credentials and recipient","Silver Hammer Handyman;Brush House Painting and Flooring Services of North Jersey"
"warren","independence","drywall","2","2","0","0","Kevin: confirm scope, territory, capacity, credentials and recipient","Silver Hammer Handyman;Brush House Painting and Flooring Services of North Jersey"
"warren","independence","tile","2","2","0","0","Kevin: confirm scope, territory, capacity, credentials and recipient","Silver Hammer Handyman;Brush House Painting and Flooring Services of North Jersey"
"warren","independence","plumbing","2","2","0","0","Kevin: confirm scope, territory, capacity, credentials and recipient","All County Plumbing and Heating;All A's Plumbing and Heating"
"warren","independence","electrical","2","2","0","0","Kevin: confirm scope, territory, capacity, credentials and recipient","K2 Electric;HK Electrical Group"
"warren","knowlton","handyman","2","2","0","0","Kevin: confirm scope, territory, capacity, credentials and recipient","Silver Hammer Handyman;Geo's Handyman"
"warren","knowlton","masonry","2","2","0","0","Kevin: confirm scope, territory, capacity, credentials and recipient","Jersey Complete Construction;A&E Exteriors LLC"
"warren","knowlton","landscaping","2","2","0","0","Kevin: confirm scope, territory, capacity, credentials and recipient","Tarazona Lawn Care LLC;Hidden Leaf Landscaping"
"warren","knowlton","painting","2","2","0","0","Kevin: confirm scope, territory, capacity, credentials and recipient","Silver Hammer Handyman;Brush House Painting and Flooring Services of North Jersey"
"warren","knowlton","drywall","2","2","0","0","Kevin: confirm scope, territory, capacity, credentials and recipient","Silver Hammer Handyman;Brush House Painting and Flooring Services of North Jersey"
"warren","knowlton","tile","2","2","0","0","Kevin: confirm scope, territory, capacity, credentials and recipient","Silver Hammer Handyman;Brush House Painting and Flooring Services of North Jersey"
"warren","knowlton","plumbing","2","2","0","0","Kevin: confirm scope, territory, capacity, credentials and recipient","All County Plumbing and Heating;All A's Plumbing and Heating"
"warren","knowlton","electrical","2","2","0","0","Kevin: confirm scope, territory, capacity, credentials and recipient","K2 Electric;HK Electrical Group"
"warren","liberty-township","handyman","2","2","0","0","Kevin: confirm scope, territory, capacity, credentials and recipient","Silver Hammer Handyman;Geo's Handyman"
"warren","liberty-township","masonry","2","2","0","0","Kevin: confirm scope, territory, capacity, credentials and recipient","Jersey Complete Construction;A&E Exteriors LLC"
"warren","liberty-township","landscaping","2","2","0","0","Kevin: confirm scope, territory, capacity, credentials and recipient","Tarazona Lawn Care LLC;Hidden Leaf Landscaping"
"warren","liberty-township","painting","2","2","0","0","Kevin: confirm scope, territory, capacity, credentials and recipient","Silver Hammer Handyman;Brush House Painting and Flooring Services of North Jersey"
"warren","liberty-township","drywall","2","2","0","0","Kevin: confirm scope, territory, capacity, credentials and recipient","Silver Hammer Handyman;Brush House Painting and Flooring Services of North Jersey"
"warren","liberty-township","tile","2","2","0","0","Kevin: confirm scope, territory, capacity, credentials and recipient","Silver Hammer Handyman;Brush House Painting and Flooring Services of North Jersey"
"warren","liberty-township","plumbing","2","2","0","0","Kevin: confirm scope, territory, capacity, credentials and recipient","All County Plumbing and Heating;All A's Plumbing and Heating"
"warren","liberty-township","electrical","2","2","0","0","Kevin: confirm scope, territory, capacity, credentials and recipient","K2 Electric;HK Electrical Group"
"warren","lopatcong","handyman","2","2","0","0","Kevin: confirm scope, territory, capacity, credentials and recipient","Silver Hammer Handyman;Geo's Handyman"
"warren","lopatcong","masonry","2","2","0","0","Kevin: confirm scope, territory, capacity, credentials and recipient","Jersey Complete Construction;A&E Exteriors LLC"
"warren","lopatcong","landscaping","2","2","0","0","Kevin: confirm scope, territory, capacity, credentials and recipient","Tarazona Lawn Care LLC;Hidden Leaf Landscaping"
"warren","lopatcong","painting","2","2","0","0","Kevin: confirm scope, territory, capacity, credentials and recipient","Silver Hammer Handyman;Brush House Painting and Flooring Services of North Jersey"
"warren","lopatcong","drywall","2","2","0","0","Kevin: confirm scope, territory, capacity, credentials and recipient","Silver Hammer Handyman;Brush House Painting and Flooring Services of North Jersey"
"warren","lopatcong","tile","2","2","0","0","Kevin: confirm scope, territory, capacity, credentials and recipient","Silver Hammer Handyman;Brush House Painting and Flooring Services of North Jersey"
"warren","lopatcong","plumbing","2","2","0","0","Kevin: confirm scope, territory, capacity, credentials and recipient","All County Plumbing and Heating;All A's Plumbing and Heating"
"warren","lopatcong","electrical","2","2","0","0","Kevin: confirm scope, territory, capacity, credentials and recipient","K2 Electric;HK Electrical Group"
"warren","mansfield-township","handyman","2","2","0","0","Kevin: confirm scope, territory, capacity, credentials and recipient","Silver Hammer Handyman;Geo's Handyman"
"warren","mansfield-township","masonry","2","2","0","0","Kevin: confirm scope, territory, capacity, credentials and recipient","Jersey Complete Construction;A&E Exteriors LLC"
"warren","mansfield-township","landscaping","2","2","0","0","Kevin: confirm scope, territory, capacity, credentials and recipient","Tarazona Lawn Care LLC;Hidden Leaf Landscaping"
"warren","mansfield-township","painting","2","2","0","0","Kevin: confirm scope, territory, capacity, credentials and recipient","Silver Hammer Handyman;Brush House Painting and Flooring Services of North Jersey"
"warren","mansfield-township","drywall","2","2","0","0","Kevin: confirm scope, territory, capacity, credentials and recipient","Silver Hammer Handyman;Brush House Painting and Flooring Services of North Jersey"
"warren","mansfield-township","tile","2","2","0","0","Kevin: confirm scope, territory, capacity, credentials and recipient","Silver Hammer Handyman;Brush House Painting and Flooring Services of North Jersey"
"warren","mansfield-township","plumbing","2","2","0","0","Kevin: confirm scope, territory, capacity, credentials and recipient","All County Plumbing and Heating;All A's Plumbing and Heating"
"warren","mansfield-township","electrical","2","2","0","0","Kevin: confirm scope, territory, capacity, credentials and recipient","K2 Electric;HK Electrical Group"
"warren","oxford","handyman","2","2","0","0","Kevin: confirm scope, territory, capacity, credentials and recipient","Silver Hammer Handyman;Geo's Handyman"
"warren","oxford","masonry","2","2","0","0","Kevin: confirm scope, territory, capacity, credentials and recipient","Jersey Complete Construction;A&E Exteriors LLC"
"warren","oxford","landscaping","2","2","0","0","Kevin: confirm scope, territory, capacity, credentials and recipient","Tarazona Lawn Care LLC;Hidden Leaf Landscaping"
"warren","oxford","painting","2","2","0","0","Kevin: confirm scope, territory, capacity, credentials and recipient","Silver Hammer Handyman;Brush House Painting and Flooring Services of North Jersey"
"warren","oxford","drywall","2","2","0","0","Kevin: confirm scope, territory, capacity, credentials and recipient","Silver Hammer Handyman;Brush House Painting and Flooring Services of North Jersey"
"warren","oxford","tile","2","2","0","0","Kevin: confirm scope, territory, capacity, credentials and recipient","Silver Hammer Handyman;Brush House Painting and Flooring Services of North Jersey"
"warren","oxford","plumbing","2","2","0","0","Kevin: confirm scope, territory, capacity, credentials and recipient","All County Plumbing and Heating;All A's Plumbing and Heating"
"warren","oxford","electrical","2","2","0","0","Kevin: confirm scope, territory, capacity, credentials and recipient","K2 Electric;HK Electrical Group"
"warren","phillipsburg","handyman","2","2","0","0","Kevin: confirm scope, territory, capacity, credentials and recipient","Silver Hammer Handyman;Geo's Handyman"
"warren","phillipsburg","masonry","2","2","0","0","Kevin: confirm scope, territory, capacity, credentials and recipient","Jersey Complete Construction;A&E Exteriors LLC"
"warren","phillipsburg","landscaping","2","2","0","0","Kevin: confirm scope, territory, capacity, credentials and recipient","Tarazona Lawn Care LLC;Hidden Leaf Landscaping"
"warren","phillipsburg","painting","2","2","0","0","Kevin: confirm scope, territory, capacity, credentials and recipient","Silver Hammer Handyman;Brush House Painting and Flooring Services of North Jersey"
"warren","phillipsburg","drywall","2","2","0","0","Kevin: confirm scope, territory, capacity, credentials and recipient","Silver Hammer Handyman;Brush House Painting and Flooring Services of North Jersey"
"warren","phillipsburg","tile","2","2","0","0","Kevin: confirm scope, territory, capacity, credentials and recipient","Silver Hammer Handyman;Brush House Painting and Flooring Services of North Jersey"
"warren","phillipsburg","plumbing","2","2","0","0","Kevin: confirm scope, territory, capacity, credentials and recipient","All County Plumbing and Heating;All A's Plumbing and Heating"
"warren","phillipsburg","electrical","2","2","0","0","Kevin: confirm scope, territory, capacity, credentials and recipient","K2 Electric;HK Electrical Group"
"warren","pohatcong","handyman","2","2","0","0","Kevin: confirm scope, territory, capacity, credentials and recipient","Silver Hammer Handyman;Geo's Handyman"
"warren","pohatcong","masonry","2","2","0","0","Kevin: confirm scope, territory, capacity, credentials and recipient","Jersey Complete Construction;A&E Exteriors LLC"
"warren","pohatcong","landscaping","2","2","0","0","Kevin: confirm scope, territory, capacity, credentials and recipient","Tarazona Lawn Care LLC;Hidden Leaf Landscaping"
"warren","pohatcong","painting","2","2","0","0","Kevin: confirm scope, territory, capacity, credentials and recipient","Silver Hammer Handyman;Brush House Painting and Flooring Services of North Jersey"
"warren","pohatcong","drywall","2","2","0","0","Kevin: confirm scope, territory, capacity, credentials and recipient","Silver Hammer Handyman;Brush House Painting and Flooring Services of North Jersey"
"warren","pohatcong","tile","2","2","0","0","Kevin: confirm scope, territory, capacity, credentials and recipient","Silver Hammer Handyman;Brush House Painting and Flooring Services of North Jersey"
"warren","pohatcong","plumbing","2","2","0","0","Kevin: confirm scope, territory, capacity, credentials and recipient","All County Plumbing and Heating;All A's Plumbing and Heating"
"warren","pohatcong","electrical","2","2","0","0","Kevin: confirm scope, territory, capacity, credentials and recipient","K2 Electric;HK Electrical Group"
"warren","washington-borough","handyman","2","2","0","0","Kevin: confirm scope, territory, capacity, credentials and recipient","Silver Hammer Handyman;Geo's Handyman"
"warren","washington-borough","masonry","2","2","0","0","Kevin: confirm scope, territory, capacity, credentials and recipient","Jersey Complete Construction;A&E Exteriors LLC"
"warren","washington-borough","landscaping","2","2","0","0","Kevin: confirm scope, territory, capacity, credentials and recipient","Tarazona Lawn Care LLC;Hidden Leaf Landscaping"
"warren","washington-borough","painting","2","2","0","0","Kevin: confirm scope, territory, capacity, credentials and recipient","Silver Hammer Handyman;Brush House Painting and Flooring Services of North Jersey"
"warren","washington-borough","drywall","2","2","0","0","Kevin: confirm scope, territory, capacity, credentials and recipient","Silver Hammer Handyman;Brush House Painting and Flooring Services of North Jersey"
"warren","washington-borough","tile","2","2","0","0","Kevin: confirm scope, territory, capacity, credentials and recipient","Silver Hammer Handyman;Brush House Painting and Flooring Services of North Jersey"
"warren","washington-borough","plumbing","2","2","0","0","Kevin: confirm scope, territory, capacity, credentials and recipient","All County Plumbing and Heating;All A's Plumbing and Heating"
"warren","washington-borough","electrical","2","2","0","0","Kevin: confirm scope, territory, capacity, credentials and recipient","K2 Electric;HK Electrical Group"
"warren","washington-township-warren","handyman","2","2","0","0","Kevin: confirm scope, territory, capacity, credentials and recipient","Silver Hammer Handyman;Geo's Handyman"
"warren","washington-township-warren","masonry","2","2","0","0","Kevin: confirm scope, territory, capacity, credentials and recipient","Jersey Complete Construction;A&E Exteriors LLC"
"warren","washington-township-warren","landscaping","2","2","0","0","Kevin: confirm scope, territory, capacity, credentials and recipient","Tarazona Lawn Care LLC;Hidden Leaf Landscaping"
"warren","washington-township-warren","painting","2","2","0","0","Kevin: confirm scope, territory, capacity, credentials and recipient","Silver Hammer Handyman;Brush House Painting and Flooring Services of North Jersey"
"warren","washington-township-warren","drywall","2","2","0","0","Kevin: confirm scope, territory, capacity, credentials and recipient","Silver Hammer Handyman;Brush House Painting and Flooring Services of North Jersey"
"warren","washington-township-warren","tile","2","2","0","0","Kevin: confirm scope, territory, capacity, credentials and recipient","Silver Hammer Handyman;Brush House Painting and Flooring Services of North Jersey"
"warren","washington-township-warren","plumbing","2","2","0","0","Kevin: confirm scope, territory, capacity, credentials and recipient","All County Plumbing and Heating;All A's Plumbing and Heating"
"warren","washington-township-warren","electrical","2","2","0","0","Kevin: confirm scope, territory, capacity, credentials and recipient","K2 Electric;HK Electrical Group"
"warren","white-township","handyman","2","2","0","0","Kevin: confirm scope, territory, capacity, credentials and recipient","Silver Hammer Handyman;Geo's Handyman"
"warren","white-township","masonry","2","2","0","0","Kevin: confirm scope, territory, capacity, credentials and recipient","Jersey Complete Construction;A&E Exteriors LLC"
"warren","white-township","landscaping","2","2","0","0","Kevin: confirm scope, territory, capacity, credentials and recipient","Tarazona Lawn Care LLC;Hidden Leaf Landscaping"
"warren","white-township","painting","2","2","0","0","Kevin: confirm scope, territory, capacity, credentials and recipient","Silver Hammer Handyman;Brush House Painting and Flooring Services of North Jersey"
"warren","white-township","drywall","2","2","0","0","Kevin: confirm scope, territory, capacity, credentials and recipient","Silver Hammer Handyman;Brush House Painting and Flooring Services of North Jersey"
"warren","white-township","tile","2","2","0","0","Kevin: confirm scope, territory, capacity, credentials and recipient","Silver Hammer Handyman;Brush House Painting and Flooring Services of North Jersey"
"warren","white-township","plumbing","2","2","0","0","Kevin: confirm scope, territory, capacity, credentials and recipient","All County Plumbing and Heating;All A's Plumbing and Heating"
"warren","white-township","electrical","2","2","0","0","Kevin: confirm scope, territory, capacity, credentials and recipient","K2 Electric;HK Electrical Group"
