allamuchy|Need help with electrical repairs, small fixes or cleaning around the house? Tell us what needs attention and where the work is needed.|Electrical repairs~Tell us which outlet, switch or light needs attention and what happens when you use it.|Small household fixes~List loose hardware, sticking doors and other repairs by room so the professional can discuss them together.|Cleaning after repairs~Tell us which rooms need cleaning and whether tools, furniture or repair dust will still be there.
allendale|Clear out the things you no longer need and make the space useful again, from hauling to small repairs and cleaning.|Furniture and junk removal~List the items to go, where they are and any stairs between them and the loading area.|Storage and hardware repairs~Once the space is clear, identify shelves, cupboard doors and fittings you would like repaired.|A clean, usable room~Choose the rooms and surfaces to clean after the hauling and dusty repair work are finished.
alpha|A new light, a dripping fixture or a damaged outdoor detail can start with one clear description of what you want fixed.|Lights, switches and outlets~Say whether an existing device has stopped working or you want something new installed.|Plumbing fixtures~Describe the leak or replacement you have in mind, and say if the fixture needs to move.|Small outdoor repairs~Show the loose trim, hardware or other damaged detail and include a wider photo of the surrounding area.
alpine|Water where it should not be can have several causes. Tell us what you see so the right kind of professional can assess it.|Household plumbing~Describe the affected fixtures, when the problem occurs and whether more than one room is involved.|Yard and planting work~Show the area you want improved and any drainage or underground-system information you already have.|Overflowing gutters~Photograph overflow from the ground and say whether it happens in one spot or along the roof edge.
andover-borough|Get a bathroom repair finished without losing track of the plumbing, electrical work or wall repairs that come with it.|Leaks and fixtures~Say where the leak appears, what fixture is affected and whether the wall or ceiling is already open.|Bathroom electrical work~Describe the light, outlet or fan that needs attention and any changes you want to make.|Wall and ceiling patches~Show the opening and tell us whether the underlying repair is complete. Ask whether painting is included.
andover-township|When heating or plumbing work leaves another job behind, include both the original problem and the finishing work in your request.|Heating and cooling~Tell us which rooms are uncomfortable, what the system is doing and its make or model if known.|Plumbing repairs~Describe the fixture or pipe problem and whether access will involve an already-open wall or floor.|Painting after repairs~List the repaired surfaces and the finish you want, including any ceilings or trim that need attention.
bayonne|A heating or water-heater problem can leave you with repairs in more than one room. Explain what happened and what still needs doing.|Water-heater problems~Share the equipment details, the symptom and any recent work. The plumber can discuss repair or replacement.|Heating repairs~Describe whether the system runs, which rooms are affected and any temporary repair already made.|Damaged walls or ceilings~Show staining, holes or damaged finishes after the source has been assessed. Explain what has already been repaired.
belleville|Refresh the front of your home with a clearer plan for planting, tree concerns and the walkway leading to your door.|Planting-bed refreshes~Show the beds, identify plants to keep and describe whether you want cleanup, new planting or both.|Tree concerns~Take a wider photo from safe ground and explain whether you want pruning, removal or an assessment.|Uneven front walks~Show loose or sunken sections and nearby roots so the professional can discuss the cause and repair options.
belvidere|Need help with peeling paint, damaged brickwork or a roof repair? Tell us what needs attention and which exterior details you want to keep.|Exterior painting~Show peeling or worn areas and tell us which trim, doors or other details you want to keep.|Brickwork and steps~Photograph damaged joints or loose material and the whole feature. Ask about repairing it rather than replacing everything.|Roof repairs~Describe the leak or visible damage and share ground-level photos. Include any assessment or earlier repair you already have.
bergenfield|Repair the damaged paving, arrange removal of the broken material and put the surrounding yard back in order.|Pavers, steps and walkways~Show the sections that move, crack or collect water so the mason can assess more than the surface.|Debris removal~List the concrete, brick or other materials and approximate quantity. Confirm that the hauler accepts them before scheduling.|Lawn and bed restoration~Identify areas disturbed by the repair and describe the planting, soil or lawn finish you want afterward.
berkeley-heights|A leaning wall or damaged paved area needs an assessment before you choose a finish. Include the surrounding yard in the conversation.|Walls and masonry~Show movement, cracks and the full wall. The professional can explain whether repair needs a separate design assessment.|Landscape restoration~List planting to keep and the areas you want restored after the heavier work is complete.|Trees near the work~Point out nearby trees and access limitations so the professionals can plan protection and any separate tree work.
blairstown|Repair an older detail, freshen a worn finish or tackle damaged masonry without assuming every feature needs replacing.|Trim and small repairs~Show the damaged section and the surrounding profile. Explain whether matching the existing detail matters to you.|Painting and preparation~Identify the surfaces and worn areas. Ask what preparation and small repairs are included before painting starts.|Masonry repairs~Share photos of the damage and earlier patches so the professional can discuss suitable materials and repair methods.
bloomfield|An overcrowded room or garage can become usable again. Start with what needs to leave, then plan cleaning and any repairs.|Furniture and stored items~List large pieces, stairs and tight turns. Say which belongings stay and whether disassembly may be needed.|Cleaning the cleared space~Identify shelves, cupboards and other surfaces you want cleaned, along with any dust left by repairs.|Painting after the cleanout~Show the exposed walls and mounting holes. Ask whether patching, trim and ceilings are part of the quote.
bloomingdale|A leak or electrical repair often leaves a wall to finish. Describe the original issue and the remaining jobs together.|Plumbing problems~Say which fixture is affected, when the problem started and whether anything has already been repaired.|Lights and outlets~Describe the symptom or planned change without opening equipment. Include a photo of the visible fixture if useful.|Wall restoration~Show the repair openings and tell us whether the trade work is complete before arranging drywall and finishing.
bogota|Turn a cleanout into a usable room again. A clear item list helps with hauling, while a short repair list covers what stays.|Household cleanouts~Show everything to be removed and the route out. Ask whether carrying, disassembly and cleanup are included.|Doors, trim and storage~List small repairs revealed by the cleanout and identify which pieces you want fixed rather than replaced.|Cleaning after removal~Describe the rooms and surfaces, including any dust from repairs, so the cleaner can discuss the right scope.
boonton|A sticking front door, worn paint or damaged steps can make an entrance harder to use. Tell us which part needs attention.|Doors and surrounding trim~Describe where the door catches and show the frame. Adjustment, hardware and wood repairs may be different jobs.|Steps and landings~Show loose material and the full entrance from a safe position. Include any concern about railings or adjoining paving.|Exterior painting~Identify the surfaces and earlier repairs. Ask for preparation, damaged-area repairs and finish coats to be explained separately.
boonton-township|If equipment is no longer doing its job, start with the symptoms. Include any changes to connections or access in the request.|Heating and cooling replacement~List uncomfortable rooms and the existing system. Ask what controls, connections and old-equipment removal the proposal includes.|Water heaters and piping~Explain the problem and any planned change of position. Share equipment information without trying to diagnose the fault.|Planting around equipment~Identify plants to keep and areas needing restoration once equipment access and the final location are settled.
branchville|Overflowing gutters, worn masonry and yard debris can be tackled with a clear plan for the work and the cleanup afterward.|Gutter cleaning~Show where water spills over and describe access. Ask whether removed leaves and sediment will be taken away.|Masonry repairs~Photograph the damaged joints or surface and ask for debris collection and cleanup to be included in the proposal.|Yard cleanup~Mark the areas to clear, what should stay and whether the job includes branches, leaves or other material.
butler|Before clearing a room or replacing an appliance, decide what you want to keep. Then separate repairs from removal.|Garage and room cleanouts~Send an item list and access photos. Ask how additional items or more than one load would be priced.|Appliance repairs~Share the make, model and symptom before deciding on disposal. A professional can discuss the repair assessment with you.|Small repairs after clearing~List damaged shelving, trim or doors while the space is accessible, before belongings go back or final cleaning begins.
byram|An unfinished project does not need a perfect explanation. Show what has been done, what is still open and the result you want.|Unfinished bathroom plumbing~Describe what works, what does not and any earlier repairs. An assessment can establish the next step.|Heating equipment follow-up~Share the model and work history, and explain whether the issue is comfort, operation or an unfinished installation.|Open walls and ceilings~Photograph the openings and explain why work stopped. Arrange the finish once the underlying work is ready.
caldwell|A wobbly path, sagging gate or untidy edge can make the whole entrance feel unfinished. Start with the part you want repaired.|Walkway repairs~Mark the loose or sunken sections and where water collects so the professional can assess the support underneath.|Gate and hardware fixes~Describe sticking, sagging or latch problems. Show the supports as well as the hardware that is giving trouble.|Planting beside the work~Identify beds or lawn affected by the repair and the finish you want after materials and debris are removed.
carlstadt|For a room update, tell us what stays and what changes. That makes it easier to separate plumbing, electrical work and wall finishing.|Moving or replacing fixtures~Show the current layout and proposed position. A fixture replacement and a plumbing relocation can involve different work.|Lighting and electrical updates~List the lights, outlets or equipment you want changed, including their intended positions in the room.|Finishing opened walls~Identify each opening and the finish you expect. Ask who handles patching and painting after the other work.
cedar-grove|Tree work can affect more than the tree itself. Include the stump, cleanup and what you want to do with the space afterward.|Tree assessment and work~Label the tree in a photo and describe your concern. Ask what pruning, removal and stump work are included.|New planting or lawn~Explain how you want to use the cleared area and which existing plants should remain.|Nearby paving repairs~Show any raised or damaged edging separately so the mason can assess it alongside the planned tree work.
chatham-borough|Make the entrance easier to use, improve the lighting or refresh the beds beside it. Tell us which change matters most.|Steps and entrance paving~Describe loose treads, uneven paving or failing mortar. Show how the damaged area meets the rest of the entrance.|Exterior lighting~Say whether you want a fixture repaired, replaced or added in a new position, and what area needs light.|Beds around the entrance~Mark plants to keep and describe the new planting or cleanup you want after the entrance work is finished.
chatham-township|A bathroom job can involve more than the visible fixture. Explain the plumbing issue, wall damage and tile work you want finished.|Bathroom plumbing~Identify fixtures staying in place and those moving. Ask who supplies the fixtures and handles any access openings.|Wall patches after repairs~Show the openings and discuss whether the final surface should be ready for paint or fully painted.|Tile and grout repairs~Say whether a few tiles are damaged or a larger area needs replacing. Include photos of edges and transitions.
chester-borough|Work through the small repairs before the final paint or finish. A room-by-room list makes the job easier to explain.|Interior doors and trim~List sticking doors, loose trim and damaged hardware. Show anything you would like repaired to match the existing detail.|Painting rooms and trim~Name the surfaces to paint, including ceilings, closets or trim, and flag holes or damaged areas needing preparation.|Exterior steps and walks~Show the full feature and damaged section so the professional can discuss repair options and matching the existing material.
chester-township|Plan the tree work and the space it leaves behind together, including any affected lawn, planting or paving.|Tree pruning or removal~Describe your concern and ask whether branches, wood, stump work and site cleanup are included in the price.|Restoring the yard~Show the future planting area and explain whether you want soil preparation, seeding, new plants or a combination.|Uneven paving near roots~Photograph the full affected area. Discuss the walkway repair alongside the tree assessment rather than treating them as unrelated jobs.
clark|For work in the ground, explain the problem and the area involved. You do not need to choose a digging method yourself.|Landscape improvements~Show the proposed beds or work area, plants to retain and any known underground features or access limits.|Steps, paths and masonry~Describe the damaged surface and the result you want. Ask how access, preparation and restoration are handled.|Underground plumbing concerns~Share any findings you already have and where symptoms appear. A qualified professional can assess the repair and access needed.
cliffside-park|Clear the room, fix the details you want to keep and finish with a clean space. List these as separate parts of the request.|Private hauling~Photograph the items and explain stairs or tight access. Confirm what the hauler can take and who carries it out.|Shelves, trim and hardware~List damaged pieces after the space is clear. Say whether you want repair, replacement or help deciding.|Cleaning after a cleanout~Choose the rooms and surfaces to clean after removal and repairs so the space is ready to use.
clifton|An appliance that stops working does not always need replacing. Start with its symptoms, then plan removal or finish repairs if needed.|Appliance diagnosis~Share the model, error message and what happens during use. Mention any warranty or previous service information.|Old appliance removal~Describe the item, stairs and tight turns. Confirm that connections are safely handled before arranging the haul.|Finishing around a replacement~Show damaged trim, gaps or mounting holes once the appliance plan is settled. Keep connection work with the appropriate trade.
closter|If an exterior feature is worn or leaking, ask about repairing it before choosing replacements. Photos help explain what you want to retain.|Roof details and leaks~Describe where water appears and share safe ground-level photos. Include earlier findings or repairs if you have them.|Brick and mortar repairs~Show the joints, texture and previous patches so the professional can discuss a suitable repair approach.|Porch and trim repairs~Photograph the damaged piece and surrounding detail. Ask whether matching or reproducing it is within the professional's experience.
cranford|If water has damaged part of the house, describe where it appeared and what has already been repaired before planning the finish work.|Gutters overflowing in rain~Show the overflow location from the ground and explain when it happens. Mention any recent cleaning or repair.|Wall and ceiling damage~Photograph the affected surfaces and say whether the source has been assessed and the area is ready for restoration.|Standing water in the yard~Show where water collects and how long it remains. Ask for an assessment before deciding to add soil or paving.
cresskill|Replacing home equipment is easier to discuss when you include what is failing and what you want the new setup to do.|Heating and cooling equipment~Describe comfort problems and the current system. Ask what installation, controls and removal of old equipment are included.|Plumbing replacements~Identify the fixture or equipment and any planned move. Discuss connections and the surrounding repair work with the plumber.|Power for new equipment~Share the proposed equipment details with an electrician so the required electrical work can be assessed separately.
demarest|Improve the yard while keeping the trees and features you value. Tell us what should change and what needs to stay.|Tree assessment~Identify the trees involved and the concern you have. Include a wider photo showing nearby buildings and access.|New beds and planting~Mark the area you want refreshed and plants to retain. Discuss how equipment and materials will reach it.|Paving near trees~Show uneven sections and nearby roots. Ask the professionals to coordinate the repair without assuming the roots can be cut.
denville|A stain or damp patch is a useful starting point, even if you do not know the cause. Explain when it appears and where.|Plumbing leak assessment~Describe the affected fixtures and timing. Mention whether water appears during use or even when fixtures are off.|Gutter and runoff problems~Show visible overflow and downspout outlets from safe ground, keeping those observations separate from indoor plumbing symptoms.|Wall and ceiling restoration~Send photos of damaged finishes and explain what has been done about the source before scheduling patching or painting.
dover|A repair can leave another job behind. Include the electrical or plumbing issue and any walls that will need finishing afterward.|Electrical repairs~Describe the device or room affected. Ask about access openings and who will finish them once the work is complete.|Plumbing access and repairs~Show the fixture or leak location and any open wall. Explain what has already been tried or repaired.|Drywall finishing~List the openings and the finish you want, including whether the quote should cover painting as well as patching.
dumont|A useful yard cleanup starts with clear boundaries: what needs clearing, what stays and where the removed material should go.|Yard and bed cleanup~Mark the work areas and plants to retain. Say whether leaves, branches, weeds or overgrown beds are the priority.|Gutter cleaning~Describe overflow or leaf buildup and ask whether cleanup around the house is included after the gutters are cleared.|Outdoor junk removal~List furniture, containers or other non-yard items separately so the hauler can confirm what can be removed.
east-newark|Tell us what is happening at your East Newark home, where the work is needed and when you would like it addressed. Photos can help explain the problem.|Plumbing repairs~Tell us which fixture is leaking or not working, when it started and whether other fixtures are affected.|Lights and electrical devices~Identify the outlet, switch or light involved. Say whether it needs repair, replacement or a new location.|Small repair lists~Group sticking doors, loose hardware and damaged trim by room, with your most important task first.
east-orange|Make a clear list of what needs fixing, from small functional repairs to the leak or damaged finish that keeps coming back.|Doors, trim and hardware~List what is loose, sticking or broken and include photos of any item that is hard to describe.|Recurring plumbing problems~Explain when dampness or a leak returns and what has already been repaired so the plumber can assess the cause.|Painting repaired surfaces~Identify the rooms and finishes to refresh once the underlying problem is addressed. Include any patching still needed.
east-rutherford|Get the unwanted material out, finish the repairs and clean the space. Tell us what was removed and what still needs doing.|Renovation debris removal~List the actual materials, approximate amount and loading access. Confirm what the hauler accepts before setting a collection date.|Small repairs after removal~Show exposed damage to trim, doors or storage and describe the finish you want before the room is refilled.|Cleaning after the work~Identify the rooms and surfaces, and mention repair dust or residue so the cleaner can discuss the right service.
edgewater|For work inside an apartment or shared building, explain the repair and any access arrangements the professional should know before visiting.|Plumbing inside the home~Describe the affected fixture and known shared connections. Include any instructions already provided by building management.|Room-by-room electrical work~List the lights, outlets or fans needing attention and describe any restrictions on access or work hours.|Wall and ceiling patches~Show the damaged areas and explain whether the underlying repair is complete before arranging the finish work.
elizabeth|For repairs above ground level, describe both the problem and access to the building. Let the professional assess the equipment the job needs.|Roof repairs~Share leak symptoms and ground-level photos. Mention narrow access, adjoining buildings or other limits around the work area.|Gutter repairs and cleaning~Identify the roof edge involved and where water spills over. Describe access without climbing to take photographs.|Exterior painting~List the surfaces and heights involved. Ask how preparation, access equipment and protection of nearby areas are included.
elmwood-park|Before a move or handover, turn the remaining jobs into a short list of repairs, touch-ups and cleaning tasks.|Small household repairs~List doors, hardware and trim needing attention. Include any specific repair findings you already have.|Paint touch-ups~Identify the surfaces and whether matching an existing finish matters. Say if patching is needed before painting.|Move-out cleaning~Give the room list, condition and handover date. Explain whether the property will be empty when the cleaner arrives.
emerson|Keep a room repair moving by separating the work behind the surface from the patching and painting that follow.|Plumbing repairs~Describe the fixture or pipe issue and the access available. Ask who handles any opening and restoration around the repair.|Electrical updates~List the devices or lights to change and where they are, especially if walls or ceilings are already open.|Drywall restoration~Show each opening and agree on the finishing standard once the underlying work is complete and ready to cover.
englewood|A yard improvement can involve planting, trees and paved areas together. Show the area and explain how you want to use it.|Landscape changes~Describe the cleanup or new planting you want, along with existing plants to keep and any water problems you have noticed.|Tree work~Identify the trees near the proposed work and ask for an assessment before deciding on pruning or removal.|Paths, patios and masonry~Show damaged or proposed surfaces and how they meet the garden. Ask what preparation and cleanup are included.
englewood-cliffs|You can request a contained repair without committing to a larger renovation. Show the damaged area and the result you want.|Masonry repairs~Mark the affected sections and ask the professional to distinguish a localized repair from rebuilding the whole feature.|Tile replacement~Say whether the job is a few damaged tiles or a larger area. Include photos of adjacent surfaces and transitions.|Small repairs around the house~List doors, fittings and trim that need attention, keeping larger structural or specialist work separate from the handyman list.
essex-fells|Gutter overflow, leaf buildup and damaged paving can affect the same outdoor area. Describe each issue rather than guessing at one solution.|Gutter maintenance~Show the overflow points and visible outlets. Ask whether clearing and cleanup are included in the visit.|Yard cleanup~Identify the material to remove and the areas to leave alone. Agree on how the debris will be taken away.|Paving repairs~Photograph settled surfaces and where water collects so the mason can discuss the support beneath the damaged area.
fair-lawn|A slow drain and rainwater outside may be different problems. Tell us where the water appears and when it happens.|Household drain problems~List the affected fixtures and whether the symptom follows use. Mention any previous plumbing assessment or repair.|Gutter overflow~Show where water spills over and the visible outlet condition from the ground. Say when the problem occurs.|Yard restoration~Describe wet or disturbed areas and share any drainage findings before choosing new soil, planting or a surface treatment.
fairfield|If paving settles or water keeps collecting, start with the symptom. An assessment can help you avoid paying for the wrong surface fix.|Pavers and walking surfaces~Mark cracked or sunken sections and show nearby water paths so the base can be considered alongside the finish.|Yard improvements~Explain the wet or damaged area and how you want to use it. Avoid choosing fill before the problem is understood.|Gutter maintenance~Describe roof-edge overflow and downspout behavior separately from standing water elsewhere in the yard.
fairview|Make the edge of your property easier to use with a clear repair area, a plan for nearby planting and removal of debris.|Paved-edge repairs~Show the damaged area and where it meets the walk or driveway. Ask what preparation is included beneath the finish.|Planting beside repairs~Mark plants to retain and the areas to restore after the hard-surface work is finished.|Project debris removal~List the material and loading location. Confirm whether carrying and loading are included before debris starts to accumulate.
fanwood|A garden or path can look unfinished after other work. Explain what was disturbed and the result you want to restore.|Landscape restoration~Show the affected areas and any agreed project plan. Describe whether the finish should be lawn, beds or new planting.|Paths and surface repairs~Identify sections affected by earlier work and ask how the repair will meet the remaining surface.|Gutter problems~Describe visible overflow separately so the professional can assess whether maintenance is part of the wider water issue.
fort-lee|For a bathroom refresh, explain the fixtures, lighting and surfaces you want to change before choosing finishes.|Fixtures and plumbing~Show the existing layout and say what will stay or move. Ask what piping and access work are included.|Lighting and fans~List the devices and planned positions so the electrician can assess the work before walls are finished.|Tile and shower surfaces~Show the area and describe the desired result. Ask about preparation and waterproofing as well as the visible tile.
frankford|Refresh planting or repair a path with the material, preparation and cleanup made clear in the quote.|Beds and planting~Describe the plants you want and current soil condition. Ask what soil or other material will be brought onto the property.|Paver repairs~Show movement and water patterns. Ask how the base will be assessed before replacement pavers are selected.|Debris removal~List known materials and disclose anything uncertain. Confirm acceptance rather than assuming every load is ordinary household junk.
franklin-borough|For an outdoor addition or repair, describe the finished result and separate assembly, planting and any electrical connection.|Preparing the yard~Show the work area, plants to keep and access route. Explain whether you want simple cleanup or a larger change.|Assembly and small repairs~Share the product details or damaged feature so the handyman can confirm whether the task fits their work.|Outdoor power~Describe what the equipment will do and where it will sit. An electrician can assess the connection it needs.
franklin-lakes|Plan yard work around the features and systems you want to keep. For indoor problems, describe the actual fixture symptoms.|Planting around existing systems~Share any known underground-system information and access that must remain clear before planning beds or ground work.|Household plumbing~Describe the fixture problem and any previous findings. Mention a private system if known; specialist work may need a separate provider.|Tree work and access~Show the tree, nearby equipment and possible access routes so the professional can discuss how to protect the surrounding property.
franklin-township|If a repair was left unfinished, show what works, what is open and what remains. You do not need to solve it before asking for help.|Unfinished plumbing~Describe the fixtures and work already done. Share earlier findings if available so the plumber can assess the remaining job.|Electrical follow-up~Explain the original project and current concern without opening equipment. An electrician can assess the installation and next step.|Finishing open surfaces~Show the walls or ceilings left open and describe the finish you want once the underlying work is ready.
fredon|Hard-to-reach equipment or a repair behind a wall is easier to plan when you describe the access as well as the fault.|Heating and cooling service~Share the symptom, equipment location and any narrow access or obstacles the professional should know about.|Plumbing repairs~Identify the fixture or pipe involved and whether it can be reached directly or sits behind a finished surface.|Wall restoration~Photograph openings left by the repair and say whether you want patching alone or a finished painted surface.
frelinghuysen|Start with the part of your home or yard you want improved. Photos can help a professional separate a simple repair from a larger job.|Planting and yard work~Describe routine cleanup, new beds or the larger change you have in mind, and identify plants to keep.|Plumbing fixtures~Explain the symptom or proposed change. Share known system details without assuming a specialist well or septic job is ordinary plumbing.|Masonry repairs~Show the existing feature and damage so the professional can discuss surface repair, underlying problems and possible next steps.
garfield|For a patio or path project, include the surrounding beds and the material that needs to leave, not just the finished paving.|Patios and masonry~Describe the footprint and desired result. Ask the quote to cover preparation, edges and how new work meets existing surfaces.|Planting around the patio~Identify affected beds and the access route. Schedule final planting after the heavier work and cleanup are finished.|Removed-material hauling~List excavated or broken materials separately from household items and confirm loading and disposal with the hauler.
garwood|A plumbing or electrical repair should end with the room usable again. Include any access openings and finishing work in your description.|Plumbing repairs~Tell us which fixture or pipe is involved, what happens and whether earlier work has already exposed the area.|Electrical repairs~Identify the light, outlet or equipment concern and describe the result you want without trying to diagnose wiring.|Wall and ceiling finishing~Show surfaces opened during repairs and explain whether the underlying work is ready before arranging patching and painting.
glen-ridge|Keep the details you like while addressing damage to doors, masonry and paint. Tell the professional what you want repaired or matched.|Doors and exterior trim~Show the damaged section and surrounding profile. Ask whether a repair or matching replacement is practical.|Masonry repairs~Photograph the joints and earlier patches. Discuss repair materials and how the repaired area will meet the existing feature.|Painting and preparation~Identify the coatings and worn surfaces. Ask what wood repairs, preparation and finish matching are included before painting begins.
glen-rock|Tree concerns, planting and an uneven walk can overlap. Describe the whole area so the professionals can discuss the work in the right order.|Private tree work~Identify the tree and concern in a wide photo from safe ground. Ask about pruning or assessment before choosing removal.|Planting around trees~Show trees and beds to retain, and describe the new planting or cleanup you want nearby.|Walkway repairs~Show damaged paving and nearby roots. Ask how the repair can be coordinated with any tree assessment or work.
green-township|For an equipment change, explain what you have now and what you want to improve. Include connections that may need another trade.|Heating and cooling changes~Share the current model if known and the comfort or operating problem you want to solve.|Fixture replacements~Describe the existing fixture and planned replacement, including whether it will remain in the same position.|Electrical connections~Provide the new equipment details so an electrician can assess the power requirements rather than assuming delivery includes installation.
greenwich-township|Keep a room update focused on the result you want: working fixtures and lighting, followed by properly finished walls.|Lighting changes~Describe the current and planned positions and any existing work so the electrician understands the complete request.|Plumbing changes~List the fixtures and whether each stays or moves. Ask about access, connections and any surrounding repair work.|Drywall finishing~Identify surfaces affected by the trades and arrange the patching once that work is finished and ready to cover.
guttenberg|For a heating problem in a shared building, describe what is happening in your home and what management has already told you.|Heating and cooling symptoms~Say which rooms are affected and whether the system serves only your home or is shared, if known.|Heating-related plumbing~Share the symptom and known system details. Check who can authorize work on shared pipes or connections before arranging it.|Electrical concerns~Identify the equipment issue without opening controls, and include any access or management arrangements the electrician should know.
hackensack|Get a recurring problem assessed and the smaller repairs finished. Tell us what keeps happening and what you would like put right.|Doors, trim and hardware~List the damaged or sticking items by room, with the most important fixes first.|Plumbing symptoms~Describe the leak, dampness or fixture problem and any earlier attempts to fix it so the cause can be assessed.|Painting after repairs~Show the affected surfaces and the finish you want once the underlying issue has been addressed.
hackettstown|A bathroom or room refresh works better when you explain the damaged surface, the intended changes and any unresolved leak first.|Tile and grout repairs~Show damaged areas and transitions at tubs or doors. Ask whether the surface or the underlying assembly needs attention.|Electrical updates~List the lights and devices you want changed, including any relocation, before walls and finishes are completed.|Roof leak assessment~Describe when the leak appears and what has been checked. Keep the roof problem separate from later interior restoration.
haledon|If a repair requires an opening in the wall, include the work behind it and the finish you want afterward.|Electrical work behind walls~Describe the affected room and devices. Ask the electrician what access is needed and who handles the wall afterward.|Plumbing repairs~Identify the fixture or pipe concern and any existing opening so the repair and access can be discussed together.|Drywall patches~Show the size and location of each opening and agree whether the finish includes painting once the trade work is complete.
hamburg|Improve the entrance with repairs, planting or better lighting. Describe the part you use every day and what is not working for you.|Steps and landings~Show damage or uneven sections and say whether you want the existing shape repaired or a different layout discussed.|Beds around the entrance~Mark plants to keep and describe the cleanup or new planting you want beside the repaired area.|Exterior lights~Tell us what needs lighting and whether a fixture already exists. An electrician can assess repair or a new installation.
hampton-township|An older repair or installation may need a fresh assessment before more work starts. Explain the current symptom and any work history you know.|Electrical follow-up~Describe the concern and share previous work details if available. Keep troubleshooting with the electrical professional.|Heating and cooling problems~Give the equipment information and affected rooms so the professional can discuss an assessment before a replacement decision.|Painting after the fix~Show the surfaces needing attention and say whether any leak or underlying repair still needs to be resolved.
harding|A repair inside and cleanup outside can need different professionals. Tell us which job you want to tackle first, with photos of the work and the route to reach it.|Tree work with room to work~Show the tree and nearby structures from the ground. Note whether equipment must pass through a gate or across a finished yard.|Beds that need a fresh start~Photograph overgrown beds and tell us what you want kept, removed or replanted. Include any access restrictions.|A fixture that no longer works properly~Describe the faucet, toilet or other fixture and when the problem occurs. Mention any previous diagnosis or repair.
hardwick|A worn entrance or troublesome outdoor light can make everyday trips in and out harder. Show us the problem and describe what you want repaired, replaced or made easier to use.|Steps and walking surfaces~Photograph cracks, movement and uneven edges, including the whole entrance so a mason can understand the repair area.|Overgrown driveway edges~Show where vegetation narrows access. Identify what you want cut back and whether the debris should be removed.|Outdoor lights and outlets~Tell us which fixtures or outlets have stopped working and whether the problem followed other work. Leave electrical diagnosis to the professional.
hardyston|Replacing home equipment often raises questions about the connections around it. Start with what is failing or what you want replaced, and share any model details or existing estimate.|Heating or cooling trouble~Describe the symptoms, equipment type and rooms affected. A photo of the model label helps explain what is installed.|A bathroom or kitchen fixture~Tell us whether this is a repair or replacement and whether the new fixture will stay in the same position.|Power for new equipment~Share the equipment specifications and proposed location. An electrician can assess the connection and any work needed before installation.
harmony|Water where it should not be is easier to explain with a few clear photos. Tell us whether it starts at a fixture, a downspout or somewhere in the yard.|Leaks and plumbing problems~Name the fixture or room and when you notice the water. Include any diagnosis already made without opening walls yourself.|Yard work around existing systems~Mark areas that should remain accessible and explain the planting or cleanup you want. Share known underground system locations with the professional.|Gutters that spill or drain poorly~Photograph the overflow from a safe spot on the ground and show where the downspout releases water.
harrington-park|A bathroom repair may leave a wall open or a light needing attention. Describe the whole job, including work already completed, so the next professional understands where to pick up.|Finish the plumbing repair~Explain what was leaking, what has been repaired and what remains. Include photos of accessible pipes or fixtures.|Lights and electrical connections~Identify the affected light, switch or outlet. Mention any electrical work connected with the room repair.|Close and finish the wall~Show the size of the opening and surrounding finish. State whether the underlying plumbing or electrical work is complete.
harrison|Work near an entrance can involve the walkway, nearby planting and sometimes plumbing. Tell us what is damaged and show where the work is needed, especially if it is near the sidewalk or street.|Repair an entrance or walkway~Include a close photo of the damage and a wider view showing the doorway, steps and walking route.|Restore planting after work~Describe which beds or lawn areas were disturbed and whether you want cleanup, replanting or a different layout.|Explain a plumbing repair~Share the symptoms and any professional diagnosis. If digging has been proposed, include the written scope and access constraints.
hasbrouck-heights|Some room repairs need a trade visit before the walls can look finished again. Tell us what needs fixing and whether any work has already started.|Update lights or outlets~List the fixtures or outlets involved and whether they are being repaired, replaced or moved.|Repair a fixture or leak~Describe the symptoms and location, with photos of the fixture and any visible damage.|Patch the wall afterward~Measure the approximate damaged area and note whether the source of the problem has been resolved.
haworth|A damaged path or tired driveway edge can be a manageable project when the scope is clear. Share photos and explain what you want to repair, keep and remove.|Uneven or broken paving~Show the surface material and damaged sections. Point out any movement, loose pieces or trip points.|Refresh adjoining beds~Identify plants to keep and areas to clear. Explain whether the work follows a paving repair.|Remove leftover materials~List the materials, approximate quantity and pickup location. Include heavy pieces and access details before requesting hauling.
hawthorne|If concrete, roots and planting meet in one area, start by showing the whole space. That helps explain the repair without assuming which part caused the problem.|Cracked concrete or masonry~Photograph the damage and surrounding surface. Describe whether it has changed or become uneven.|Tree work near a path~Show the tree, visible roots and nearby structures. Ask for an assessment rather than guessing which roots can be cut.|Put the yard back together~Describe the cleanup or planting needed after other work, including any soil or lawn areas disturbed.
hillsdale|Heating or cooling work can affect more than the equipment itself. Tell us what you need replaced or repaired and show the space around the unit.|Heating and cooling equipment~Share the symptoms, model information and whether the request is for diagnosis, repair or replacement.|Clear or restore the surrounding bed~Show plants around the equipment and describe the access or replanting work needed.|Repair nearby paving~Photograph the pad, path or masonry surface and explain whether the equipment work must happen first.
hillside|Steps, walkways and the planting beside them should be described together when they share a work area. Show us the damage and the route people use every day.|A damaged walking surface~Include close and wide photos of broken, sunken or uneven sections. Show whether the work involves a street-facing sidewalk, driveway or private walkway.|Beds beside the repair~Explain which plants should remain and where cleanup or restoration is needed.|A tree close to the work~Photograph the tree and nearby surface from a safe distance. A tree professional can assess the proposed work.
ho-ho-kus|A small leak, broken appliance or stubborn cabinet door can interrupt the whole day. Describe the symptom and what you have noticed so the request starts with the right service.|A leaking fixture~Tell us where the water appears and whether it happens only during use. Include the fixture type and prior repairs.|An appliance that will not run properly~Share its brand, model and error message, plus what happens when you try to use it.|Doors, trim and hardware~Group the small repairs into one list, with photos and a count of the doors, hinges or other items involved.
hoboken|For work inside an apartment or shared building, access matters as much as the repair. Include stairs, elevator arrangements and any building requirements with your request.|A plumbing problem in the unit~Describe the fixture and symptoms. Note building coordination needed for access or a water shutoff.|Walls after a repair~Show the damaged area and confirm whether the underlying problem has been addressed before requesting patching.|Cleaning before or after a move~List the rooms, whether the home will be empty and any appliances or cabinets that need interior cleaning.
hopatcong|A bathroom refresh is easier to plan when each part of the job is clear. Tell us what is staying, what is moving and which repairs need attention first.|Fixtures and plumbing~List the sink, toilet, shower or other fixtures involved. Say whether their locations will change.|Bathroom lighting~Describe the lights, switches or fan you want repaired or replaced and any planned layout changes.|Wall and ceiling repairs~Photograph damaged surfaces and note whether plumbing or electrical work must be finished before patching.
hope|Repairing an exterior does not always mean replacing everything. Show the worn areas, describe the finish you want to keep and tell us whether anything is loose or damaged.|Exterior paint and trim~Photograph peeling areas and the full surface. Mention any repairs needed before preparation and painting.|Brick, stone and mortar repairs~Include close-ups of cracks or missing mortar and a wider view of the feature you want retained.|Small trim repairs~List damaged boards, doors or hardware. Photos help distinguish a small repair from a larger replacement project.
independence|Picking up an unfinished project starts with a clear picture of what is done. Share current photos, the remaining task list and any records from earlier work.|Finish open walls~Show unfinished patches or openings and say whether work behind them is complete.|Complete an electrical task~Describe what was started and what is still disconnected or unfinished. Share any existing scope with the electrician.|Complete bathroom tile work~Photograph the prepared surface and remaining area. Note whether matching tile and other materials are already available.
irvington|Need help with a plumbing problem, damaged paving or yard repairs? Tell us what needs attention, where the problem is and what you want fixed.|Plumbing inside the home~Describe the fixture, symptoms and any existing diagnosis. Include access details for the affected room.|Restore paving after work~Show the damaged surface, approximate dimensions and material to be matched.|Repair a disturbed yard~Explain which lawn or planting areas were affected and whether debris removal, soil work or replanting is needed.
jefferson-township|An outdoor repair or equipment visit can depend on getting safely to the work area. Include photos of the project and the entrance, stairs or gate the professional will use.|Deck details and small repairs~Show loose boards, damaged trim or hardware. Larger structural concerns should be described clearly for assessment.|Heating and cooling service~Share equipment details and symptoms, plus any tight spaces or access arrangements.|Steps and landings~Photograph cracks, movement and the full entrance. Tell us which parts you want repaired or replaced.
jersey-city|An entrance repair and an interior job may have different access needs. Tell us where the work is, who controls the space and what needs fixing.|Steps, brickwork and exterior repairs~Show the damaged area and the surrounding facade or entrance. Describe loose pieces or changing cracks.|Interior wall repairs~Include the approximate size, surface finish and whether a leak or other cause has been resolved.|Entry and shared-area lighting~Identify the lights or outlets involved and any building access or approval arrangements the electrician needs to know.
kearny|Getting a home ready for its next chapter often means finishing a short list of repairs, then painting and cleaning. Send the list and your target date so the sequence is clear.|Small repairs before the finish work~List sticking doors, loose hardware and other unfinished details, with a photo of each different issue.|Paint the rooms that need it~Name the rooms and surfaces, and note whether patching, trim or ceilings are included.|The final clean~Specify whether the home will be empty and what work will be finished before cleaning begins.
kenilworth|If a repair is partly complete, tell us exactly what is left. Photos and the earlier scope help the next professional understand the job without starting the explanation over.|Follow up on plumbing work~Describe the original problem, work already completed and any remaining leak or fixture issue.|Complete an electrical repair~Identify the affected fixtures or circuits and share any written findings from the earlier visit.|Restore walls and ceilings~Show openings or damaged finishes and say whether the trade work behind them is complete.
kinnelon|A better-looking entrance starts with the details you use every day. Tell us whether the priority is a door that works, a fresh finish or reliable lighting.|Doors, trim and hardware~Show where a door sticks, gaps appear or hardware has failed. Include the whole doorway as well as the detail.|Exterior preparation and painting~Photograph worn surfaces and note damaged trim that may need repair before painting.|Entrance lighting~Describe the existing fixture and whether you want repair, replacement or a different position.
knowlton|A patio, surrounding beds and outdoor lighting can be planned as separate pieces of one project. Tell us which part you want to tackle first and what should stay.|Patio and walkway repairs~Show sunken, loose or cracked areas with a wider photo of the space and access route.|Refresh planting beds~Identify plants to keep or remove and describe the look and maintenance level you want.|Outdoor electrical work~List lights or outlets involved and whether power is already available at the proposed location.
lafayette|Finishing a room goes more smoothly when repairs come before the final paint. Describe the work already done and the remaining jobs, with photos of any open or unfinished areas.|Complete fixture repairs~List the plumbing issues still outstanding and whether replacement fixtures have been selected.|Finish lighting and outlet work~Describe the remaining electrical tasks and any earlier professional findings.|Prepare and paint the room~Name the surfaces and tell us whether patches or other repairs must be completed first.
leonia|If you have a list of items to address before a move, share the actual findings and your deadline. That helps turn a broad request into specific work.|Electrical items on the list~Include the written finding or describe the affected fixture, switch or outlet for an electrician to assess.|Doors and small repairs~Group loose hardware, sticking doors and other minor tasks, with photos and quantities.|Cleaning for the next occupant~State whether the home will be empty and include room count, appliance interiors and access arrangements.
liberty-township|A water problem can involve plumbing, powered equipment or the area around it. Describe what you observe and share any diagnosis already made so the request reaches the right kind of professional.|Electrical connections for equipment~Share the equipment label and symptoms. Do not open electrical enclosures to gather information.|Household plumbing symptoms~Explain which fixtures are affected and when pressure, flow or leakage changes. Mention a private water system if one serves the property.|Restore the work area~Show disturbed soil or planting and describe the cleanup or restoration needed after the repair.
lincoln-park|A water stain needs more than a coat of paint if the source is still active. Tell us what happened, what has been fixed and which surfaces still need attention.|Find or repair the plumbing problem~Describe where water appears and any related fixture use. Share previous findings if available.|Patch damaged walls or ceilings~Photograph the affected area and state whether the source has been repaired and the surface is dry.|Finish with paint~Identify the room and whether you want a repaired spot blended or the full surface repainted.
linden|Preparing a home for a handoff can leave a mix of small jobs. Share your repair list and target date, and separate items needing a licensed trade from general finishing work.|Small fixes around the home~List doors, hardware and other repair items, with photos showing what is not working.|Electrical corrections~Provide the specific finding or symptom and the location of each affected item.|A clean home for the handoff~Include room count, whether the home is occupied and which interior surfaces need special attention.
little-falls|A comfort problem or leak can leave finishing work behind. Start with the symptom you want resolved, then show any walls or ceilings that need repair afterward.|Fixture and pipe problems~Explain the leak or change in performance and which rooms are affected.|Heating or cooling concerns~Describe unusual sounds, uneven temperatures or equipment trouble, with the model label if accessible.|Wall and ceiling restoration~Show damage and explain whether the plumbing or equipment issue has been resolved.
little-ferry|Repairs outside can overlap with equipment access and yard work. Show the whole space and tell us what needs fixing before describing the finish you want.|Paving and masonry repairs~Photograph cracks, movement or loose pieces and estimate the affected area.|Heating and cooling equipment~Explain the symptoms or planned replacement and show the space around the unit.|Cleanup around the project~Identify beds, lawn or debris affected by the work and what you want restored.
lodi|Removing tile or damaged walls creates another job: getting the material out. Include both the repair area and the removal route so the work can be planned realistically.|Wall and ceiling repairs~Show the damaged surface and approximate size. Mention any moisture problem that must be addressed first.|Masonry repairs and removal~Photograph the material and explain whether you want it repaired, replaced or taken away.|Haul away project debris~List the material types and quantity, plus stairs, parking and the distance from the pile to the pickup point.
long-hill-township|A kitchen project can be as small as a leaking sink or as involved as coordinating several repairs. Tell us the main problem and what you want to keep.|Sink and faucet work~Describe the leak, fixture or replacement and whether its location will remain the same.|Backsplash repairs or replacement~Show the current tile and approximate area. Say whether cabinets or counters are also changing.|Appliance repair~Share the brand, model and symptoms, including any error code and whether a connection issue has already been identified.
lopatcong|A room refresh often begins with practical fixes before the finish work. Tell us what is not working, which fixtures are changing and what you want the finished room to feel like.|Lights and outlets~List the electrical repairs or replacements and show the existing locations.|Bathroom plumbing~Identify the fixtures involved and whether you are keeping the current layout.|Painting after repairs~Name the walls, trim or ceilings and note any unfinished patches or moisture damage.
lyndhurst|Water around a home can have different sources. Describe when it appears and show the fixture, yard area or downspout involved instead of guessing at the repair.|Plumbing symptoms~Tell us which fixture or pipe appears involved and whether the issue happens during use.|Yard water concerns~Photograph the area after rain from a safe position and describe how long water remains.|Gutters and downspouts~Show visible overflow, loose sections or the discharge point from ground level.
mahwah|Tree work and repairs nearby can affect the same part of the yard. Share a wide photo, explain what you want preserved and identify the first job you need done.|Tree assessment or removal~Show the tree, nearby buildings and access route. Note fallen material or visible damage without approaching unsafe limbs.|Restore lawn and planting~Describe the area affected by earlier work and whether cleanup, soil repair or planting is needed.|Repair a path or patio~Photograph loose or uneven sections and mention nearby trees so the mason understands the setting.
mansfield-township|A major home repair starts with the symptoms, not a guess about the solution. Share equipment details or exterior photos and explain what has changed.|Heating and cooling service~Describe comfort problems, unusual operation and the equipment type. Include the model label if easy to reach.|Electrical work for equipment~Share the proposed equipment and location, along with any existing estimate or specifications.|Roof repairs~Describe leaks or visible damage and provide ground-level photos. Do not climb onto the roof to prepare a request.
maplewood|Seasonal cleanup is easier to arrange when yard debris, gutter work and household items are listed separately. Tell us what needs clearing and where everything is located.|Yard and bed cleanup~Show leaves, overgrowth and planting beds. Specify what should be kept and what should be removed.|Gutter service~Describe overflow or visible debris and note the building height and access limits.|Furniture and household junk~List items, approximate volume and stairs or tight doorways. Keep household items distinct from yard material in the request.
maywood|When heating equipment needs attention, the symptoms and connections matter. Tell us what is happening and share any existing diagnosis before adding the related repair tasks.|Heating service or replacement~Include the equipment type, symptoms and model details. State whether the request is for repair or a replacement discussion.|Associated plumbing work~Describe any leak or pipe work identified by a professional, with photos of accessible areas.|Electrical connections~Share the equipment specifications and any electrical findings so an electrician can assess the scope.
mendham-borough|An equipment repair may leave access openings or other finishing work. Describe the heating or cooling issue first, then show anything that needs restoring afterward.|Heating and cooling trouble~Tell us how the system behaves, which areas are affected and any diagnosis already made.|Electrical work around equipment~Identify the proposed equipment or existing connection issue and share available specifications.|Patch walls after the work~Show access openings or damage and confirm whether the work behind the wall is finished.
mendham-township|Planning bathroom work starts with what you want to change. List the fixtures, lighting and tile involved, and say whether the layout will remain the same.|Bathroom plumbing~Explain fixture repairs or replacements and whether pipes or fixture positions are changing.|Lights, switches and fans~Describe the electrical items involved and their current and proposed locations.|Tile and grout~Show damaged areas or the surface to be retiled. Include approximate dimensions and whether matching materials are available.
midland-park|A home handoff is easier with a specific punch list. Send the repair items, photos and target date, then identify the cleaning needed once the work is finished.|Small repairs around the home~Count the doors, hardware and other items involved, and show a clear photo of each type of problem.|Electrical findings~Share the specific issue or written finding for the electrician to assess.|Cleaning after repairs~State whether rooms will be empty and include appliance interiors, cabinets or other areas needing attention.
millburn|If water is collecting where it should not, show where it begins and where it ends up. The timing can help distinguish gutter, plumbing and yard concerns.|Gutters that overflow~Describe what happens during rain and show the downspout outlet from the ground.|Plumbing leaks or water problems~Name the affected fixture or system and any previous diagnosis or repair.|Yard and planting work~Show the area of concern and explain the cleanup, planting or drainage assessment you are requesting.
mine-hill|Unfinished repairs are easier to hand over with photos and a clear remaining task list. Tell us what has been completed and what still needs a professional.|Finish plumbing work~Describe the fixtures or pipes involved and any remaining leak or installation task.|Complete electrical work~Share the earlier scope and identify unfinished lights, outlets or connections without opening equipment.|Restore the surfaces~Show wall or ceiling openings and say whether all work behind them has been completed.
montague|Adding equipment or resolving a comfort problem may involve more than one trade. Describe the equipment and symptoms first so the work can be scoped properly.|Electrical supply for equipment~Share model specifications and the intended location. An electrician can assess the existing supply and proposed connection.|Heating and cooling repairs~Explain uneven temperatures, unusual operation or replacement plans and include accessible model information.|Wall repairs after access work~Photograph any openings and state whether the underlying equipment or electrical work is finished.
montclair|A room can need both a practical repair and a fresh finish. Tell us which issue comes first, especially if water damage is part of the job.|Painting walls and trim~List the surfaces and finish you want, and include areas needing preparation or repair.|Patch damaged drywall~Show the size and location of the damage. Note whether a leak has been repaired before requesting the patch.|Repair or replace fixtures~Describe faucet, toilet or other plumbing symptoms and whether you want to keep the current fixture location.
montvale|If several jobs are holding up a room refresh, send one clear list. Separate the things that do not work from the surfaces you want repainted.|Electrical repairs~Identify each light, switch or outlet and describe the symptom or replacement you have in mind.|Plumbing repairs~List affected fixtures and tell us when leaks or performance problems occur.|Painting and preparation~Name the rooms and surfaces, including patches or trim repairs that need finishing first.
montville|An entrance or path repair can affect adjoining beds and runoff. Show the whole area, then identify the pieces you want repaired or refreshed.|Walkways and masonry edges~Photograph cracks, movement and loose sections, including the transition to nearby surfaces.|Planting beside the work~Mark plants to keep and describe cleanup or restoration after the repair.|Gutter discharge~Show where downspouts release water and explain any overflow or loose sections you have noticed.
moonachie|Before replacing an appliance, describe what it does when you use it. If removal or a connection repair is also needed, include that so the tasks are clear.|Appliance diagnosis and repair~Share the brand, model, symptoms and error messages, plus whether the problem is intermittent.|A leaking appliance connection~Explain where the water appears and provide an accessible photo without moving a heavy appliance yourself.|Remove an old appliance or other items~List the items, stairs and pickup location, and say whether disconnection still needs to happen.
morris-plains|Small repairs are easier to organize as a short list with photos. Tell us which problem is most disruptive and whether you want painting after the fixes.|Faucets and toilets~Describe leaks, running water or poor operation and whether you want repair or replacement.|Doors that do not work smoothly~Show where the door sticks or fails to latch, along with the hinges and surrounding frame.|Fresh paint after repairs~Identify the room and surfaces, including trim or patches that need preparation.
mount-arlington|A yard refresh can include beds, a masonry edge and lighting. Tell us the changes you want and which existing features should remain.|Planting and bed cleanup~Photograph the area and label plants to keep. Explain whether you want clearing, new planting or ongoing care.|Walls, steps and paving~Show damage and the full feature. Note any visible movement or loose sections for assessment.|Outdoor lights and outlets~Describe repair or replacement needs and whether a new location already has an electrical connection.
mount-olive|Clearing a crowded space is often the first step toward making it useful again. List what should go, what needs repairing and whether you want cleaning afterward.|Furniture and junk removal~Include item counts, approximate volume and stairs or tight access. Identify heavy or unusually large pieces.|Small repairs and storage details~List shelves, doors or hardware needing work once the space is clear.|Cleaning the cleared space~Describe the rooms, surfaces and whether cabinets or appliances need interior cleaning.
mountain-lakes|When you want a repair to blend with the rest of the home, good photos help. Show the damaged detail and an intact example of the finish you want to keep.|Trim and wood details~Identify loose or damaged pieces and share both close and wide views. Note whether matching material is available.|Masonry repairs~Show the brick, stone or mortar damage and the surrounding pattern or finish.|Painting to finish the repair~Explain whether you want a small area blended or a full surface repainted, including preparation needed.
mountainside|Outdoor work is easier to discuss when the path, beds and water flow are visible together. Send a wide photo and explain the first change you want to make.|Beds and yard cleanup~Mark what stays and what goes, and describe any access limits for equipment or debris removal.|Steps and paving~Photograph loose, cracked or sunken sections and estimate the repair area.|Gutters and downspouts~Describe overflow or discharge concerns and provide ground-level photos of the affected side of the home.
netcong|A few small fixes can make a home easier to use. Send a short list, identify anything leaking or broken and tell us whether cleaning is part of the plan.|Small household repairs~List doors, hardware, shelving or trim work, with photos and quantities.|Plumbing fixtures~Describe the fixture and symptom, including when a leak or performance issue occurs.|A focused home clean~List the rooms and the level of cleaning needed, including any work that should happen first.
new-milford|If a room is packed with things you no longer need, start with a removal list. Then describe the repairs and cleaning that will make the space usable.|Haul away unwanted items~Include photos of the pile, item counts and the route out, including stairs or narrow doors.|Fix the small details~List damaged doors, shelving or hardware that can be reached after the space is cleared.|Clean after the clear-out~State which rooms and surfaces need attention and whether any cabinets or appliances are included.
new-providence|A change to the yard may affect paths and nearby trees as well as planting. Show the full area and describe your intended use of the space.|Change the planting layout~Explain what you want kept, removed or added, and include access and maintenance preferences.|Repair or alter masonry~Show the existing patio, path or wall and the approximate area you want changed.|Tree work near the project~Photograph trees and surrounding structures from a safe position and explain the proposed work nearby.
newark|For a clear-out or interior repair, include access details with the project photos. Stairs, parking and building arrangements help explain what the work will involve.|Remove unwanted items~List furniture, household items or debris separately, with quantities and the pickup route.|Repair walls and ceilings~Show the damaged areas and tell us whether any leak or other cause has been resolved.|Clean the space afterward~Specify the rooms, whether they will be empty and any interior cabinets or appliances to include.
newton|A heating problem or plumbing repair can leave a room unfinished. Tell us the immediate issue and show the surfaces that will need attention once it is resolved.|Heating and cooling service~Describe the symptoms, affected rooms and equipment type, with model details if accessible.|Plumbing repair~Explain where the issue occurs and any earlier diagnosis or work completed.|Finish walls and ceilings~Photograph openings or damaged areas and state whether the underlying repair is complete.
north-arlington|A bathroom job is clearer when the fixtures, electrical work and tile are listed separately. Tell us what is staying and what you want to change.|Plumbing fixtures~Describe repairs or replacements and whether any fixture will move from its current location.|Bathroom electrical work~List lights, switches, outlets or a fan and explain the problem or desired change.|Tile repairs or replacement~Show the surface, approximate dimensions and any loose tiles or damaged grout.
north-bergen|An interior repair may require access to plumbing or electrical work before the walls are finished. Include building arrangements and the order of work already planned.|Electrical repairs~Describe the affected fixtures or outlets and any previous findings from an electrician.|Plumbing problems~Identify the fixture and symptoms, plus any access or shutoff arrangements needed in the building.|Wall and ceiling repairs~Show the opening or damage and confirm whether the work behind it is complete.
north-caldwell|When a tree, planting bed and paved surface share a work area, a wide photo is useful. Tell us your priority and what you want preserved.|Tree work~Show the tree, nearby structures and equipment access from a safe distance.|Restore or refresh planting~Identify plants to keep and explain the cleanup or replanting needed after other work.|Masonry near the yard~Photograph cracks, loose pieces or uneven surfaces and explain the repair you are considering.
north-haledon|Before repainting or cleaning a cluttered room, decide what needs to leave. Send the removal list and explain the finish work you want afterward.|Clear unwanted items~List furniture and other materials, quantities and stairs or narrow access.|Repaint the cleared room~Name the walls, ceilings or trim and note any damage needing preparation.|Clean after the work~Describe the rooms and surfaces and whether the painting and removal will be complete before cleaning.
northvale|A cleanup request works best when branches, yard material and household junk are clearly identified. Show each pile and tell us where it needs to be collected.|Yard and planting cleanup~Describe overgrowth, leaves or beds to clear and identify plants you want to keep.|Branches and tree debris~Show the material and explain whether it is already on the ground or requires tree work first.|Other items to remove~List furniture, mixed debris or bulky items separately, with quantities and access details.
norwood|A repair can leave more than the original problem to fix. Tell us what is happening, whether a professional has assessed it and which outdoor surfaces may need restoring.|Plumbing symptoms~Describe leaks or changes in flow and share any diagnosis or proposed scope.|Repair disturbed paving~Photograph the area and material, and state whether the underlying work is complete.|Restore lawn or beds~Show affected planting and soil and explain whether cleanup, replanting or a different finish is needed.
nutley|When water appears around an appliance or fixture, the source is not always obvious. Describe when it happens and any findings you already have.|Fixture and pipe repairs~Tell us where water appears, what was in use and whether the issue continues when fixtures are off.|Appliance problems~Share brand, model, error codes and the symptoms during a cycle, including any visible leakage.|Repair the surrounding details~Show damaged trim, cabinet parts or access panels and say whether the water problem has been resolved.
oakland|Water in the yard, a spilling gutter and an uneven path may need different assessments. Show where the problem starts and what changes during or after rain.|Yard water and planting concerns~Photograph the area and describe when water collects, how long it remains and the work you want assessed.|Gutter and downspout repairs~Show overflow or visible damage from the ground and identify where the water is discharged.|Repair an uneven walking surface~Include close and wide photos of loose, cracked or sunken sections, with approximate dimensions.
ogdensburg|A wall or tile repair can leave a surprising amount to remove. Include the repair area, material types and access route so both the work and cleanup are clear.|Tile removal and repairs~Show loose or damaged tiles and explain whether the request is for a patch or a larger replacement.|Drywall repairs~Photograph the affected surface and mention any moisture issue that must be resolved first.|Remove the leftover debris~List material types and approximate volume, including heavy pieces, stairs and the distance to the pickup point.
old-tappan|If tree work is part of a yard refresh, describe the tree work first and the cleanup separately. Show what needs to stay and where equipment could enter.|Tree assessment and work~Provide ground-level photos of the tree, nearby structures and access. Explain any visible damage or proposed removal.|Replant or restore the area~Describe the space affected by earlier work and the planting or lawn finish you want.|Remove other unwanted items~List household junk or mixed materials separately from tree debris, with quantities and access details.
oradell|New equipment can require decisions about power, piping and the area around it. Share the proposed equipment and any written scope so each part of the request is clear.|Electrical work for equipment~Include specifications and the intended location. An electrician can assess the connection and any required changes.|Related plumbing work~Share the professional recommendation or existing scope for piping work rather than guessing at the connection needed.|Restore the surrounding space~Show any affected lawn or beds and describe the cleanup or replanting needed after installation.
orange|A fixture repair or lighting change may leave a wall to patch. Describe the full job and what has already been completed so the next step is clear.|Plumbing fixtures and leaks~Identify the fixture, symptoms and whether repair or replacement is the goal.|Lights, switches and outlets~Explain what is not working or what you want changed, with photos of the existing locations.|Finish the walls~Show openings or damage and confirm whether the plumbing or electrical work behind them is finished.
oxford|A more usable outdoor space starts with the changes that matter to you. Tell us whether the priority is a sound patio, better lighting or refreshed planting.|Patio and masonry repairs~Show cracked, loose or uneven areas and explain whether you want repairs or a different layout.|Outdoor lights and outlets~List the locations and intended use, including whether power is already present.|Planting and yard cleanup~Identify plants to keep, areas to clear and the level of maintenance you want afterward.
palisades-park|For repairs inside a home or shared building, include access arrangements with the symptoms. Tell us which work must happen before walls or ceilings are finished.|Plumbing repairs~Describe the affected fixture and when the problem occurs. Mention any building coordination needed for access.|Electrical repairs~Identify the lights, switches or outlets involved and share any earlier professional findings.|Drywall and ceiling work~Show the damaged area and say whether the cause and any work behind the surface have been addressed.
paramus|Trees, paving and planting can affect the same space. A wide photo helps explain the setting, while close-ups show the repair or change you have in mind.|Tree work near the home~Show the tree and surrounding structures from a safe distance. Explain the assessment or work you are requesting.|Masonry beside roots or planting~Photograph uneven sections and nearby features without assuming the cause of movement.|Refresh the yard afterward~Describe any cleanup, soil repair or new planting needed once other work is complete.
park-ridge|If an appliance or heating system is not working, start with the symptom and model details. Include any diagnosis that points to a connection or electrical issue.|Electrical problems~Describe affected outlets, lights or equipment and share any existing findings from a professional.|Heating and cooling service~Tell us how the system behaves and which rooms are affected, with accessible model information.|Appliance repair~Share brand, model, error messages and what happens during use, including whether the issue is intermittent.
parsippany-troy-hills|A leaking fixture can turn into a wall or tile repair. Tell us the immediate plumbing problem and what still needs restoring once the water issue is resolved.|Faucets, toilets and fixtures~Describe leaks or poor operation and whether you want a repair or replacement.|Patch a damaged wall~Show the affected area and state whether the source of moisture has been fixed.|Repair tile and grout~Photograph loose tiles or damaged grout and say whether matching material is available.
passaic|Taking over unfinished work is easier with photos and a clear account of what is complete. Share the earlier scope and list the tasks still outstanding.|Complete electrical work~Describe unfinished fixtures or connections and provide any written findings without opening electrical equipment.|Finish plumbing repairs~Identify the remaining fixture or pipe work and any symptoms that continue.|Close and finish the walls~Show openings and unfinished patches, and confirm whether the trade work behind them is complete.
paterson|Exterior repairs are easier to plan with ground-level photos of the whole affected side of the home. Tell us whether the priority is stopping water, repairing damage or refreshing the finish.|Roof repairs~Describe visible damage or a leak and when it appears. Include photos you can take safely from the ground.|Gutters and downspouts~Show loose sections or overflow and where water is released.|Exterior painting~Identify the surfaces and peeling or damaged areas, including repairs needed before paint preparation.
pequannock|A ceiling stain or water problem should be described by when and where it appears. Tell us what has been investigated so the repair and finishing work can be separated.|Gutter problems~Explain overflow during rain and show the affected area and discharge point from the ground.|Plumbing leaks~Describe any connection to fixture use and include prior diagnosis or repairs.|Repair damaged drywall~Photograph the stained or damaged surface and say whether the source has been fixed and the area is dry.
phillipsburg|A worn entrance can need masonry repairs, paint and a few smaller fixes. Show the whole doorway and tell us what you want repaired while keeping its existing look.|Steps and entrance masonry~Photograph loose pieces, cracks or missing mortar and the full approach to the door.|Exterior paint~Show peeling surfaces and note repairs needed before preparation and painting.|Trim and hardware repairs~List damaged trim, sticking doors or loose hardware, with a close photo of each issue.
plainfield|When an exterior detail matters to the character of your home, show an intact example alongside the damage. Describe what you want repaired and what you want preserved.|Brick, stone and mortar~Photograph the damaged area and surrounding pattern so the repair can be assessed in context.|Roof details and repairs~Describe leaks or visible damage and share safe ground-level photos of the feature involved.|Porch, trim and small repairs~List the pieces needing attention and whether matching material is available or must be sourced.
pohatcong|Tell us how you want to use the outdoor space, then identify the repairs standing in the way. Photos of the whole area help connect paving, lighting and planting requests.|Patios, steps and paths~Show cracked, loose or uneven sections and estimate the area to be repaired.|Outdoor electrical work~Describe lights or outlets to repair or add and their proposed locations.|Yard and bed improvements~Mark plants to keep and explain the cleanup, replanting or layout changes you want.
pompton-lakes|If earlier work still needs attention, share what was done and the problem that remains. Existing photos, estimates or findings can help explain the next repair.|Plumbing follow-up~Describe the fixture or installation and any leak or performance issue that continues.|Electrical follow-up~Identify the affected item and provide the earlier scope or findings for an electrician to assess.|Roof repair follow-up~Explain where and when leakage or visible damage remains, using photos taken from a safe location.
prospect-park|Preparing a home for a move can mean fixing the details before painting and cleaning. Send the punch list and your target date so the work can be discussed in order.|Small repairs~Count the doors, hardware or other items needing attention and include photos.|Painting rooms and trim~Name the surfaces and any patches or repairs that must be finished first.|Move-related cleaning~State whether the home will be empty and list rooms, appliances or cabinets to include.
rahway|A repair request is easier to act on when the symptom and the finishing work are separate. Tell us what is not working and what needs restoring afterward.|Plumbing fixtures and leaks~Explain where the problem occurs, when it happens and any earlier diagnosis.|Electrical repairs~Identify affected lights, switches or outlets and describe the change or repair you want.|Wall and ceiling repairs~Show damage or access openings and say whether the work behind them is complete.
ramsey|A room refresh can start with practical fixes before new paint. List the plumbing and electrical items that need attention, then describe the finish you want.|Fixture repairs or replacements~Name the fixtures and explain whether they will stay in the same position.|Lights and outlets~Describe what is not working or what you want replaced, with photos of the existing setup.|Painting after the repairs~List walls, ceilings and trim and note any preparation still needed.
randolph|A tree project can leave a path or planting area needing attention too. Show the entire space and tell us which work needs to happen first.|Tree work~Provide ground-level photos of the tree and nearby structures, with the access route for equipment.|Restore or refresh planting~Identify plants to keep and areas affected by earlier work, including lawn or soil repairs.|Path and masonry repairs~Show uneven, cracked or loose sections and the surrounding area so the scope can be assessed.
ridgefield|For seasonal cleanup, a clear list is more useful than a general request to tidy everything. Separate yard work, gutters and the items you want hauled away.|Beds and yard cleanup~Photograph overgrowth or accumulated material and identify plants to retain.|Gutter cleaning or repair~Describe overflow or visible problems and include the home’s height and access limits.|Household junk removal~List bulky items and quantities, with stairs, doorways and the pickup location.
ridgefield-park|Repairing walls or tile also means planning for the material that comes out. Tell us the repair area, what has already been removed and how debris can leave the property.|Drywall repairs~Show damaged surfaces and approximate dimensions, including any moisture issue still to resolve.|Tile repairs and removal~Explain whether the job is a small repair or replacement and whether matching tiles are available.|Project debris removal~List materials and estimated volume, and note heavy pieces, stairs or a long carry to the pickup point.
ridgewood|An entrance that looks tired may need a few focused repairs. Tell us whether the priority is safer footing, refreshed planting or a door that works smoothly.|Steps and walkways~Show loose, cracked or uneven sections and include the complete approach to the door.|Beds by the entrance~Identify plants to keep and areas to clear or replant, with your maintenance preferences.|Doors and hardware~Describe sticking, latching or hardware problems and show the door and surrounding frame.
ringwood|If your project includes both indoor plumbing and outdoor work, explain each part without assuming they share a cause. Include known system locations and any existing professional assessment.|Household plumbing repairs~Describe affected fixtures and symptoms, with any earlier findings or repair history.|Yard work around existing systems~Identify areas that must remain accessible and share known underground system locations with the professional.|Paths and masonry~Photograph damaged surfaces and describe the repair or change you want, including access constraints.
river-edge|A yard layout change can involve planting, paving and nearby trees. Show what is there now and describe how you want to use the finished space.|Rework planting beds~Mark plants to retain or remove and explain the maintenance level you prefer.|Paths, patios and masonry~Share dimensions and photos of existing surfaces, including damage or areas to be changed.|Tree work near the project~Show trees and nearby structures from a safe position and explain the proposed work around them.
river-vale|Renovation cleanup is easier when repairs and removal are clearly separated. Tell us what remains to be fixed, what needs hauling and when the space will be ready to clean.|Remove project debris~List material types, quantity and the removal route, including stairs and heavy items.|Finish wall repairs~Photograph openings or damaged areas and confirm whether underlying trade work is complete.|Clean after the work~Specify rooms and surfaces, and say whether construction debris will already be removed.
riverdale|An appliance problem may be a repair job, a connection issue or a replacement decision. Start with the symptoms and model information so the request is specific.|Appliance repair~Share the brand, model, error code and what happens during a cycle or normal use.|Plumbing connections~Describe visible leakage and any diagnosis already made, without moving heavy equipment to inspect it.|Remove unwanted items~List appliances or other bulky items, access details and whether disconnection is still needed.
rochelle-park|An installation can leave a wall opening or exterior surface to repair. Tell us what equipment or electrical work is planned and which finishing tasks remain.|Electrical installation or repair~Share equipment details, intended locations and any existing estimate or professional findings.|Interior wall repairs~Show access openings and state whether the work behind the wall is finished.|Exterior masonry repairs~Photograph damaged brick, paving or other surfaces and describe the finish to be matched.
rockaway-borough|If a repair needs more than one visit, a clear task list helps explain the handoff. Describe the plumbing or electrical issue first and the surface repairs that follow.|Plumbing work~Identify the fixture, symptoms and any repair already completed.|Electrical work~List affected lights, outlets or connections and share existing findings for assessment.|Drywall restoration~Show the openings or damage and confirm whether the underlying work is complete.
rockaway-township|Outdoor projects work best with a picture of the whole area. Tell us whether you want to repair the existing layout or change how the space is used.|Paving and masonry walls~Photograph cracks, movement or loose sections and include the full feature for assessment.|Planting and yard changes~Mark areas to keep or clear, and describe the cleanup or planting you want.|Outdoor lights and outlets~List current problems or proposed locations and whether power is already available there.
rockleigh|If you want an exterior repair to blend in, show both the damage and the surrounding finish. Tell us which features and planting you want to preserve.|Masonry details~Photograph the material, pattern and damaged sections, including a wider view of the entrance or facade.|Exterior painting~Identify surfaces and preparation needs, and say whether the goal is matching or changing the finish.|Planting by the home~Mark plants to retain and explain cleanup or restoration needed around the work area.
roseland|A fixture or tile repair can create cleanup work as well. Tell us the problem to fix, whether material has already been removed and what needs to be hauled away.|Plumbing fixtures~Describe leaks or replacement plans and whether fixtures will remain in the same locations.|Tile work~Show damaged tile or grout, estimate the area and note whether matching material is available.|Remove repair debris~List the materials, quantity and pickup route, including heavy pieces and stairs.
roselle|A follow-up repair starts with knowing what is still wrong. Share the earlier findings, current photos and the finishing work needed after the issue is resolved.|Electrical corrections~Provide the specific finding or affected fixture for an electrician to assess.|Plumbing follow-up~Explain the original problem, completed work and any symptoms that remain.|Finish damaged walls~Show access openings or damaged finishes and say whether the underlying repair is complete.
roselle-park|Before closing a wall or repainting, make sure the work behind it is described in the request. Tell us which repairs are done and which still need attention.|Patch walls and ceilings~Photograph the openings or damage and estimate the affected area.|Electrical work before finishing~Identify remaining lights, outlets or connections and share any earlier findings.|Plumbing work before finishing~Describe remaining leaks or fixture tasks and whether access through the wall is still needed.
roxbury|A seasonal yard reset is easier to arrange when each type of work is listed. Show the beds, gutters and branches involved, and explain what should be cleared away.|Yard and bed cleanup~Identify plants to keep and areas needing leaves, overgrowth or other material removed.|Gutter service~Describe overflow or visible debris and share ground-level photos with access details.|Tree and branch work~Say whether branches are already down or still attached and show the area from a safe distance.
rutherford|If a tree and a damaged path are close together, include both in the photos. Tell us what you want assessed before deciding how the space should be repaired.|Tree work~Show the tree and nearby structures from the ground and explain the concern or proposed work.|Masonry repairs~Photograph uneven or cracked surfaces and the surrounding area without assuming the cause.|Planting restoration~Describe cleanup or replanting needed after other work and mark plants you want retained.
saddle-brook|Open walls are a useful moment to explain all the unfinished work. Share the current state of the room and what must be completed before it is patched.|Electrical work in progress~Describe remaining fixtures or connections and share the existing scope for assessment.|Plumbing work in progress~Identify unfinished fixtures, pipes or repairs and any ongoing symptoms.|Close and finish the wall~Show openings and surrounding finishes, and state whether the underlying trade work is complete.
saddle-river|When plumbing and outdoor repairs overlap, start with the immediate problem. Share any existing diagnosis and explain the lawn, beds or paving that may need restoring.|Plumbing symptoms~Describe leaks or changes in performance and any repair already proposed.|Yard restoration~Show disturbed areas and explain whether you need cleanup, soil repair or planting.|Masonry restoration~Photograph affected paving or other surfaces and identify the material and finish to be matched.
sandyston|A yard change can affect a patio and existing systems. Tell us what you want to do with the space, and share known constraints before work is scoped.|Yard layout and planting~Mark what stays, what goes and any areas that need to remain accessible.|Patio and walkway repairs~Show damaged surfaces and the dimensions of the area you want repaired or changed.|Household plumbing concerns~Describe the actual symptoms and mention any private system or previous diagnosis relevant to the request.
scotch-plains|Some repairs leave a second job behind them. Tell us what needs fixing first and which walls or ceilings will need finishing after the underlying work.|Roof repairs~Describe leaks or visible damage and include photos taken safely from the ground.|Electrical repairs~Identify affected fixtures or outlets and share any earlier professional findings.|Drywall and ceiling repairs~Show damaged areas and confirm whether water entry or work behind the surface has been resolved.
secaucus|A clear-out can make room for repairs and a proper clean. List what needs removing and describe the work you want done once the space is accessible.|Junk and bulky-item removal~Include item counts, approximate volume and building access, stairs or elevator arrangements.|Small repairs after clearing~List doors, hardware or other details needing attention, with photos.|Cleaning afterward~Specify the rooms and surfaces and whether removal and repairs will be finished before cleaning.
south-hackensack|For a home handoff or unfinished punch list, share the specific items and target date. Separate general repairs from anything that needs an electrician.|Small household fixes~List sticking doors, loose hardware and other repairs with quantities and photos.|Electrical items~Describe the exact symptom or finding and the location of each affected item.|Cleaning before the handoff~State whether the home will be empty and list rooms, appliances and cabinets to include.
south-orange|If a plumbing issue has damaged a wall, describe both the source and the finish you want restored. Tell us what has been repaired already.|Plumbing repairs~Explain where water appears, when it happens and any earlier diagnosis.|Drywall repairs~Show the damaged area and state whether the source has been fixed and the surface is dry.|Painting after patching~Identify the room and whether the repaired area or the full wall needs painting.
sparta|Bathroom work is easier to scope when fixture changes and surface repairs are separate. Tell us what is staying, what is moving and any access or system constraints.|Bathroom plumbing~List fixtures and repair symptoms, including whether a layout change is planned.|Yard work around existing systems~For related outdoor work, share known system locations and areas that must remain accessible.|Tile and grout repairs~Photograph the surface and estimate the area. Note whether matching tile is available and what work must happen first.
springfield|Changing a room layout may involve fixtures, lights and the walls around them. Describe the finished layout you want and which parts are already underway.|Move or replace plumbing fixtures~Name the fixtures and say whether each will stay in its current position.|Lighting changes~List fixtures, switches or outlets to change and their proposed locations.|Repair walls after the work~Show openings and unfinished surfaces, and note whether the plumbing and electrical tasks are complete.
stanhope|A short repair list before a move can cover several kinds of work. Share the actual items, photos and target date so the request is easy to assess.|Doors, hardware and small repairs~List each item and quantity, with a photo showing the problem.|Electrical corrections~Include any written finding or describe the affected light, switch or outlet.|Move-related cleaning~State whether the home will be empty and which rooms, appliances or cabinets need attention.
stillwater|An equipment problem can lead to electrical work and a wall repair afterward. Start with the symptoms and share any diagnosis already made.|Heating and cooling service~Describe the equipment, unusual operation and areas affected. Include accessible model information.|Electrical work for equipment~Share specifications or existing findings and the proposed connection location.|Finish walls after access work~Photograph openings or damage and state whether the work behind the surface is complete.
sussex|If a previous repair has not solved the problem, tell us what changed and what still happens. Photos and the earlier scope can make the next request clearer.|Plumbing follow-up~Describe the fixture, completed work and any remaining leak or performance issue.|Heating and cooling concerns~Share the symptoms, equipment type and findings from an earlier visit.|Small repairs left behind~List trim, doors or access panels needing attention once the underlying issue is resolved.
teaneck|Cooling trouble or an equipment replacement can involve the space around the unit too. Tell us the main symptom and any related electrical or yard work already identified.|Heating and cooling service~Describe performance changes, affected rooms and equipment details.|Electrical connections~Share the equipment specifications and any professional findings about the supply or connection.|Clear or restore nearby planting~Show the area around the unit and describe access, cleanup or replanting needs.
tenafly|For exterior repairs, show the damaged area and a wider view of the home. Explain which details you want preserved and whether the goal is repair or replacement.|Exterior painting~Identify peeling or worn surfaces and any trim repairs needed before preparation.|Masonry repairs~Show cracks, missing mortar or loose pieces and the surrounding material to be matched.|Roof repairs~Describe leaks or visible damage and provide photos taken from a safe ground-level position.
teterboro|Water concerns are easier to assess when the timing and location are clear. Tell us whether the issue follows fixture use, rainfall or another change.|Plumbing problems~Describe the affected fixture and symptoms, including prior diagnosis or repairs.|Gutter and downspout work~Show visible overflow or damage from the ground and identify the discharge point.|Yard cleanup or assessment~Photograph the area and explain when water collects or what planting work you want done.
totowa|A fence repair or yard cleanup can also leave materials to remove. Show what is damaged, what you want kept and what should be taken away.|Small fence and hardware repairs~Photograph the affected panels, gate or hardware and explain whether you want repair or replacement.|Clear and refresh the yard~Identify plants to retain and areas needing cleanup or planting.|Haul away unwanted materials~List material types and quantities, including bulky pieces and the route to the pickup point.
union-city|Heating work may involve several parts of the home. Describe the symptoms and share an existing diagnosis rather than trying to determine the technical fix yourself.|Heating system service~Include the equipment type, model information and what happens when the system runs.|Related piping work~Share any professional findings or proposed scope for plumbing connections.|Visible chimney masonry damage~Share ground-level photos of damaged brick or mortar and any existing inspection findings. Confirm the professional's qualifications for the specific work; exterior masonry repair does not establish that a chimney or vent is safe to use.
union-township|If you are changing an outdoor space, show the paths, beds and trees together. Tell us which features should stay and which part of the project matters most.|Patios, steps and paths~Photograph damage or the area to be changed and include approximate dimensions.|Planting and landscape work~Mark what to retain or remove and explain your preferred upkeep level.|Tree work~Show trees and surrounding structures from a safe distance and describe the assessment or work requested.
upper-saddle-river|A comfortable, finished room may need more than a coat of paint. Tell us about wall damage or heating and cooling problems before describing the final finish.|Wall and ceiling repairs~Show cracks, holes or stains and mention any underlying cause that has been investigated.|Uneven heating or cooling~Describe which rooms are affected, when the problem occurs and the equipment type.|Painting the finished surfaces~Name the walls, ceilings and trim, and note repairs that need completing first.
vernon|If the house is not heating properly or a related repair is unfinished, start with the symptoms. Include existing findings and photos you can take safely.|Heating and cooling repairs~Describe unusual operation, affected areas and equipment details.|Exterior chimney masonry~Share existing inspection findings and ground-level photos of damaged brick or mortar. Confirm the professional’s qualifications for the work; an exterior repair does not establish that the chimney is safe to use.|Pipe and fixture repairs~Explain leaks or other symptoms and whether any related equipment work has already been completed.
verona|Making an extra space more useful can involve small repairs, electrical work and the area outside it. Tell us how you want to use the space and what needs changing.|Doors, storage and small repairs~List the specific items, dimensions and photos of damaged details.|Electrical work~Describe lights, outlets or equipment connections and their intended locations.|Outdoor cleanup and planting~Show the surrounding area and identify what to keep, clear or replant.
victory-gardens|A room refresh is easier once unwanted items are out of the way. Tell us what needs removing, which surfaces need painting and the cleaning you want afterward.|Remove furniture and junk~List items and approximate volume, with stairs or narrow access details.|Paint the cleared space~Name walls, ceilings or trim and include any damaged areas needing preparation.|Clean after the work~Specify rooms and surfaces and whether removal and painting will be finished first.
waldwick|A tree job and the cleanup afterward should be clearly described. Show the tree or fallen material and explain what you want the yard to look like once the work is finished.|Tree and branch work~Provide safe ground-level photos and note nearby structures and equipment access.|Restore lawn or planting~Identify areas affected by the work and plants to retain.|Remove other unwanted items~List household junk or mixed debris separately from tree material, including quantities and access.
wallington|A repair inside and work outside can be submitted with one clear description. List the jobs separately and identify the one you want addressed first.|Wall and ceiling repairs~Photograph damage and note any leak or other cause still needing attention.|Exterior masonry~Show cracked, loose or uneven sections and the surrounding surface.|Planting and yard cleanup~Identify what stays, what should be removed and any areas needing restoration after repairs.
walpack|Repairing an older exterior detail starts with showing what you want to preserve. Include both close-ups of the damage and a wider view of the feature.|Exterior painting~Describe worn surfaces and any preparation or trim repair needed before painting.|Masonry repair~Show the material, pattern and damage, including an intact area for comparison.|Small wood and trim repairs~List damaged pieces and whether matching material is available or needs to be sourced.
wanaque|When tree work and yard repairs share a space, explain the sequence you have in mind. Show the full area and identify features you want protected.|Tree work~Photograph the tree and nearby structures from the ground and describe access constraints.|Yard restoration~Explain cleanup, soil repair or planting needed after other work.|Masonry repairs~Show damaged paving, steps or walls and note any nearby work that must happen first.
wantage|Equipment trouble is easier to explain with symptoms and model details. Share any existing findings so related plumbing or electrical tasks can be identified accurately.|Heating and cooling service~Describe what the system does, which areas are affected and any recent change.|Plumbing repairs~Name the fixture or connection and describe leaks or performance problems.|Electrical repairs~Identify affected equipment, lights or outlets and share any professional diagnosis already available.
washington-borough|A project list may include an interior repair and an outdoor improvement. Tell us what each job involves and which one you want to tackle first.|Wall and ceiling repairs~Show the damaged area and describe whether the underlying cause has been resolved.|Patio and masonry work~Photograph cracked or uneven surfaces and estimate the area to repair or change.|Electrical work~List lights, outlets or equipment connections, with the symptom or intended change for each.
washington-township-bergen|A room repair can involve fixtures, electrical work and the wall finish. Tell us what needs fixing first and what has already been completed.|Plumbing repairs~Describe the fixture, symptoms and any earlier diagnosis or work.|Electrical repairs~Identify affected lights, switches or outlets and the repair or replacement you want.|Drywall restoration~Show openings or damaged surfaces and say whether the work behind them is complete.
washington-township-morris|An outdoor refresh can start with tree work, a patio repair or planting. Show the whole area and explain which features should remain.|Tree work~Provide ground-level photos of the tree and nearby structures, including the access route.|Patio and masonry repairs~Show loose, sunken or cracked sections and the surrounding surface.|Yard and bed improvements~Identify plants to keep and describe cleanup or replanting needed after other work.
washington-township-warren|If a tree, driveway edge or path needs attention, show how the areas connect. Describe what happens during rain and the repairs you want assessed.|Tree work~Show the tree and nearby structures safely from the ground and explain the requested work.|Yard and driveway-edge concerns~Photograph the area and describe runoff or overgrowth without assuming a particular drainage solution.|Walkway repairs~Show uneven, loose or cracked sections and estimate the repair area.
wayne|Water damage can have more than one possible source. Tell us when it appears, where it starts and what has already been checked before requesting the finishing repair.|Repair damaged drywall~Show stains, openings or damaged surfaces and state whether the cause has been resolved.|Yard water concerns~Describe what happens during rain and how long water remains, with photos of the surrounding area.|Plumbing leaks~Identify any connection to fixture use and share earlier diagnosis or repairs.
weehawken|A plumbing repair in a home or shared building can leave wall and paint work behind. Include access arrangements and explain which part of the job is already complete.|Plumbing repairs~Describe the fixture and symptoms, plus any building coordination needed for access or shutoffs.|Patch walls and ceilings~Show the damaged area and confirm whether the underlying problem has been fixed.|Paint after the repair~Identify the surfaces and say whether you want a patch blended or the full room repainted.
west-caldwell|If several repairs are connected, explain the whole project and the work already done. That helps distinguish the trade visit from the finishing work that follows.|Electrical repairs~List affected lights, outlets or other items and any existing professional findings.|Plumbing repairs~Describe leaks, fixture problems or replacements and whether locations will change.|Finish the walls~Photograph openings or damage and say whether the underlying work is complete.
west-milford|Outdoor improvements need a clear picture of the space and its constraints. Tell us what you want changed and share known system locations or existing professional findings.|Landscaping and cleanup~Mark plants to keep and areas to clear, including spaces that must remain accessible.|Patios, paths and masonry~Show the current surface, damage and approximate dimensions of the proposed work.|Plumbing concerns~Describe household symptoms and mention any private system relevant to the request without guessing at the repair.
west-new-york|Changing how a room is used can mean updating connections and repairing the surfaces afterward. Describe the intended use, the current layout and any building access requirements.|Electrical changes~List lights, outlets or equipment and their intended locations, with existing findings if available.|Plumbing changes~Name fixtures to repair, replace or move and share the proposed layout.|Drywall finishing~Show openings or unfinished surfaces and state whether trade work behind them is complete.
west-orange|Tree work can leave planting beds and paved surfaces needing attention. Tell us what you want assessed first and how you want the area restored.|Tree work~Show the tree and nearby structures from the ground and describe safe equipment access.|Replacement planting~Identify what you want kept or replanted and the maintenance level you prefer.|Masonry repairs~Photograph damaged or uneven surfaces and note any other work that needs completing first.
westfield|A porch or entrance refresh often comes down to a few visible details. Show what is worn or damaged and explain the look you want to preserve.|Trim and exterior painting~Identify peeling surfaces and any repair needed before preparation and paint.|Porch details and hardware~List loose trim, sticking doors or damaged hardware with photos of each issue.|Steps and masonry~Show cracks, loose pieces or missing mortar and the complete entrance for context.
westwood|A repair list before a move is easier to manage when fixtures and electrical items are specific. Share the list and the cleaning needed after the work.|Plumbing fixtures~Describe leaks, poor operation or replacement plans and any earlier findings.|Electrical items~Identify each light, switch or outlet involved and the symptom or required change.|Cleaning after repairs~State whether rooms will be empty and list appliance interiors, cabinets or other areas to include.
wharton|A heating or plumbing problem can leave a room needing restoration. Start with what is not working, then show the wall or ceiling repairs that remain.|Heating and cooling service~Describe the symptoms, equipment type and affected rooms, with model details if accessible.|Plumbing repairs~Explain the fixture or pipe issue and any diagnosis or completed work.|Drywall repairs~Show damaged surfaces or access openings and confirm whether the underlying issue is resolved.
white-township|A useful request separates a surface repair from equipment work and smaller finishing tasks. Tell us your priority and include photos of each part.|Masonry repairs~Show cracked, loose or uneven areas and the surrounding steps, path or wall.|Electrical work for equipment~Share the equipment specifications and intended location for an electrician to assess.|Small household repairs~List doors, trim or hardware needing attention, with quantities and photos.
winfield|Refreshing a room can be straightforward when the repairs, painting and cleaning are listed in order. Tell us what needs fixing before the finish work begins.|Paint walls and trim~Name the surfaces and any preparation needed, including patches or damaged finish.|Small repairs before painting~List doors, hardware or trim that need attention and show the problem in a photo.|Clean the finished space~Specify rooms and surfaces and say whether repairs and painting will be complete before cleaning.
wood-ridge|An entrance project may include a path, the planting beside it and a few small repairs. Show the full area and tell us what you want to keep.|Masonry and walking surfaces~Photograph loose, cracked or uneven sections and estimate the affected area.|Planting and cleanup~Identify plants to retain and areas to clear or restore after the repair.|Doors, trim and hardware~List the small details that need fixing and include close photos of each problem.
woodcliff-lake|A yard corner can become more useful with focused planting, tree work or a repaired path. Show the space and explain the change you want to make.|Refresh the planting layout~Mark what should stay or go and describe your preferred maintenance level.|Tree work nearby~Photograph the tree and surrounding structures from the ground and explain the requested assessment or work.|Repair masonry surfaces~Show damaged paving or other features and note any tree or planting work planned in the same area.
woodland-park|When equipment needs repair or replacement, share symptoms and model information first. Include related electrical or plumbing findings so the scope is clear.|Heating and cooling service~Describe unusual operation, comfort problems and any diagnosis already made.|Electrical connections~Share equipment specifications and the proposed location or existing connection issue.|Plumbing repairs~Explain leaks or other symptoms and include any professional findings related to the equipment.
wyckoff|A repair is easier to hand over when the unfinished tasks are clear. Tell us which plumbing or electrical work remains and what needs restoring afterward.|Plumbing work~Describe fixtures, symptoms and work already completed, with accessible photos.|Electrical work~List affected lights, outlets or connections and share earlier findings where available.|Wall and ceiling finishing~Show openings or damaged surfaces and confirm whether the work behind them is complete.
hanover-township|A loose step, worn path or overgrown bed can make an entrance less welcoming. Show the outdoor area and tell us which repair or cleanup would make the biggest difference.|Paths and steps~Photograph loose, uneven or cracked sections, with a wider view of the entrance and approximate dimensions.|Beds and yard cleanup~Mark plants to keep and areas to clear, and mention gates or narrow access for removing material.|Small entrance repairs~List door, trim or hardware problems separately from masonry work, with a photo of each issue.
livingston|A sticking door, unfinished wall or room needing paint can start with one repair list. Tell us what you want fixed first and the finish you have in mind.|Doors and small repairs~Show where a door catches or hardware fails, and group other small tasks with quantities and photos.|Walls ready for repair~Photograph holes, damaged seams or unfinished patches and note any underlying issue still to resolve.|Painting the finished room~Name the walls, ceilings or trim and say whether you want a small area blended or a full repaint.
summit|A bathroom project may need a fixture repair before the tile or wall can be finished. Tell us what is leaking, what is damaged and what you want to keep.|Bathroom plumbing~Describe the fixture and symptoms and whether the repair or replacement will keep the existing layout.|Tile and grout~Show damaged or loose areas and say whether matching tile is available.|Finish the wall after repairs~Photograph access openings or damaged surfaces and confirm whether the underlying work is complete.
